{
    "_id": "ABW",
    "altSpellings": [
        "AW"
    ],
    "area": 180,
    "borders": [],
    "callingCode": [
        "297"
    ],
    "capital": "Oranjestad",
    "cca2": "AW",
    "cca3": "ABW",
    "ccn3": "533",
    "cioc": "ARU",
    "currency": [
        "AWG"
    ],
    "demonym": "Aruban",
    "landlocked": false,
    "languages": {
        "nld": "Dutch",
        "pap": "Papiamento"
    },
    "latlng": [
        12.5,
        -69.96666666
    ],
    "name": {
        "common": "Aruba",
        "native": {
            "nld": {
                "common": "Aruba",
                "official": "Aruba"
            },
            "pap": {
                "common": "Aruba",
                "official": "Aruba"
            }
        },
        "official": "Aruba"
    },
    "region": "Americas",
    "subregion": "Caribbean",
    "tld": [
        ".aw"
    ],
    "translations": {
        "deu": {
            "common": "Aruba",
            "official": "Aruba"
        },
        "fin": {
            "common": "Aruba",
            "official": "Aruba"
        },
        "fra": {
            "common": "Aruba",
            "official": "Aruba"
        },
        "hrv": {
            "common": "Aruba",
            "official": "Aruba"
        },
        "ita": {
            "common": "Aruba",
            "official": "Aruba"
        },
        "jpn": {
            "common": "\u30a2\u30eb\u30d0",
            "official": "\u30a2\u30eb\u30d0"
        },
        "nld": {
            "common": "Aruba",
            "official": "Aruba"
        },
        "por": {
            "common": "Aruba",
            "official": "Aruba"
        },
        "rus": {
            "common": "\u0410\u0440\u0443\u0431\u0430",
            "official": "\u0410\u0440\u0443\u0431\u0430"
        },
        "spa": {
            "common": "Aruba",
            "official": "Aruba"
        }
    },
    "coordinate": {
        "latitude": 12.5,
        "longitude": -69.96666666
    }
}