{
    "_id": "AFG",
    "altSpellings": [
        "AF",
        "Af\u0121\u0101nist\u0101n"
    ],
    "area": 652230,
    "borders": [
        "IRN",
        "PAK",
        "TKM",
        "UZB",
        "TJK",
        "CHN"
    ],
    "callingCode": [
        "93"
    ],
    "capital": "Kabul",
    "cca2": "AF",
    "cca3": "AFG",
    "ccn3": "004",
    "cioc": "AFG",
    "currency": [
        "AFN"
    ],
    "demonym": "Afghan",
    "landlocked": true,
    "languages": {
        "prs": "Dari",
        "pus": "Pashto",
        "tuk": "Turkmen"
    },
    "latlng": [
        33,
        65
    ],
    "name": {
        "common": "Afghanistan",
        "native": {
            "prs": {
                "common": "\u0627\u0641\u063a\u0627\u0646\u0633\u062a\u0627\u0646",
                "official": "\u062c\u0645\u0647\u0648\u0631\u06cc \u0627\u0633\u0644\u0627\u0645\u06cc \u0627\u0641\u063a\u0627\u0646\u0633\u062a\u0627\u0646"
            },
            "pus": {
                "common": "\u0627\u0641\u063a\u0627\u0646\u0633\u062a\u0627\u0646",
                "official": "\u062f \u0627\u0641\u063a\u0627\u0646\u0633\u062a\u0627\u0646 \u0627\u0633\u0644\u0627\u0645\u064a \u062c\u0645\u0647\u0648\u0631\u06cc\u062a"
            },
            "tuk": {
                "common": "Owganystan",
                "official": "Owganystan Yslam Respublikasy"
            }
        },
        "official": "Islamic Republic of Afghanistan"
    },
    "region": "Asia",
    "subregion": "Southern Asia",
    "tld": [
        ".af"
    ],
    "translations": {
        "cym": {
            "common": "Affganistan",
            "official": "Islamic Republic of Afghanistan"
        },
        "deu": {
            "common": "Afghanistan",
            "official": "Islamischen Republik Afghanistan"
        },
        "fin": {
            "common": "Afganistan",
            "official": "Afganistanin islamilainen tasavalta"
        },
        "fra": {
            "common": "Afghanistan",
            "official": "R\u00e9publique islamique d'Afghanistan"
        },
        "hrv": {
            "common": "Afganistan",
            "official": "Islamska Republika Afganistan"
        },
        "ita": {
            "common": "Afghanistan",
            "official": "Repubblica islamica dell'Afghanistan"
        },
        "jpn": {
            "common": "\u30a2\u30d5\u30ac\u30cb\u30b9\u30bf\u30f3",
            "official": "\u30a2\u30d5\u30ac\u30cb\u30b9\u30bf\u30f3\u00b7\u30a4\u30b9\u30e9\u30e0\u5171\u548c\u56fd"
        },
        "nld": {
            "common": "Afghanistan",
            "official": "Islamitische Republiek Afghanistan"
        },
        "por": {
            "common": "Afeganist\u00e3o",
            "official": "Rep\u00fablica Isl\u00e2mica do Afeganist\u00e3o"
        },
        "rus": {
            "common": "\u0410\u0444\u0433\u0430\u043d\u0438\u0441\u0442\u0430\u043d",
            "official": "\u0418\u0441\u043b\u0430\u043c\u0441\u043a\u0430\u044f \u0420\u0435\u0441\u043f\u0443\u0431\u043b\u0438\u043a\u0430 \u0410\u0444\u0433\u0430\u043d\u0438\u0441\u0442\u0430\u043d"
        },
        "spa": {
            "common": "Afganist\u00e1n",
            "official": "Rep\u00fablica Isl\u00e1mica de Afganist\u00e1n"
        }
    },
    "coordinate": {
        "latitude": 33,
        "longitude": 65
    }
}