{
    "_id": "AGO",
    "altSpellings": [
        "AO",
        "Rep\u00fablica de Angola",
        "\u0281\u025bpublika de an'\u0261\u0254la"
    ],
    "area": 1246700.0,
    "borders": [
        "COG",
        "COD",
        "ZMB",
        "NAM"
    ],
    "callingCode": [
        "244"
    ],
    "capital": "Luanda",
    "cca2": "AO",
    "cca3": "AGO",
    "ccn3": "024",
    "cioc": "ANG",
    "currency": [
        "AOA"
    ],
    "demonym": "Angolan",
    "landlocked": false,
    "languages": {
        "por": "Portuguese"
    },
    "latlng": [
        -12.5,
        18.5
    ],
    "name": {
        "common": "Angola",
        "native": {
            "por": {
                "common": "Angola",
                "official": "Rep\u00fablica de Angola"
            }
        },
        "official": "Republic of Angola"
    },
    "region": "Africa",
    "subregion": "Middle Africa",
    "tld": [
        ".ao"
    ],
    "translations": {
        "cym": {
            "common": "Angola",
            "official": "Republic of Angola"
        },
        "deu": {
            "common": "Angola",
            "official": "Republik Angola"
        },
        "fin": {
            "common": "Angola",
            "official": "Angolan tasavalta"
        },
        "fra": {
            "common": "Angola",
            "official": "R\u00e9publique d'Angola"
        },
        "hrv": {
            "common": "Angola",
            "official": "Republika Angola"
        },
        "ita": {
            "common": "Angola",
            "official": "Repubblica dell'Angola"
        },
        "jpn": {
            "common": "\u30a2\u30f3\u30b4\u30e9",
            "official": "\u30a2\u30f3\u30b4\u30e9\u5171\u548c\u56fd"
        },
        "nld": {
            "common": "Angola",
            "official": "Republiek Angola"
        },
        "por": {
            "common": "Angola",
            "official": "Rep\u00fablica de Angola"
        },
        "rus": {
            "common": "\u0410\u043d\u0433\u043e\u043b\u0430",
            "official": "\u0420\u0435\u0441\u043f\u0443\u0431\u043b\u0438\u043a\u0430 \u0410\u043d\u0433\u043e\u043b\u0430"
        },
        "spa": {
            "common": "Angola",
            "official": "Rep\u00fablica de Angola"
        }
    },
    "coordinate": {
        "latitude": -12.5,
        "longitude": 18.5
    }
}