{
    "_id": "AIA",
    "altSpellings": [
        "AI"
    ],
    "area": 91,
    "borders": [],
    "callingCode": [
        "1264"
    ],
    "capital": "The Valley",
    "cca2": "AI",
    "cca3": "AIA",
    "ccn3": "660",
    "cioc": "",
    "currency": [
        "XCD"
    ],
    "demonym": "Anguillian",
    "landlocked": false,
    "languages": {
        "eng": "English"
    },
    "latlng": [
        18.25,
        -63.16666666
    ],
    "name": {
        "common": "Anguilla",
        "native": {
            "eng": {
                "common": "Anguilla",
                "official": "Anguilla"
            }
        },
        "official": "Anguilla"
    },
    "region": "Americas",
    "subregion": "Caribbean",
    "tld": [
        ".ai"
    ],
    "translations": {
        "deu": {
            "common": "Anguilla",
            "official": "Anguilla"
        },
        "fin": {
            "common": "Anguilla",
            "official": "Anguilla"
        },
        "fra": {
            "common": "Anguilla",
            "official": "Anguilla"
        },
        "hrv": {
            "common": "Angvila",
            "official": "Anguilla"
        },
        "ita": {
            "common": "Anguilla",
            "official": "Anguilla"
        },
        "jpn": {
            "common": "\u30a2\u30f3\u30ae\u30e9",
            "official": "\u30a2\u30f3\u30b0\u30a3\u30e9"
        },
        "nld": {
            "common": "Anguilla",
            "official": "Anguilla"
        },
        "por": {
            "common": "Anguilla",
            "official": "Anguilla"
        },
        "rus": {
            "common": "\u0410\u043d\u0433\u0438\u043b\u044c\u044f",
            "official": "\u0410\u043d\u0433\u0438\u043b\u044c\u044f"
        },
        "spa": {
            "common": "Anguilla",
            "official": "Anguila"
        }
    },
    "coordinate": {
        "latitude": 18.25,
        "longitude": -63.16666666
    }
}