{
    "_id": "ALA",
    "altSpellings": [
        "AX",
        "Aaland",
        "Aland",
        "Ahvenanmaa"
    ],
    "area": 1580,
    "borders": [],
    "callingCode": [
        "358"
    ],
    "capital": "Mariehamn",
    "cca2": "AX",
    "cca3": "ALA",
    "ccn3": "248",
    "cioc": "",
    "currency": [
        "EUR"
    ],
    "demonym": "\u00c5landish",
    "landlocked": false,
    "languages": {
        "swe": "Swedish"
    },
    "latlng": [
        60.116667,
        19.9
    ],
    "name": {
        "common": "\u00c5land Islands",
        "native": {
            "swe": {
                "common": "\u00c5land",
                "official": "Landskapet \u00c5land"
            }
        },
        "official": "\u00c5land Islands"
    },
    "region": "Europe",
    "subregion": "Northern Europe",
    "tld": [
        ".ax"
    ],
    "translations": {
        "deu": {
            "common": "\u00c5land",
            "official": "\u00c5land-Inseln"
        },
        "fin": {
            "common": "Ahvenanmaa",
            "official": "Ahvenanmaan maakunta"
        },
        "fra": {
            "common": "\u00c5land",
            "official": "\u00eeles \u00c5land"
        },
        "hrv": {
            "common": "\u00c5landski otoci",
            "official": "Aland Islands"
        },
        "ita": {
            "common": "Isole Aland",
            "official": "Isole \u00c5land"
        },
        "jpn": {
            "common": "\u30aa\u30fc\u30e9\u30f3\u30c9\u8af8\u5cf6",
            "official": "\u30aa\u30fc\u30e9\u30f3\u30c9\u8af8\u5cf6"
        },
        "nld": {
            "common": "\u00c5landeilanden",
            "official": "\u00c5land eilanden"
        },
        "por": {
            "common": "Al\u00e2ndia",
            "official": "Ilhas \u00c5land"
        },
        "rus": {
            "common": "\u0410\u043b\u0430\u043d\u0434\u0441\u043a\u0438\u0435 \u043e\u0441\u0442\u0440\u043e\u0432\u0430",
            "official": "\u0410\u043b\u0430\u043d\u0434\u0441\u043a\u0438\u0435 \u043e\u0441\u0442\u0440\u043e\u0432\u0430"
        },
        "spa": {
            "common": "Alandia",
            "official": "Islas \u00c5land"
        }
    },
    "coordinate": {
        "latitude": 60.116667,
        "longitude": 19.9
    }
}