{
    "_id": "ALB",
    "altSpellings": [
        "AL",
        "Shqip\u00ebri",
        "Shqip\u00ebria",
        "Shqipnia"
    ],
    "area": 28748,
    "borders": [
        "MNE",
        "GRC",
        "MKD",
        "KOS"
    ],
    "callingCode": [
        "355"
    ],
    "capital": "Tirana",
    "cca2": "AL",
    "cca3": "ALB",
    "ccn3": "008",
    "cioc": "ALB",
    "currency": [
        "ALL"
    ],
    "demonym": "Albanian",
    "landlocked": false,
    "languages": {
        "sqi": "Albanian"
    },
    "latlng": [
        41,
        20
    ],
    "name": {
        "common": "Albania",
        "native": {
            "sqi": {
                "common": "Shqip\u00ebria",
                "official": "Republika e Shqip\u00ebris\u00eb"
            }
        },
        "official": "Republic of Albania"
    },
    "region": "Europe",
    "subregion": "Southern Europe",
    "tld": [
        ".al"
    ],
    "translations": {
        "cym": {
            "common": "Albania",
            "official": "Republic of Albania"
        },
        "deu": {
            "common": "Albanien",
            "official": "Republik Albanien"
        },
        "fin": {
            "common": "Albania",
            "official": "Albanian tasavalta"
        },
        "fra": {
            "common": "Albanie",
            "official": "R\u00e9publique d'Albanie"
        },
        "hrv": {
            "common": "Albanija",
            "official": "Republika Albanija"
        },
        "ita": {
            "common": "Albania",
            "official": "Repubblica d' Albania"
        },
        "jpn": {
            "common": "\u30a2\u30eb\u30d0\u30cb\u30a2",
            "official": "\u30a2\u30eb\u30d0\u30cb\u30a2\u5171\u548c\u56fd"
        },
        "nld": {
            "common": "Albani\u00eb",
            "official": "Republiek Albani\u00eb"
        },
        "por": {
            "common": "Alb\u00e2nia",
            "official": "Rep\u00fablica da Alb\u00e2nia"
        },
        "rus": {
            "common": "\u0410\u043b\u0431\u0430\u043d\u0438\u044f",
            "official": "\u0420\u0435\u0441\u043f\u0443\u0431\u043b\u0438\u043a\u0430 \u0410\u043b\u0431\u0430\u043d\u0438\u044f"
        },
        "spa": {
            "common": "Albania",
            "official": "Rep\u00fablica de Albania"
        }
    },
    "coordinate": {
        "latitude": 41,
        "longitude": 20
    }
}