{
    "_id": "AND",
    "altSpellings": [
        "AD",
        "Principality of Andorra",
        "Principat d'Andorra"
    ],
    "area": 468,
    "borders": [
        "FRA",
        "ESP"
    ],
    "callingCode": [
        "376"
    ],
    "capital": "Andorra la Vella",
    "cca2": "AD",
    "cca3": "AND",
    "ccn3": "020",
    "cioc": "AND",
    "currency": [
        "EUR"
    ],
    "demonym": "Andorran",
    "landlocked": true,
    "languages": {
        "cat": "Catalan"
    },
    "latlng": [
        42.5,
        1.5
    ],
    "name": {
        "common": "Andorra",
        "native": {
            "cat": {
                "common": "Andorra",
                "official": "Principat d'Andorra"
            }
        },
        "official": "Principality of Andorra"
    },
    "region": "Europe",
    "subregion": "Southern Europe",
    "tld": [
        ".ad"
    ],
    "translations": {
        "cym": {
            "common": "Andorra",
            "official": "Principality of Andorra"
        },
        "deu": {
            "common": "Andorra",
            "official": "F\u00fcrstentum Andorra"
        },
        "fin": {
            "common": "Andorra",
            "official": "Andorran ruhtinaskunta"
        },
        "fra": {
            "common": "Andorre",
            "official": "Principaut\u00e9 d'Andorre"
        },
        "hrv": {
            "common": "Andora",
            "official": "Kne\u017eevina Andora"
        },
        "ita": {
            "common": "Andorra",
            "official": "Principato di Andorra"
        },
        "jpn": {
            "common": "\u30a2\u30f3\u30c9\u30e9",
            "official": "\u30a2\u30f3\u30c9\u30e9\u516c\u56fd"
        },
        "nld": {
            "common": "Andorra",
            "official": "Prinsdom Andorra"
        },
        "por": {
            "common": "Andorra",
            "official": "Principado de Andorra"
        },
        "rus": {
            "common": "\u0410\u043d\u0434\u043e\u0440\u0440\u0430",
            "official": "\u041a\u043d\u044f\u0436\u0435\u0441\u0442\u0432\u043e \u0410\u043d\u0434\u043e\u0440\u0440\u0430"
        },
        "spa": {
            "common": "Andorra",
            "official": "Principado de Andorra"
        }
    },
    "coordinate": {
        "latitude": 42.5,
        "longitude": 1.5
    }
}