{
    "_id": "ARE",
    "altSpellings": [
        "AE",
        "UAE",
        "Emirates"
    ],
    "area": 83600,
    "borders": [
        "OMN",
        "SAU"
    ],
    "callingCode": [
        "971"
    ],
    "capital": "Abu Dhabi",
    "cca2": "AE",
    "cca3": "ARE",
    "ccn3": "784",
    "cioc": "UAE",
    "currency": [
        "AED"
    ],
    "demonym": "Emirati",
    "landlocked": false,
    "languages": {
        "ara": "Arabic"
    },
    "latlng": [
        24,
        54
    ],
    "name": {
        "common": "United Arab Emirates",
        "native": {
            "ara": {
                "common": "\u062f\u0648\u0644\u0629 \u0627\u0644\u0625\u0645\u0627\u0631\u0627\u062a \u0627\u0644\u0639\u0631\u0628\u064a\u0629 \u0627\u0644\u0645\u062a\u062d\u062f\u0629",
                "official": "\u0627\u0644\u0625\u0645\u0627\u0631\u0627\u062a \u0627\u0644\u0639\u0631\u0628\u064a\u0629 \u0627\u0644\u0645\u062a\u062d\u062f\u0629"
            }
        },
        "official": "United Arab Emirates"
    },
    "region": "Asia",
    "subregion": "Western Asia",
    "tld": [
        ".ae",
        "\u0627\u0645\u0627\u0631\u0627\u062a."
    ],
    "translations": {
        "deu": {
            "common": "Vereinigte Arabische Emirate",
            "official": "Vereinigte Arabische Emirate"
        },
        "fin": {
            "common": "Arabiemiraatit",
            "official": "Yhdistyneet arabiemiirikunnat"
        },
        "fra": {
            "common": "\u00c9mirats arabes unis",
            "official": "\u00c9mirats arabes unis"
        },
        "hrv": {
            "common": "Ujedinjeni Arapski Emirati",
            "official": "Ujedinjeni Arapski Emirati"
        },
        "ita": {
            "common": "Emirati Arabi Uniti",
            "official": "Emirati Arabi Uniti"
        },
        "jpn": {
            "common": "\u30a2\u30e9\u30d6\u9996\u9577\u56fd\u9023\u90a6",
            "official": "\u30a2\u30e9\u30d6\u9996\u9577\u56fd\u9023\u90a6"
        },
        "nld": {
            "common": "Verenigde Arabische Emiraten",
            "official": "Verenigde Arabische Emiraten"
        },
        "por": {
            "common": "Emirados \u00c1rabes Unidos",
            "official": "Emirados \u00c1rabes Unidos"
        },
        "rus": {
            "common": "\u041e\u0431\u044a\u0435\u0434\u0438\u043d\u0451\u043d\u043d\u044b\u0435 \u0410\u0440\u0430\u0431\u0441\u043a\u0438\u0435 \u042d\u043c\u0438\u0440\u0430\u0442\u044b",
            "official": "\u041e\u0431\u044a\u0435\u0434\u0438\u043d\u0435\u043d\u043d\u044b\u0435 \u0410\u0440\u0430\u0431\u0441\u043a\u0438\u0435 \u042d\u043c\u0438\u0440\u0430\u0442\u044b"
        },
        "spa": {
            "common": "Emiratos \u00c1rabes Unidos",
            "official": "Emiratos \u00c1rabes Unidos"
        }
    },
    "coordinate": {
        "latitude": 24,
        "longitude": 54
    }
}