{
    "_id": "ARG",
    "altSpellings": [
        "AR",
        "Argentine Republic",
        "Rep\u00fablica Argentina"
    ],
    "area": 2780400.0,
    "borders": [
        "BOL",
        "BRA",
        "CHL",
        "PRY",
        "URY"
    ],
    "callingCode": [
        "54"
    ],
    "capital": "Buenos Aires",
    "cca2": "AR",
    "cca3": "ARG",
    "ccn3": "032",
    "cioc": "ARG",
    "currency": [
        "ARS"
    ],
    "demonym": "Argentinean",
    "landlocked": false,
    "languages": {
        "grn": "Guaran\u00ed",
        "spa": "Spanish"
    },
    "latlng": [
        -34,
        -64
    ],
    "name": {
        "common": "Argentina",
        "native": {
            "grn": {
                "common": "Argentina",
                "official": "Argentine Republic"
            },
            "spa": {
                "common": "Argentina",
                "official": "Rep\u00fablica Argentina"
            }
        },
        "official": "Argentine Republic"
    },
    "region": "Americas",
    "subregion": "South America",
    "tld": [
        ".ar"
    ],
    "translations": {
        "cym": {
            "common": "Ariannin",
            "official": "Argentine Republic"
        },
        "deu": {
            "common": "Argentinien",
            "official": "argentinische Republik"
        },
        "fin": {
            "common": "Argentiina",
            "official": "Argentiinan tasavalta"
        },
        "fra": {
            "common": "Argentine",
            "official": "R\u00e9publique argentine"
        },
        "hrv": {
            "common": "Argentina",
            "official": "Argentinski Republika"
        },
        "ita": {
            "common": "Argentina",
            "official": "Repubblica Argentina"
        },
        "jpn": {
            "common": "\u30a2\u30eb\u30bc\u30f3\u30c1\u30f3",
            "official": "\u30a2\u30eb\u30bc\u30f3\u30c1\u30f3\u5171\u548c\u56fd"
        },
        "nld": {
            "common": "Argentini\u00eb",
            "official": "Argentijnse Republiek"
        },
        "por": {
            "common": "Argentina",
            "official": "Rep\u00fablica Argentina"
        },
        "rus": {
            "common": "\u0410\u0440\u0433\u0435\u043d\u0442\u0438\u043d\u0430",
            "official": "\u0410\u0440\u0433\u0435\u043d\u0442\u0438\u043d\u0441\u043a\u0430\u044f \u0420\u0435\u0441\u043f\u0443\u0431\u043b\u0438\u043a\u0430"
        },
        "spa": {
            "common": "Argentina",
            "official": "Rep\u00fablica Argentina"
        }
    },
    "coordinate": {
        "latitude": -34,
        "longitude": -64
    }
}