{
    "_id": "ARM",
    "altSpellings": [
        "AM",
        "Hayastan",
        "Republic of Armenia",
        "\u0540\u0561\u0575\u0561\u057d\u057f\u0561\u0576\u056b \u0540\u0561\u0576\u0580\u0561\u057a\u0565\u057f\u0578\u0582\u0569\u0575\u0578\u0582\u0576"
    ],
    "area": 29743,
    "borders": [
        "AZE",
        "GEO",
        "IRN",
        "TUR"
    ],
    "callingCode": [
        "374"
    ],
    "capital": "Yerevan",
    "cca2": "AM",
    "cca3": "ARM",
    "ccn3": "051",
    "cioc": "ARM",
    "currency": [
        "AMD"
    ],
    "demonym": "Armenian",
    "landlocked": true,
    "languages": {
        "hye": "Armenian",
        "rus": "Russian"
    },
    "latlng": [
        40,
        45
    ],
    "name": {
        "common": "Armenia",
        "native": {
            "hye": {
                "common": "\u0540\u0561\u0575\u0561\u057d\u057f\u0561\u0576",
                "official": "\u0540\u0561\u0575\u0561\u057d\u057f\u0561\u0576\u056b \u0540\u0561\u0576\u0580\u0561\u057a\u0565\u057f\u0578\u0582\u0569\u0575\u0578\u0582\u0576"
            },
            "rus": {
                "common": "\u0410\u0440\u043c\u0435\u043d\u0438\u044f",
                "official": "\u0420\u0435\u0441\u043f\u0443\u0431\u043b\u0438\u043a\u0430 \u0410\u0440\u043c\u0435\u043d\u0438\u044f"
            }
        },
        "official": "Republic of Armenia"
    },
    "region": "Asia",
    "subregion": "Western Asia",
    "tld": [
        ".am"
    ],
    "translations": {
        "cym": {
            "common": "Armenia",
            "official": "Republic of Armenia"
        },
        "deu": {
            "common": "Armenien",
            "official": "Republik Armenien"
        },
        "fin": {
            "common": "Armenia",
            "official": "Armenian tasavalta"
        },
        "fra": {
            "common": "Arm\u00e9nie",
            "official": "R\u00e9publique d'Arm\u00e9nie"
        },
        "hrv": {
            "common": "Armenija",
            "official": "Republika Armenija"
        },
        "ita": {
            "common": "Armenia",
            "official": "Repubblica di Armenia"
        },
        "jpn": {
            "common": "\u30a2\u30eb\u30e1\u30cb\u30a2",
            "official": "\u30a2\u30eb\u30e1\u30cb\u30a2\u5171\u548c\u56fd"
        },
        "nld": {
            "common": "Armeni\u00eb",
            "official": "Republiek Armeni\u00eb"
        },
        "por": {
            "common": "Arm\u00e9nia",
            "official": "Rep\u00fablica da Arm\u00e9nia"
        },
        "rus": {
            "common": "\u0410\u0440\u043c\u0435\u043d\u0438\u044f",
            "official": "\u0420\u0435\u0441\u043f\u0443\u0431\u043b\u0438\u043a\u0430 \u0410\u0440\u043c\u0435\u043d\u0438\u044f"
        },
        "spa": {
            "common": "Armenia",
            "official": "Rep\u00fablica de Armenia"
        }
    },
    "coordinate": {
        "latitude": 40,
        "longitude": 45
    }
}