{
    "_id": "ASM",
    "altSpellings": [
        "AS",
        "Amerika S\u0101moa",
        "Amelika S\u0101moa",
        "S\u0101moa Amelika"
    ],
    "area": 199,
    "borders": [],
    "callingCode": [
        "1684"
    ],
    "capital": "Pago Pago",
    "cca2": "AS",
    "cca3": "ASM",
    "ccn3": "016",
    "cioc": "ASA",
    "currency": [
        "USD"
    ],
    "demonym": "American Samoan",
    "landlocked": false,
    "languages": {
        "eng": "English",
        "smo": "Samoan"
    },
    "latlng": [
        -14.33333333,
        -170
    ],
    "name": {
        "common": "American Samoa",
        "native": {
            "eng": {
                "common": "American Samoa",
                "official": "American Samoa"
            },
            "smo": {
                "common": "S\u0101moa Amelika",
                "official": "S\u0101moa Amelika"
            }
        },
        "official": "American Samoa"
    },
    "region": "Oceania",
    "subregion": "Polynesia",
    "tld": [
        ".as"
    ],
    "translations": {
        "deu": {
            "common": "Amerikanisch-Samoa",
            "official": "amerikanischen Samoa"
        },
        "fin": {
            "common": "Amerikan Samoa",
            "official": "Amerikan Samoa"
        },
        "fra": {
            "common": "Samoa am\u00e9ricaines",
            "official": "Samoa am\u00e9ricaines"
        },
        "hrv": {
            "common": "Ameri\u010dka Samoa",
            "official": "ameri\u010dka Samoa"
        },
        "ita": {
            "common": "Samoa Americane",
            "official": "Samoa americane"
        },
        "jpn": {
            "common": "\u30a2\u30e1\u30ea\u30ab\u9818\u30b5\u30e2\u30a2",
            "official": "\u7c73\u30b5\u30e2\u30a2"
        },
        "nld": {
            "common": "Amerikaans Samoa",
            "official": "Amerikaans Samoa"
        },
        "por": {
            "common": "Samoa Americana",
            "official": "Samoa americana"
        },
        "rus": {
            "common": "\u0410\u043c\u0435\u0440\u0438\u043a\u0430\u043d\u0441\u043a\u043e\u0435 \u0421\u0430\u043c\u043e\u0430",
            "official": "\u0430\u043c\u0435\u0440\u0438\u043a\u0430\u043d\u0441\u043a\u043e\u0435 \u0421\u0430\u043c\u043e\u0430"
        },
        "spa": {
            "common": "Samoa Americana",
            "official": "Samoa Americana"
        }
    },
    "coordinate": {
        "latitude": -14.33333333,
        "longitude": -170
    }
}