{
    "_id": "ATA",
    "altSpellings": [
        "AQ"
    ],
    "area": 14000000.0,
    "borders": [],
    "callingCode": [],
    "capital": "",
    "cca2": "AQ",
    "cca3": "ATA",
    "ccn3": "010",
    "cioc": "",
    "currency": [],
    "demonym": "Antarctican",
    "landlocked": false,
    "languages": {},
    "latlng": [
        -90,
        0
    ],
    "name": {
        "common": "Antarctica",
        "native": {},
        "official": "Antarctica"
    },
    "region": "",
    "subregion": "",
    "tld": [
        ".aq"
    ],
    "translations": {
        "cym": {
            "common": "Antarctica",
            "official": "Antarctica"
        },
        "deu": {
            "common": "Antarktis",
            "official": "Antarktika"
        },
        "fin": {
            "common": "Etel\u00e4manner",
            "official": "Etel\u00e4manner"
        },
        "fra": {
            "common": "Antarctique",
            "official": "Antarctique"
        },
        "hrv": {
            "common": "Antarktika",
            "official": "Antarktika"
        },
        "ita": {
            "common": "Antartide",
            "official": "Antartide"
        },
        "jpn": {
            "common": "\u5357\u6975",
            "official": "\u5357\u6975\u5927\u9678"
        },
        "nld": {
            "common": "Antarctica",
            "official": "Antarctica"
        },
        "por": {
            "common": "Ant\u00e1rtida",
            "official": "Ant\u00e1rtica"
        },
        "rus": {
            "common": "\u0410\u043d\u0442\u0430\u0440\u043a\u0442\u0438\u0434\u0430",
            "official": "\u0410\u043d\u0442\u0430\u0440\u043a\u0442\u0438\u0434\u0430"
        },
        "spa": {
            "common": "Ant\u00e1rtida",
            "official": "Ant\u00e1rtida"
        }
    },
    "coordinate": {
        "latitude": -90,
        "longitude": 0
    }
}