{
    "_id": "ATF",
    "altSpellings": [
        "TF",
        "French Southern Territories"
    ],
    "area": 7747,
    "borders": [],
    "callingCode": [],
    "capital": "Port-aux-Fran\u00e7ais",
    "cca2": "TF",
    "cca3": "ATF",
    "ccn3": "260",
    "cioc": "",
    "currency": [
        "EUR"
    ],
    "demonym": "French",
    "landlocked": false,
    "languages": {
        "fra": "French"
    },
    "latlng": [
        -49.25,
        69.167
    ],
    "name": {
        "common": "French Southern and Antarctic Lands",
        "native": {
            "fra": {
                "common": "Territoire des Terres australes et antarctiques fran\u00e7aises",
                "official": "Territoire du Sud fran\u00e7aises et des terres de l'Antarctique"
            }
        },
        "official": "Territory of the French Southern and Antarctic Lands"
    },
    "region": "",
    "subregion": "",
    "tld": [
        ".tf"
    ],
    "translations": {
        "deu": {
            "common": "Franz\u00f6sische S\u00fcd- und Antarktisgebiete",
            "official": "Gebiet der Franz\u00f6sisch S\u00fcd- und Antarktisgebiete"
        },
        "fin": {
            "common": "Ranskan etel\u00e4iset ja antarktiset alueet",
            "official": "Ranskan etel\u00e4iset ja antarktiset alueet"
        },
        "fra": {
            "common": "Terres australes et antarctiques fran\u00e7aises",
            "official": "Territoire de la Fran\u00e7aise Terres australes et antarctiques"
        },
        "hrv": {
            "common": "Francuski ju\u017eni i antarkti\u010dki teritoriji",
            "official": "Teritoriju Francuski ju\u017eni i antarkti\u010dki teritoriji"
        },
        "ita": {
            "common": "Territori Francesi del Sud",
            "official": "Territorio della australi e antartiche francesi Terre"
        },
        "jpn": {
            "common": "\u30d5\u30e9\u30f3\u30b9\u9818\u5357\u65b9\u30fb\u5357\u6975\u5730\u57df",
            "official": "\u30d5\u30e9\u30f3\u30b9\u9818\u5357\u65b9\u00b7\u5357\u6975\u5730\u57df\u306e\u9818\u571f"
        },
        "nld": {
            "common": "Franse Gebieden in de zuidelijke Indische Oceaan",
            "official": "Grondgebied van de Franse Zuidelijke en Antarctische gebieden"
        },
        "por": {
            "common": "Terras Austrais e Ant\u00e1rticas Francesas",
            "official": "Territ\u00f3rio do Sul e Ant\u00e1rtica Francesa"
        },
        "rus": {
            "common": "\u0424\u0440\u0430\u043d\u0446\u0443\u0437\u0441\u043a\u0438\u0435 \u042e\u0436\u043d\u044b\u0435 \u0438 \u0410\u043d\u0442\u0430\u0440\u043a\u0442\u0438\u0447\u0435\u0441\u043a\u0438\u0435 \u0442\u0435\u0440\u0440\u0438\u0442\u043e\u0440\u0438\u0438",
            "official": "\u0422\u0435\u0440\u0440\u0438\u0442\u043e\u0440\u0438\u044f \u0424\u0440\u0430\u043d\u0446\u0443\u0437\u0441\u043a\u0438\u0435 \u042e\u0436\u043d\u044b\u0435 \u0438 \u0410\u043d\u0442\u0430\u0440\u043a\u0442\u0438\u0447\u0435\u0441\u043a\u0438\u0435 \u0437\u0435\u043c\u043b\u0438"
        },
        "spa": {
            "common": "Tierras Australes y Ant\u00e1rticas Francesas",
            "official": "Territorio del Franc\u00e9s Tierras australes y ant\u00e1rticas"
        }
    },
    "coordinate": {
        "latitude": -49.25,
        "longitude": 69.167
    }
}