{
    "_id": "ATG",
    "altSpellings": [
        "AG"
    ],
    "area": 442,
    "borders": [],
    "callingCode": [
        "1268"
    ],
    "capital": "Saint John's",
    "cca2": "AG",
    "cca3": "ATG",
    "ccn3": "028",
    "cioc": "ANT",
    "currency": [
        "XCD"
    ],
    "demonym": "Antiguan, Barbudan",
    "landlocked": false,
    "languages": {
        "eng": "English"
    },
    "latlng": [
        17.05,
        -61.8
    ],
    "name": {
        "common": "Antigua and Barbuda",
        "native": {
            "eng": {
                "common": "Antigua and Barbuda",
                "official": "Antigua and Barbuda"
            }
        },
        "official": "Antigua and Barbuda"
    },
    "region": "Americas",
    "subregion": "Caribbean",
    "tld": [
        ".ag"
    ],
    "translations": {
        "cym": {
            "common": "Antigwa a Barbiwda",
            "official": "Antigua and Barbuda"
        },
        "deu": {
            "common": "Antigua und Barbuda",
            "official": "Antigua und Barbuda"
        },
        "fin": {
            "common": "Antigua ja Barbuda",
            "official": "Antigua ja Barbuda"
        },
        "fra": {
            "common": "Antigua-et-Barbuda",
            "official": "Antigua -et-Barbuda"
        },
        "hrv": {
            "common": "Antigva i Barbuda",
            "official": "Antigva i Barbuda"
        },
        "ita": {
            "common": "Antigua e Barbuda",
            "official": "Antigua e Barbuda"
        },
        "jpn": {
            "common": "\u30a2\u30f3\u30c6\u30a3\u30b0\u30a2\u30fb\u30d0\u30fc\u30d6\u30fc\u30c0",
            "official": "\u30a2\u30f3\u30c1\u30b0\u30a2\u30d0\u30fc\u30d6\u30fc\u30c0"
        },
        "nld": {
            "common": "Antigua en Barbuda",
            "official": "Antigua en Barbuda"
        },
        "por": {
            "common": "Ant\u00edgua e Barbuda",
            "official": "Antigua e Barbuda"
        },
        "rus": {
            "common": "\u0410\u043d\u0442\u0438\u0433\u0443\u0430 \u0438 \u0411\u0430\u0440\u0431\u0443\u0434\u0430",
            "official": "\u0410\u043d\u0442\u0438\u0433\u0443\u0430 \u0438 \u0411\u0430\u0440\u0431\u0443\u0434\u0430"
        },
        "spa": {
            "common": "Antigua y Barbuda",
            "official": "Antigua y Barbuda"
        }
    },
    "coordinate": {
        "latitude": 17.05,
        "longitude": -61.8
    }
}