{
    "_id": "AUS",
    "altSpellings": [
        "AU"
    ],
    "area": 7692024.0,
    "borders": [],
    "callingCode": [
        "61"
    ],
    "capital": "Canberra",
    "cca2": "AU",
    "cca3": "AUS",
    "ccn3": "036",
    "cioc": "AUS",
    "currency": [
        "AUD"
    ],
    "demonym": "Australian",
    "landlocked": false,
    "languages": {
        "eng": "English"
    },
    "latlng": [
        -27,
        133
    ],
    "name": {
        "common": "Australia",
        "native": {
            "eng": {
                "common": "Australia",
                "official": "Commonwealth of Australia"
            }
        },
        "official": "Commonwealth of Australia"
    },
    "region": "Oceania",
    "subregion": "Australia and New Zealand",
    "tld": [
        ".au"
    ],
    "translations": {
        "cym": {
            "common": "Awstralia",
            "official": "Commonwealth of Australia"
        },
        "deu": {
            "common": "Australien",
            "official": "Commonwealth of Australia"
        },
        "fin": {
            "common": "Australia",
            "official": "Australian liittovaltio"
        },
        "fra": {
            "common": "Australie",
            "official": "Commonwealth d'Australie"
        },
        "hrv": {
            "common": "Australija",
            "official": "Commonwealth of Australia"
        },
        "ita": {
            "common": "Australia",
            "official": "Commonwealth of Australia"
        },
        "jpn": {
            "common": "\u30aa\u30fc\u30b9\u30c8\u30e9\u30ea\u30a2",
            "official": "\u30aa\u30fc\u30b9\u30c8\u30e9\u30ea\u30a2\u9023\u90a6"
        },
        "nld": {
            "common": "Australi\u00eb",
            "official": "Gemenebest van Australi\u00eb"
        },
        "por": {
            "common": "Austr\u00e1lia",
            "official": "Comunidade da Austr\u00e1lia"
        },
        "rus": {
            "common": "\u0410\u0432\u0441\u0442\u0440\u0430\u043b\u0438\u044f",
            "official": "\u0421\u043e\u0434\u0440\u0443\u0436\u0435\u0441\u0442\u0432\u043e \u0410\u0432\u0441\u0442\u0440\u0430\u043b\u0438\u0438"
        },
        "spa": {
            "common": "Australia",
            "official": "Mancomunidad de Australia"
        }
    },
    "coordinate": {
        "latitude": -27,
        "longitude": 133
    }
}