{
    "_id": "AUT",
    "altSpellings": [
        "AT",
        "Osterreich",
        "Oesterreich"
    ],
    "area": 83871,
    "borders": [
        "CZE",
        "DEU",
        "HUN",
        "ITA",
        "LIE",
        "SVK",
        "SVN",
        "CHE"
    ],
    "callingCode": [
        "43"
    ],
    "capital": "Vienna",
    "cca2": "AT",
    "cca3": "AUT",
    "ccn3": "040",
    "cioc": "AUT",
    "currency": [
        "EUR"
    ],
    "demonym": "Austrian",
    "landlocked": true,
    "languages": {
        "bar": "Austro-Bavarian German"
    },
    "latlng": [
        47.33333333,
        13.33333333
    ],
    "name": {
        "common": "Austria",
        "native": {
            "bar": {
                "common": "\u00d6sterreich",
                "official": "Republik \u00d6sterreich"
            }
        },
        "official": "Republic of Austria"
    },
    "region": "Europe",
    "subregion": "Western Europe",
    "tld": [
        ".at"
    ],
    "translations": {
        "cym": {
            "common": "Awstria",
            "official": "Republic of Austria"
        },
        "deu": {
            "common": "\u00d6sterreich",
            "official": "Republik \u00d6sterreich"
        },
        "fin": {
            "common": "It\u00e4valta",
            "official": "It\u00e4vallan tasavalta"
        },
        "fra": {
            "common": "Autriche",
            "official": "R\u00e9publique d'Autriche"
        },
        "hrv": {
            "common": "Austrija",
            "official": "Republika Austrija"
        },
        "ita": {
            "common": "Austria",
            "official": "Repubblica d'Austria"
        },
        "jpn": {
            "common": "\u30aa\u30fc\u30b9\u30c8\u30ea\u30a2",
            "official": "\u30aa\u30fc\u30b9\u30c8\u30ea\u30a2\u5171\u548c\u56fd"
        },
        "nld": {
            "common": "Oostenrijk",
            "official": "Republiek Oostenrijk"
        },
        "por": {
            "common": "\u00c1ustria",
            "official": "Rep\u00fablica da \u00c1ustria"
        },
        "rus": {
            "common": "\u0410\u0432\u0441\u0442\u0440\u0438\u044f",
            "official": "\u0410\u0432\u0441\u0442\u0440\u0438\u0439\u0441\u043a\u0430\u044f \u0420\u0435\u0441\u043f\u0443\u0431\u043b\u0438\u043a\u0430"
        },
        "spa": {
            "common": "Austria",
            "official": "Rep\u00fablica de Austria"
        }
    },
    "coordinate": {
        "latitude": 47.33333333,
        "longitude": 13.33333333
    }
}