{
    "_id": "AZE",
    "altSpellings": [
        "AZ",
        "Republic of Azerbaijan",
        "Az\u0259rbaycan Respublikas\u0131"
    ],
    "area": 86600,
    "borders": [
        "ARM",
        "GEO",
        "IRN",
        "RUS",
        "TUR"
    ],
    "callingCode": [
        "994"
    ],
    "capital": "Baku",
    "cca2": "AZ",
    "cca3": "AZE",
    "ccn3": "031",
    "cioc": "AZE",
    "currency": [
        "AZN"
    ],
    "demonym": "Azerbaijani",
    "landlocked": true,
    "languages": {
        "aze": "Azerbaijani",
        "rus": "Russian"
    },
    "latlng": [
        40.5,
        47.5
    ],
    "name": {
        "common": "Azerbaijan",
        "native": {
            "aze": {
                "common": "Az\u0259rbaycan",
                "official": "Az\u0259rbaycan Respublikas\u0131"
            },
            "rus": {
                "common": "\u0410\u0437\u0435\u0440\u0431\u0430\u0439\u0434\u0436\u0430\u043d",
                "official": "\u0410\u0437\u0435\u0440\u0431\u0430\u0439\u0434\u0436\u0430\u043d\u0441\u043a\u0430\u044f \u0420\u0435\u0441\u043f\u0443\u0431\u043b\u0438\u043a\u0430"
            }
        },
        "official": "Republic of Azerbaijan"
    },
    "region": "Asia",
    "subregion": "Western Asia",
    "tld": [
        ".az"
    ],
    "translations": {
        "cym": {
            "common": "Aserbaijan",
            "official": "Republic of Azerbaijan"
        },
        "deu": {
            "common": "Aserbaidschan",
            "official": "Republik Aserbaidschan"
        },
        "fin": {
            "common": "Azerbaidzan",
            "official": "Azerbaidzanin tasavalta"
        },
        "fra": {
            "common": "Azerba\u00efdjan",
            "official": "R\u00e9publique d'Azerba\u00efdjan"
        },
        "hrv": {
            "common": "Azerbajd\u017ean",
            "official": "Republika Azerbajd\u017ean"
        },
        "ita": {
            "common": "Azerbaijan",
            "official": "Repubblica dell'Azerbaigian"
        },
        "jpn": {
            "common": "\u30a2\u30bc\u30eb\u30d0\u30a4\u30b8\u30e3\u30f3",
            "official": "\u30a2\u30bc\u30eb\u30d0\u30a4\u30b8\u30e3\u30f3\u5171\u548c\u56fd"
        },
        "nld": {
            "common": "Azerbeidzjan",
            "official": "Republiek Azerbeidzjan"
        },
        "por": {
            "common": "Azerbeij\u00e3o",
            "official": "Rep\u00fablica do Azerbaij\u00e3o"
        },
        "rus": {
            "common": "\u0410\u0437\u0435\u0440\u0431\u0430\u0439\u0434\u0436\u0430\u043d",
            "official": "\u0410\u0437\u0435\u0440\u0431\u0430\u0439\u0434\u0436\u0430\u043d\u0441\u043a\u0430\u044f \u0420\u0435\u0441\u043f\u0443\u0431\u043b\u0438\u043a\u0430"
        },
        "spa": {
            "common": "Azerbaiy\u00e1n",
            "official": "Rep\u00fablica de Azerbaiy\u00e1n"
        }
    },
    "coordinate": {
        "latitude": 40.5,
        "longitude": 47.5
    }
}