{
    "_id": "BDI",
    "altSpellings": [
        "BI",
        "Republic of Burundi",
        "Republika y'Uburundi",
        "R\u00e9publique du Burundi"
    ],
    "area": 27834,
    "borders": [
        "COD",
        "RWA",
        "TZA"
    ],
    "callingCode": [
        "257"
    ],
    "capital": "Bujumbura",
    "cca2": "BI",
    "cca3": "BDI",
    "ccn3": "108",
    "cioc": "BDI",
    "currency": [
        "BIF"
    ],
    "demonym": "Burundian",
    "landlocked": true,
    "languages": {
        "fra": "French",
        "run": "Kirundi"
    },
    "latlng": [
        -3.5,
        30
    ],
    "name": {
        "common": "Burundi",
        "native": {
            "fra": {
                "common": "Burundi",
                "official": "R\u00e9publique du Burundi"
            },
            "run": {
                "common": "Uburundi",
                "official": "Republika y'Uburundi "
            }
        },
        "official": "Republic of Burundi"
    },
    "region": "Africa",
    "subregion": "Eastern Africa",
    "tld": [
        ".bi"
    ],
    "translations": {
        "cym": {
            "common": "Bwrwndi",
            "official": "Republic of Burundi"
        },
        "deu": {
            "common": "Burundi",
            "official": "Republik Burundi"
        },
        "fin": {
            "common": "Burundi",
            "official": "Burundin tasavalta"
        },
        "fra": {
            "common": "Burundi",
            "official": "R\u00e9publique du Burundi"
        },
        "hrv": {
            "common": "Burundi",
            "official": "Burundi"
        },
        "ita": {
            "common": "Burundi",
            "official": "Repubblica del Burundi"
        },
        "jpn": {
            "common": "\u30d6\u30eb\u30f3\u30b8",
            "official": "\u30d6\u30eb\u30f3\u30b8\u5171\u548c\u56fd"
        },
        "nld": {
            "common": "Burundi",
            "official": "Republiek Burundi"
        },
        "por": {
            "common": "Burundi",
            "official": "Rep\u00fablica do Burundi"
        },
        "rus": {
            "common": "\u0411\u0443\u0440\u0443\u043d\u0434\u0438",
            "official": "\u0420\u0435\u0441\u043f\u0443\u0431\u043b\u0438\u043a\u0430 \u0411\u0443\u0440\u0443\u043d\u0434\u0438"
        },
        "spa": {
            "common": "Burundi",
            "official": "Rep\u00fablica de Burundi"
        }
    },
    "coordinate": {
        "latitude": -3.5,
        "longitude": 30
    }
}