{
    "_id": "BEL",
    "altSpellings": [
        "BE",
        "Belgi\u00eb",
        "Belgie",
        "Belgien",
        "Belgique",
        "Kingdom of Belgium",
        "Koninkrijk Belgi\u00eb",
        "Royaume de Belgique",
        "K\u00f6nigreich Belgien"
    ],
    "area": 30528,
    "borders": [
        "FRA",
        "DEU",
        "LUX",
        "NLD"
    ],
    "callingCode": [
        "32"
    ],
    "capital": "Brussels",
    "cca2": "BE",
    "cca3": "BEL",
    "ccn3": "056",
    "cioc": "BEL",
    "currency": [
        "EUR"
    ],
    "demonym": "Belgian",
    "landlocked": false,
    "languages": {
        "deu": "German",
        "fra": "French",
        "nld": "Dutch"
    },
    "latlng": [
        50.83333333,
        4
    ],
    "name": {
        "common": "Belgium",
        "native": {
            "deu": {
                "common": "Belgien",
                "official": "K\u00f6nigreich Belgien"
            },
            "fra": {
                "common": "Belgique",
                "official": "Royaume de Belgique"
            },
            "nld": {
                "common": "Belgi\u00eb",
                "official": "Koninkrijk Belgi\u00eb"
            }
        },
        "official": "Kingdom of Belgium"
    },
    "region": "Europe",
    "subregion": "Western Europe",
    "tld": [
        ".be"
    ],
    "translations": {
        "cym": {
            "common": "Gwlad Belg",
            "official": "Kingdom of Belgium"
        },
        "deu": {
            "common": "Belgien",
            "official": "K\u00f6nigreich Belgien"
        },
        "fin": {
            "common": "Belgia",
            "official": "Belgian kuningaskunta"
        },
        "fra": {
            "common": "Belgique",
            "official": "Royaume de Belgique"
        },
        "hrv": {
            "common": "Belgija",
            "official": "Kraljevina Belgija"
        },
        "ita": {
            "common": "Belgio",
            "official": "Regno del Belgio"
        },
        "jpn": {
            "common": "\u30d9\u30eb\u30ae\u30fc",
            "official": "\u30d9\u30eb\u30ae\u30fc\u738b\u56fd"
        },
        "nld": {
            "common": "Belgi\u00eb",
            "official": "Koninkrijk Belgi\u00eb"
        },
        "por": {
            "common": "B\u00e9lgica",
            "official": "Reino da B\u00e9lgica"
        },
        "rus": {
            "common": "\u0411\u0435\u043b\u044c\u0433\u0438\u044f",
            "official": "\u041a\u043e\u0440\u043e\u043b\u0435\u0432\u0441\u0442\u0432\u043e \u0411\u0435\u043b\u044c\u0433\u0438\u044f"
        },
        "spa": {
            "common": "B\u00e9lgica",
            "official": "Reino de B\u00e9lgica"
        }
    },
    "coordinate": {
        "latitude": 50.83333333,
        "longitude": 4
    }
}