{
    "_id": "BEN",
    "altSpellings": [
        "BJ",
        "Republic of Benin",
        "R\u00e9publique du B\u00e9nin"
    ],
    "area": 112622,
    "borders": [
        "BFA",
        "NER",
        "NGA",
        "TGO"
    ],
    "callingCode": [
        "229"
    ],
    "capital": "Porto-Novo",
    "cca2": "BJ",
    "cca3": "BEN",
    "ccn3": "204",
    "cioc": "BEN",
    "currency": [
        "XOF"
    ],
    "demonym": "Beninese",
    "landlocked": false,
    "languages": {
        "fra": "French"
    },
    "latlng": [
        9.5,
        2.25
    ],
    "name": {
        "common": "Benin",
        "native": {
            "fra": {
                "common": "B\u00e9nin",
                "official": "R\u00e9publique du B\u00e9nin"
            }
        },
        "official": "Republic of Benin"
    },
    "region": "Africa",
    "subregion": "Western Africa",
    "tld": [
        ".bj"
    ],
    "translations": {
        "cym": {
            "common": "Benin",
            "official": "Republic of Benin"
        },
        "deu": {
            "common": "Benin",
            "official": "Republik Benin"
        },
        "fin": {
            "common": "Benin",
            "official": "Beninin tasavalta"
        },
        "fra": {
            "common": "B\u00e9nin",
            "official": "R\u00e9publique du B\u00e9nin"
        },
        "hrv": {
            "common": "Benin",
            "official": "Republika Benin"
        },
        "ita": {
            "common": "Benin",
            "official": "Repubblica del Benin"
        },
        "jpn": {
            "common": "\u30d9\u30ca\u30f3",
            "official": "\u30d9\u30ca\u30f3\u5171\u548c\u56fd"
        },
        "nld": {
            "common": "Benin",
            "official": "Republiek Benin"
        },
        "por": {
            "common": "Benin",
            "official": "Rep\u00fablica do Benin"
        },
        "rus": {
            "common": "\u0411\u0435\u043d\u0438\u043d",
            "official": "\u0420\u0435\u0441\u043f\u0443\u0431\u043b\u0438\u043a\u0430 \u0411\u0435\u043d\u0438\u043d"
        },
        "spa": {
            "common": "Ben\u00edn",
            "official": "Rep\u00fablica de Benin"
        }
    },
    "coordinate": {
        "latitude": 9.5,
        "longitude": 2.25
    }
}