{
    "_id": "BFA",
    "altSpellings": [
        "BF"
    ],
    "area": 272967,
    "borders": [
        "BEN",
        "CIV",
        "GHA",
        "MLI",
        "NER",
        "TGO"
    ],
    "callingCode": [
        "226"
    ],
    "capital": "Ouagadougou",
    "cca2": "BF",
    "cca3": "BFA",
    "ccn3": "854",
    "cioc": "BUR",
    "currency": [
        "XOF"
    ],
    "demonym": "Burkinabe",
    "landlocked": true,
    "languages": {
        "fra": "French"
    },
    "latlng": [
        13,
        -2
    ],
    "name": {
        "common": "Burkina Faso",
        "native": {
            "fra": {
                "common": "Burkina Faso",
                "official": "Burkina Faso"
            }
        },
        "official": "Burkina Faso"
    },
    "region": "Africa",
    "subregion": "Western Africa",
    "tld": [
        ".bf"
    ],
    "translations": {
        "cym": {
            "common": "Burkina Faso",
            "official": "Burkina Faso"
        },
        "deu": {
            "common": "Burkina Faso",
            "official": "Burkina Faso"
        },
        "fin": {
            "common": "Burkina Faso",
            "official": "Burkina Faso"
        },
        "fra": {
            "common": "Burkina Faso",
            "official": "Burkina Faso"
        },
        "hrv": {
            "common": "Burkina Faso",
            "official": "Burkina Faso"
        },
        "ita": {
            "common": "Burkina Faso",
            "official": "Burkina Faso"
        },
        "jpn": {
            "common": "\u30d6\u30eb\u30ad\u30ca\u30d5\u30a1\u30bd",
            "official": "\u30d6\u30eb\u30ad\u30ca\u30d5\u30a1\u30bd"
        },
        "nld": {
            "common": "Burkina Faso",
            "official": "Burkina Faso"
        },
        "por": {
            "common": "Burkina Faso",
            "official": "Burkina Faso"
        },
        "rus": {
            "common": "\u0411\u0443\u0440\u043a\u0438\u043d\u0430-\u0424\u0430\u0441\u043e",
            "official": "\u0411\u0443\u0440\u043a\u0438\u043d\u0430 -\u0424\u0430\u0441\u043e"
        },
        "spa": {
            "common": "Burkina Faso",
            "official": "Burkina Faso"
        }
    },
    "coordinate": {
        "latitude": 13,
        "longitude": -2
    }
}