{
    "_id": "BGD",
    "altSpellings": [
        "BD",
        "People's Republic of Bangladesh",
        "G\u00f4n\u00f4pr\u00f4jat\u00f4ntri Bangladesh"
    ],
    "area": 147570,
    "borders": [
        "MMR",
        "IND"
    ],
    "callingCode": [
        "880"
    ],
    "capital": "Dhaka",
    "cca2": "BD",
    "cca3": "BGD",
    "ccn3": "050",
    "cioc": "BAN",
    "currency": [
        "BDT"
    ],
    "demonym": "Bangladeshi",
    "landlocked": false,
    "languages": {
        "ben": "Bengali"
    },
    "latlng": [
        24,
        90
    ],
    "name": {
        "common": "Bangladesh",
        "native": {
            "ben": {
                "common": "\u09ac\u09be\u0982\u09b2\u09be\u09a6\u09c7\u09b6",
                "official": "\u09ac\u09be\u0982\u09b2\u09be\u09a6\u09c7\u09b6 \u0997\u09a3\u09aa\u09cd\u09b0\u099c\u09be\u09a4\u09a8\u09cd\u09a4\u09cd\u09b0\u09c0"
            }
        },
        "official": "People's Republic of Bangladesh"
    },
    "region": "Asia",
    "subregion": "Southern Asia",
    "tld": [
        ".bd"
    ],
    "translations": {
        "cym": {
            "common": "Bangladesh",
            "official": "People's Republic of Bangladesh"
        },
        "deu": {
            "common": "Bangladesch",
            "official": "Volksrepublik Bangladesch"
        },
        "fin": {
            "common": "Bangladesh",
            "official": "Bangladeshin kansantasavalta"
        },
        "fra": {
            "common": "Bangladesh",
            "official": "La R\u00e9publique populaire du Bangladesh"
        },
        "hrv": {
            "common": "Banglade\u0161",
            "official": "Narodna Republika Banglade\u0161"
        },
        "ita": {
            "common": "Bangladesh",
            "official": "Repubblica popolare del Bangladesh"
        },
        "jpn": {
            "common": "\u30d0\u30f3\u30b0\u30e9\u30c7\u30b7\u30e5",
            "official": "\u30d0\u30f3\u30b0\u30e9\u30c7\u30b7\u30e5\u4eba\u6c11\u5171\u548c\u56fd"
        },
        "nld": {
            "common": "Bangladesh",
            "official": "Volksrepubliek Bangladesh"
        },
        "por": {
            "common": "Bangladesh",
            "official": "Rep\u00fablica Popular do Bangladesh"
        },
        "rus": {
            "common": "\u0411\u0430\u043d\u0433\u043b\u0430\u0434\u0435\u0448",
            "official": "\u041d\u0430\u0440\u043e\u0434\u043d\u0430\u044f \u0420\u0435\u0441\u043f\u0443\u0431\u043b\u0438\u043a\u0430 \u0411\u0430\u043d\u0433\u043b\u0430\u0434\u0435\u0448"
        },
        "spa": {
            "common": "Bangladesh",
            "official": "Rep\u00fablica Popular de Bangladesh"
        }
    },
    "coordinate": {
        "latitude": 24,
        "longitude": 90
    }
}