{
    "_id": "BGR",
    "altSpellings": [
        "BG",
        "Republic of Bulgaria",
        "\u0420\u0435\u043f\u0443\u0431\u043b\u0438\u043a\u0430 \u0411\u044a\u043b\u0433\u0430\u0440\u0438\u044f"
    ],
    "area": 110879,
    "borders": [
        "GRC",
        "MKD",
        "ROU",
        "SRB",
        "TUR"
    ],
    "callingCode": [
        "359"
    ],
    "capital": "Sofia",
    "cca2": "BG",
    "cca3": "BGR",
    "ccn3": "100",
    "cioc": "BUL",
    "currency": [
        "BGN"
    ],
    "demonym": "Bulgarian",
    "landlocked": false,
    "languages": {
        "bul": "Bulgarian"
    },
    "latlng": [
        43,
        25
    ],
    "name": {
        "common": "Bulgaria",
        "native": {
            "bul": {
                "common": "\u0411\u044a\u043b\u0433\u0430\u0440\u0438\u044f",
                "official": "\u0420\u0435\u043f\u0443\u0431\u043b\u0438\u043a\u0430 \u0411\u044a\u043b\u0433\u0430\u0440\u0438\u044f"
            }
        },
        "official": "Republic of Bulgaria"
    },
    "region": "Europe",
    "subregion": "Eastern Europe",
    "tld": [
        ".bg"
    ],
    "translations": {
        "cym": {
            "common": "Bwlgaria",
            "official": "Republic of Bulgaria"
        },
        "deu": {
            "common": "Bulgarien",
            "official": "Republik Bulgarien"
        },
        "fin": {
            "common": "Bulgaria",
            "official": "Bulgarian tasavalta"
        },
        "fra": {
            "common": "Bulgarie",
            "official": "R\u00e9publique de Bulgarie"
        },
        "hrv": {
            "common": "Bugarska",
            "official": "Republika Bugarska"
        },
        "ita": {
            "common": "Bulgaria",
            "official": "Repubblica di Bulgaria"
        },
        "jpn": {
            "common": "\u30d6\u30eb\u30ac\u30ea\u30a2",
            "official": "\u30d6\u30eb\u30ac\u30ea\u30a2\u5171\u548c\u56fd"
        },
        "nld": {
            "common": "Bulgarije",
            "official": "Republiek Bulgarije"
        },
        "por": {
            "common": "Bulg\u00e1ria",
            "official": "Rep\u00fablica da Bulg\u00e1ria"
        },
        "rus": {
            "common": "\u0411\u043e\u043b\u0433\u0430\u0440\u0438\u044f",
            "official": "\u0420\u0435\u0441\u043f\u0443\u0431\u043b\u0438\u043a\u0430 \u0411\u043e\u043b\u0433\u0430\u0440\u0438\u044f"
        },
        "spa": {
            "common": "Bulgaria",
            "official": "Rep\u00fablica de Bulgaria"
        }
    },
    "coordinate": {
        "latitude": 43,
        "longitude": 25
    }
}