{
    "_id": "BHR",
    "altSpellings": [
        "BH",
        "Kingdom of Bahrain",
        "Mamlakat al-Ba\u1e25rayn"
    ],
    "area": 765,
    "borders": [],
    "callingCode": [
        "973"
    ],
    "capital": "Manama",
    "cca2": "BH",
    "cca3": "BHR",
    "ccn3": "048",
    "cioc": "BRN",
    "currency": [
        "BHD"
    ],
    "demonym": "Bahraini",
    "landlocked": false,
    "languages": {
        "ara": "Arabic"
    },
    "latlng": [
        26,
        50.55
    ],
    "name": {
        "common": "Bahrain",
        "native": {
            "ara": {
                "common": "\u200f\u0627\u0644\u0628\u062d\u0631\u064a\u0646",
                "official": "\u0645\u0645\u0644\u0643\u0629 \u0627\u0644\u0628\u062d\u0631\u064a\u0646"
            }
        },
        "official": "Kingdom of Bahrain"
    },
    "region": "Asia",
    "subregion": "Western Asia",
    "tld": [
        ".bh"
    ],
    "translations": {
        "cym": {
            "common": "Bahrain",
            "official": "Kingdom of Bahrain"
        },
        "deu": {
            "common": "Bahrain",
            "official": "K\u00f6nigreich Bahrain"
        },
        "fin": {
            "common": "Bahrain",
            "official": "Bahrainin kuningaskunta"
        },
        "fra": {
            "common": "Bahre\u00efn",
            "official": "Royaume de Bahre\u00efn"
        },
        "hrv": {
            "common": "Bahrein",
            "official": "Kraljevina Bahrein"
        },
        "ita": {
            "common": "Bahrein",
            "official": "Regno del Bahrain"
        },
        "jpn": {
            "common": "\u30d0\u30fc\u30ec\u30fc\u30f3",
            "official": "\u30d0\u30fc\u30ec\u30fc\u30f3\u738b\u56fd"
        },
        "nld": {
            "common": "Bahrein",
            "official": "Koninkrijk Bahrein"
        },
        "por": {
            "common": "Bahrein",
            "official": "Reino do Bahrein"
        },
        "rus": {
            "common": "\u0411\u0430\u0445\u0440\u0435\u0439\u043d",
            "official": "\u041a\u043e\u0440\u043e\u043b\u0435\u0432\u0441\u0442\u0432\u043e \u0411\u0430\u0445\u0440\u0435\u0439\u043d"
        },
        "spa": {
            "common": "Bahrein",
            "official": "Reino de Bahrein"
        }
    },
    "coordinate": {
        "latitude": 26,
        "longitude": 50.55
    }
}