{
    "_id": "BHS",
    "altSpellings": [
        "BS",
        "Commonwealth of the Bahamas"
    ],
    "area": 13943,
    "borders": [],
    "callingCode": [
        "1242"
    ],
    "capital": "Nassau",
    "cca2": "BS",
    "cca3": "BHS",
    "ccn3": "044",
    "cioc": "BAH",
    "currency": [
        "BSD"
    ],
    "demonym": "Bahamian",
    "landlocked": false,
    "languages": {
        "eng": "English"
    },
    "latlng": [
        24.25,
        -76
    ],
    "name": {
        "common": "Bahamas",
        "native": {
            "eng": {
                "common": "Bahamas",
                "official": "Commonwealth of the Bahamas"
            }
        },
        "official": "Commonwealth of the Bahamas"
    },
    "region": "Americas",
    "subregion": "Caribbean",
    "tld": [
        ".bs"
    ],
    "translations": {
        "cym": {
            "common": "Bahamas",
            "official": "Commonwealth of the Bahamas"
        },
        "deu": {
            "common": "Bahamas",
            "official": "Commonwealth der Bahamas"
        },
        "fin": {
            "common": "Bahamasaaret",
            "official": "Bahaman liittovaltio"
        },
        "fra": {
            "common": "Bahamas",
            "official": "Commonwealth des Bahamas"
        },
        "hrv": {
            "common": "Bahami",
            "official": "Zajednica Bahama"
        },
        "ita": {
            "common": "Bahamas",
            "official": "Commonwealth delle Bahamas"
        },
        "jpn": {
            "common": "\u30d0\u30cf\u30de",
            "official": "\u30d0\u30cf\u30de"
        },
        "nld": {
            "common": "Bahama\u2019s",
            "official": "Gemenebest van de Bahama's"
        },
        "por": {
            "common": "Bahamas",
            "official": "Comunidade das Bahamas"
        },
        "rus": {
            "common": "\u0411\u0430\u0433\u0430\u043c\u0441\u043a\u0438\u0435 \u041e\u0441\u0442\u0440\u043e\u0432\u0430",
            "official": "\u0421\u043e\u0434\u0440\u0443\u0436\u0435\u0441\u0442\u0432\u043e \u0411\u0430\u0433\u0430\u043c\u0441\u043a\u0438\u0445 \u041e\u0441\u0442\u0440\u043e\u0432\u043e\u0432"
        },
        "spa": {
            "common": "Bahamas",
            "official": "Commonwealth de las Bahamas"
        }
    },
    "coordinate": {
        "latitude": 24.25,
        "longitude": -76
    }
}