{
    "_id": "BIH",
    "altSpellings": [
        "BA",
        "Bosnia-Herzegovina",
        "\u0411\u043e\u0441\u043d\u0430 \u0438 \u0425\u0435\u0440\u0446\u0435\u0433\u043e\u0432\u0438\u043d\u0430"
    ],
    "area": 51209,
    "borders": [
        "HRV",
        "MNE",
        "SRB"
    ],
    "callingCode": [
        "387"
    ],
    "capital": "Sarajevo",
    "cca2": "BA",
    "cca3": "BIH",
    "ccn3": "070",
    "cioc": "BIH",
    "currency": [
        "BAM"
    ],
    "demonym": "Bosnian, Herzegovinian",
    "landlocked": false,
    "languages": {
        "bos": "Bosnian",
        "hrv": "Croatian",
        "srp": "Serbian"
    },
    "latlng": [
        44,
        18
    ],
    "name": {
        "common": "Bosnia and Herzegovina",
        "native": {
            "bos": {
                "common": "Bosna i Hercegovina",
                "official": "Bosna i Hercegovina"
            },
            "hrv": {
                "common": "Bosna i Hercegovina",
                "official": "Bosna i Hercegovina"
            },
            "srp": {
                "common": "\u0411\u043e\u0441\u043da \u0438 \u0425\u0435\u0440\u0446\u0435\u0433\u043e\u0432\u0438\u043d\u0430",
                "official": "\u0411\u043e\u0441\u043da \u0438 \u0425\u0435\u0440\u0446\u0435\u0433\u043e\u0432\u0438\u043d\u0430"
            }
        },
        "official": "Bosnia and Herzegovina"
    },
    "region": "Europe",
    "subregion": "Southern Europe",
    "tld": [
        ".ba"
    ],
    "translations": {
        "cym": {
            "common": "Bosnia a Hercegovina",
            "official": "Bosnia and Herzegovina"
        },
        "deu": {
            "common": "Bosnien und Herzegowina",
            "official": "Bosnien und Herzegowina"
        },
        "fin": {
            "common": "Bosnia ja Hertsegovina",
            "official": "Bosnia ja Hertsegovina"
        },
        "fra": {
            "common": "Bosnie-Herz\u00e9govine",
            "official": "Bosnie- Herz\u00e9govine"
        },
        "hrv": {
            "common": "Bosna i Hercegovina",
            "official": "Bosna i Hercegovina"
        },
        "ita": {
            "common": "Bosnia ed Erzegovina",
            "official": "Bosnia-Erzegovina"
        },
        "jpn": {
            "common": "\u30dc\u30b9\u30cb\u30a2\u30fb\u30d8\u30eb\u30c4\u30a7\u30b4\u30d3\u30ca",
            "official": "\u30dc\u30b9\u30cb\u30a2\u00b7\u30d8\u30eb\u30c4\u30a7\u30b4\u30d3\u30ca"
        },
        "nld": {
            "common": "Bosni\u00eb en Herzegovina",
            "official": "Bosni\u00eb-Herzegovina"
        },
        "por": {
            "common": "B\u00f3snia e Herzegovina",
            "official": "B\u00f3snia e Herzegovina"
        },
        "rus": {
            "common": "\u0411\u043e\u0441\u043d\u0438\u044f \u0438 \u0413\u0435\u0440\u0446\u0435\u0433\u043e\u0432\u0438\u043d\u0430",
            "official": "\u0411\u043e\u0441\u043d\u0438\u044f \u0438 \u0413\u0435\u0440\u0446\u0435\u0433\u043e\u0432\u0438\u043d\u0430"
        },
        "spa": {
            "common": "Bosnia y Herzegovina",
            "official": "Bosnia y Herzegovina"
        }
    },
    "coordinate": {
        "latitude": 44,
        "longitude": 18
    }
}