{
    "_id": "BLM",
    "altSpellings": [
        "BL",
        "St. Barthelemy",
        "Collectivity of Saint Barth\u00e9lemy",
        "Collectivit\u00e9 de Saint-Barth\u00e9lemy"
    ],
    "area": 21,
    "borders": [],
    "callingCode": [
        "590"
    ],
    "capital": "Gustavia",
    "cca2": "BL",
    "cca3": "BLM",
    "ccn3": "652",
    "cioc": "",
    "currency": [
        "EUR"
    ],
    "demonym": "Saint Barth\u00e9lemy Islander",
    "landlocked": false,
    "languages": {
        "fra": "French"
    },
    "latlng": [
        18.5,
        -63.41666666
    ],
    "name": {
        "common": "Saint Barth\u00e9lemy",
        "native": {
            "fra": {
                "common": "Saint-Barth\u00e9lemy",
                "official": "Collectivit\u00e9 de Saint Barth\u00e9lemy Barth\u00e9lemySaint"
            }
        },
        "official": "Collectivity of Saint Barth\u00e9lemySaint Barth\u00e9lemy"
    },
    "region": "Americas",
    "subregion": "Caribbean",
    "tld": [
        ".bl"
    ],
    "translations": {
        "deu": {
            "common": "Saint-Barth\u00e9lemy",
            "official": "Gebietsk\u00f6rperschaft Saint -Barth\u00e9lemy Barth\u00e9lemySaint"
        },
        "fin": {
            "common": "Saint-Barth\u00e9lemy",
            "official": "Saint-Barth\u00e9lemyn yhteis\u00f6"
        },
        "fra": {
            "common": "Saint-Barth\u00e9lemy",
            "official": "Collectivit\u00e9 de Saint Barth\u00e9lemy Barth\u00e9lemySaint"
        },
        "hrv": {
            "common": "Saint Barth\u00e9lemy",
            "official": "Kolektivnost sv Barth\u00e9lemySaint Barth\u00e9lemy"
        },
        "ita": {
            "common": "Antille Francesi",
            "official": "Collettivit\u00e0 di Saint Barth\u00e9lemy Barth\u00e9lemySaint"
        },
        "jpn": {
            "common": "\u30b5\u30f3\u30fb\u30d0\u30eb\u30c6\u30eb\u30df\u30fc",
            "official": "\u30b5\u30f3\u00b7\u30d0\u30eb\u30c6\u30eb\u30df\u30fc\u5cf6Barth\u00e9lemySaint\u306e\u96c6\u5408\u4f53"
        },
        "nld": {
            "common": "Saint Barth\u00e9lemy",
            "official": "Gemeenschap Saint Barth\u00e9lemySaint Barth\u00e9lemy"
        },
        "por": {
            "common": "S\u00e3o Bartolomeu",
            "official": "Coletividade de Saint Barth\u00e9lemy Barth\u00e9lemySaint"
        },
        "rus": {
            "common": "\u0421\u0435\u043d-\u0411\u0430\u0440\u0442\u0435\u043b\u0435\u043c\u0438",
            "official": "\u041a\u043e\u043b\u043b\u0435\u043a\u0442\u0438\u0432\u043d\u043e\u0441\u0442\u044c \u0421\u0430\u043d\u043a\u0442 -\u0411\u0430\u0440\u0442\u0435\u043b\u044c\u043c\u0438\u0421\u0435\u043d\u0442 \u0411\u0430\u0440\u0442\u0435\u043b\u0435\u043c\u0438"
        },
        "spa": {
            "common": "San Bartolom\u00e9",
            "official": "Colectividad de San Barth\u00e9lemySaint Barth\u00e9lemy"
        }
    },
    "coordinate": {
        "latitude": 18.5,
        "longitude": -63.41666666
    }
}