{
    "_id": "BLR",
    "altSpellings": [
        "BY",
        "Bielaru\u015b",
        "Republic of Belarus",
        "\u0411\u0435\u043b\u043e\u0440\u0443\u0441\u0441\u0438\u044f",
        "\u0420\u0435\u0441\u043f\u0443\u0431\u043b\u0438\u043a\u0430 \u0411\u0435\u043b\u0430\u0440\u0443\u0441\u044c",
        "Belorussiya",
        "Respublika Belarus\u2019"
    ],
    "area": 207600,
    "borders": [
        "LVA",
        "LTU",
        "POL",
        "RUS",
        "UKR"
    ],
    "callingCode": [
        "375"
    ],
    "capital": "Minsk",
    "cca2": "BY",
    "cca3": "BLR",
    "ccn3": "112",
    "cioc": "BLR",
    "currency": [
        "BYR"
    ],
    "demonym": "Belarusian",
    "landlocked": true,
    "languages": {
        "bel": "Belarusian",
        "rus": "Russian"
    },
    "latlng": [
        53,
        28
    ],
    "name": {
        "common": "Belarus",
        "native": {
            "bel": {
                "common": "\u0411\u0435\u043b\u0430\u0440\u0443\u0301\u0441\u044c",
                "official": "\u0420\u044d\u0441\u043f\u0443\u0431\u043b\u0456\u043a\u0430 \u0411\u0435\u043b\u0430\u0440\u0443\u0441\u044c"
            },
            "rus": {
                "common": "\u0411\u0435\u043b\u043e\u0440\u0443\u0441\u0441\u0438\u044f",
                "official": "\u0420\u0435\u0441\u043f\u0443\u0431\u043b\u0438\u043a\u0430 \u0411\u0435\u043b\u0430\u0440\u0443\u0441\u044c"
            }
        },
        "official": "Republic of Belarus"
    },
    "region": "Europe",
    "subregion": "Eastern Europe",
    "tld": [
        ".by"
    ],
    "translations": {
        "cym": {
            "common": "Belarws",
            "official": "Republic of Belarus"
        },
        "deu": {
            "common": "Wei\u00dfrussland",
            "official": "Republik Belarus"
        },
        "fin": {
            "common": "Valko-Ven\u00e4j\u00e4",
            "official": "Valko-Ven\u00e4j\u00e4n tasavalta"
        },
        "fra": {
            "common": "Bi\u00e9lorussie",
            "official": "R\u00e9publique du B\u00e9larus"
        },
        "hrv": {
            "common": "Bjelorusija",
            "official": "Republika Bjelorusija"
        },
        "ita": {
            "common": "Bielorussia",
            "official": "Repubblica di Belarus"
        },
        "jpn": {
            "common": "\u30d9\u30e9\u30eb\u30fc\u30b7",
            "official": "\u30d9\u30e9\u30eb\u30fc\u30b7\u5171\u548c\u56fd"
        },
        "nld": {
            "common": "Wit-Rusland",
            "official": "Republiek Belarus"
        },
        "por": {
            "common": "Bielor\u00fassia",
            "official": "Rep\u00fablica da Bielorr\u00fassia"
        },
        "rus": {
            "common": "\u0411\u0435\u043b\u043e\u0440\u0443\u0441\u0441\u0438\u044f",
            "official": "\u0420\u0435\u0441\u043f\u0443\u0431\u043b\u0438\u043a\u0430 \u0411\u0435\u043b\u0430\u0440\u0443\u0441\u044c"
        },
        "spa": {
            "common": "Bielorrusia",
            "official": "Rep\u00fablica de Belar\u00fas"
        }
    },
    "coordinate": {
        "latitude": 53,
        "longitude": 28
    }
}