{
    "_id": "BLZ",
    "altSpellings": [
        "BZ"
    ],
    "area": 22966,
    "borders": [
        "GTM",
        "MEX"
    ],
    "callingCode": [
        "501"
    ],
    "capital": "Belmopan",
    "cca2": "BZ",
    "cca3": "BLZ",
    "ccn3": "084",
    "cioc": "BIZ",
    "currency": [
        "BZD"
    ],
    "demonym": "Belizean",
    "landlocked": false,
    "languages": {
        "bjz": "Belizean Creole",
        "eng": "English",
        "spa": "Spanish"
    },
    "latlng": [
        17.25,
        -88.75
    ],
    "name": {
        "common": "Belize",
        "native": {
            "bjz": {
                "common": "Belize",
                "official": "Belize"
            },
            "eng": {
                "common": "Belize",
                "official": "Belize"
            },
            "spa": {
                "common": "Belice",
                "official": "Belice"
            }
        },
        "official": "Belize"
    },
    "region": "Americas",
    "subregion": "Central America",
    "tld": [
        ".bz"
    ],
    "translations": {
        "cym": {
            "common": "Belize",
            "official": "Belize"
        },
        "deu": {
            "common": "Belize",
            "official": "Belize"
        },
        "fin": {
            "common": "Belize",
            "official": "Belize"
        },
        "fra": {
            "common": "Belize",
            "official": "Belize"
        },
        "hrv": {
            "common": "Belize",
            "official": "Belize"
        },
        "ita": {
            "common": "Belize",
            "official": "Belize"
        },
        "jpn": {
            "common": "\u30d9\u30ea\u30fc\u30ba",
            "official": "\u30d9\u30ea\u30fc\u30ba"
        },
        "nld": {
            "common": "Belize",
            "official": "Belize"
        },
        "por": {
            "common": "Belize",
            "official": "Belize"
        },
        "rus": {
            "common": "\u0411\u0435\u043b\u0438\u0437",
            "official": "\u0411\u0435\u043b\u0438\u0437"
        },
        "spa": {
            "common": "Belice",
            "official": "Belice"
        }
    },
    "coordinate": {
        "latitude": 17.25,
        "longitude": -88.75
    }
}