{
    "_id": "BMU",
    "altSpellings": [
        "BM",
        "The Islands of Bermuda",
        "The Bermudas",
        "Somers Isles"
    ],
    "area": 54,
    "borders": [],
    "callingCode": [
        "1441"
    ],
    "capital": "Hamilton",
    "cca2": "BM",
    "cca3": "BMU",
    "ccn3": "060",
    "cioc": "BER",
    "currency": [
        "BMD"
    ],
    "demonym": "Bermudian",
    "landlocked": false,
    "languages": {
        "eng": "English"
    },
    "latlng": [
        32.33333333,
        -64.75
    ],
    "name": {
        "common": "Bermuda",
        "native": {
            "eng": {
                "common": "Bermuda",
                "official": "Bermuda"
            }
        },
        "official": "Bermuda"
    },
    "region": "Americas",
    "subregion": "Northern America",
    "tld": [
        ".bm"
    ],
    "translations": {
        "cym": {
            "common": "Bermiwda",
            "official": "Bermuda"
        },
        "deu": {
            "common": "Bermuda",
            "official": "Bermuda"
        },
        "fin": {
            "common": "Bermuda",
            "official": "Bermuda"
        },
        "fra": {
            "common": "Bermudes",
            "official": "Bermudes"
        },
        "hrv": {
            "common": "Bermudi",
            "official": "Bermuda"
        },
        "ita": {
            "common": "Bermuda",
            "official": "Bermuda"
        },
        "jpn": {
            "common": "\u30d0\u30df\u30e5\u30fc\u30c0",
            "official": "\u30d0\u30df\u30e5\u30fc\u30c0"
        },
        "nld": {
            "common": "Bermuda",
            "official": "Bermuda"
        },
        "por": {
            "common": "Bermudas",
            "official": "Bermudas"
        },
        "rus": {
            "common": "\u0411\u0435\u0440\u043c\u0443\u0434\u0441\u043a\u0438\u0435 \u041e\u0441\u0442\u0440\u043e\u0432\u0430",
            "official": "\u0411\u0435\u0440\u043c\u0443\u0434\u0441\u043a\u0438\u0435 \u043e\u0441\u0442\u0440\u043e\u0432\u0430"
        },
        "spa": {
            "common": "Bermudas",
            "official": "Bermuda"
        }
    },
    "coordinate": {
        "latitude": 32.33333333,
        "longitude": -64.75
    }
}