{
    "_id": "BOL",
    "altSpellings": [
        "BO",
        "Buliwya",
        "Wuliwya",
        "Bolivia, Plurinational State of",
        "Plurinational State of Bolivia",
        "Estado Plurinacional de Bolivia",
        "Buliwya Mamallaqta",
        "Wuliwya Suyu",
        "Tet\u00e3 Vol\u00edvia"
    ],
    "area": 1098581.0,
    "borders": [
        "ARG",
        "BRA",
        "CHL",
        "PRY",
        "PER"
    ],
    "callingCode": [
        "591"
    ],
    "capital": "Sucre",
    "cca2": "BO",
    "cca3": "BOL",
    "ccn3": "068",
    "cioc": "BOL",
    "currency": [
        "BOB",
        "BOV"
    ],
    "demonym": "Bolivian",
    "landlocked": true,
    "languages": {
        "aym": "Aymara",
        "grn": "Guaran\u00ed",
        "que": "Quechua",
        "spa": "Spanish"
    },
    "latlng": [
        -17,
        -65
    ],
    "name": {
        "common": "Bolivia",
        "native": {
            "aym": {
                "common": "Wuliwya",
                "official": "Wuliwya Suyu"
            },
            "grn": {
                "common": "Vol\u00edvia",
                "official": "Tet\u00e3 Vol\u00edvia"
            },
            "que": {
                "common": "Buliwya",
                "official": "Buliwya Mamallaqta"
            },
            "spa": {
                "common": "Bolivia",
                "official": "Estado Plurinacional de Bolivia"
            }
        },
        "official": "Plurinational State of Bolivia"
    },
    "region": "Americas",
    "subregion": "South America",
    "tld": [
        ".bo"
    ],
    "translations": {
        "cym": {
            "common": "Bolifia",
            "official": "Plurinational State of Bolivia"
        },
        "deu": {
            "common": "Bolivien",
            "official": "Multinationaler Staat von Bolivien"
        },
        "fin": {
            "common": "Bolivia",
            "official": "Bolivian monikansainen valtio"
        },
        "fra": {
            "common": "Bolivie",
            "official": "\u00c9tat plurinational de Bolivie"
        },
        "hrv": {
            "common": "Bolivija",
            "official": "Plurinational State of Bolivia"
        },
        "ita": {
            "common": "Bolivia",
            "official": "Stato Plurinazionale della Bolivia"
        },
        "jpn": {
            "common": "\u30dc\u30ea\u30d3\u30a2\u591a\u6c11\u65cf\u56fd",
            "official": "\u30dc\u30ea\u30d3\u30a2\u306e\u591a\u6c11\u65cf\u56fd"
        },
        "nld": {
            "common": "Bolivia",
            "official": "Plurinationale Staat van Bolivia"
        },
        "por": {
            "common": "Bol\u00edvia",
            "official": "Estado Plurinacional da Bol\u00edvia"
        },
        "rus": {
            "common": "\u0411\u043e\u043b\u0438\u0432\u0438\u044f",
            "official": "\u041c\u043d\u043e\u0433\u043e\u043d\u0430\u0446\u0438\u043e\u043d\u0430\u043b\u044c\u043d\u043e\u0435 \u0413\u043e\u0441\u0443\u0434\u0430\u0440\u0441\u0442\u0432\u043e \u0411\u043e\u043b\u0438\u0432\u0438\u044f"
        },
        "spa": {
            "common": "Bolivia",
            "official": "Estado Plurinacional de Bolivia"
        }
    },
    "coordinate": {
        "latitude": -17,
        "longitude": -65
    }
}