{
    "_id": "BRA",
    "altSpellings": [
        "BR",
        "Brasil",
        "Federative Republic of Brazil",
        "Rep\u00fablica Federativa do Brasil"
    ],
    "area": 8515767.0,
    "borders": [
        "ARG",
        "BOL",
        "COL",
        "GUF",
        "GUY",
        "PRY",
        "PER",
        "SUR",
        "URY",
        "VEN"
    ],
    "callingCode": [
        "55"
    ],
    "capital": "Bras\u00edlia",
    "cca2": "BR",
    "cca3": "BRA",
    "ccn3": "076",
    "cioc": "BRA",
    "currency": [
        "BRL"
    ],
    "demonym": "Brazilian",
    "landlocked": false,
    "languages": {
        "por": "Portuguese"
    },
    "latlng": [
        -10,
        -55
    ],
    "name": {
        "common": "Brazil",
        "native": {
            "por": {
                "common": "Brasil",
                "official": "Rep\u00fablica Federativa do Brasil"
            }
        },
        "official": "Federative Republic of Brazil"
    },
    "region": "Americas",
    "subregion": "South America",
    "tld": [
        ".br"
    ],
    "translations": {
        "cym": {
            "common": "Brasil",
            "official": "Federative Republic of Brazil"
        },
        "deu": {
            "common": "Brasilien",
            "official": "F\u00f6derativen Republik Brasilien"
        },
        "fin": {
            "common": "Brasilia",
            "official": "Brasilian liittotasavalta"
        },
        "fra": {
            "common": "Br\u00e9sil",
            "official": "R\u00e9publique f\u00e9d\u00e9rative du Br\u00e9sil"
        },
        "hrv": {
            "common": "Brazil",
            "official": "Savezne Republike Brazil"
        },
        "ita": {
            "common": "Brasile",
            "official": "Repubblica federativa del Brasile"
        },
        "jpn": {
            "common": "\u30d6\u30e9\u30b8\u30eb",
            "official": "\u30d6\u30e9\u30b8\u30eb\u9023\u90a6\u5171\u548c\u56fd"
        },
        "nld": {
            "common": "Brazili\u00eb",
            "official": "Federale Republiek Brazili\u00eb"
        },
        "por": {
            "common": "Brasil",
            "official": "Rep\u00fablica Federativa do Brasil"
        },
        "rus": {
            "common": "\u0411\u0440\u0430\u0437\u0438\u043b\u0438\u044f",
            "official": "\u0424\u0435\u0434\u0435\u0440\u0430\u0442\u0438\u0432\u043d\u0430\u044f \u0420\u0435\u0441\u043f\u0443\u0431\u043b\u0438\u043a\u0430 \u0411\u0440\u0430\u0437\u0438\u043b\u0438\u044f"
        },
        "spa": {
            "common": "Brasil",
            "official": "Rep\u00fablica Federativa del Brasil"
        }
    },
    "coordinate": {
        "latitude": -10,
        "longitude": -55
    }
}