{
    "_id": "BRB",
    "altSpellings": [
        "BB"
    ],
    "area": 430,
    "borders": [],
    "callingCode": [
        "1246"
    ],
    "capital": "Bridgetown",
    "cca2": "BB",
    "cca3": "BRB",
    "ccn3": "052",
    "cioc": "BAR",
    "currency": [
        "BBD"
    ],
    "demonym": "Barbadian",
    "landlocked": false,
    "languages": {
        "eng": "English"
    },
    "latlng": [
        13.16666666,
        -59.53333333
    ],
    "name": {
        "common": "Barbados",
        "native": {
            "eng": {
                "common": "Barbados",
                "official": "Barbados"
            }
        },
        "official": "Barbados"
    },
    "region": "Americas",
    "subregion": "Caribbean",
    "tld": [
        ".bb"
    ],
    "translations": {
        "cym": {
            "common": "Barbados",
            "official": "Barbados"
        },
        "deu": {
            "common": "Barbados",
            "official": "Barbados"
        },
        "fin": {
            "common": "Barbados",
            "official": "Barbados"
        },
        "fra": {
            "common": "Barbade",
            "official": "Barbade"
        },
        "hrv": {
            "common": "Barbados",
            "official": "Barbados"
        },
        "ita": {
            "common": "Barbados",
            "official": "Barbados"
        },
        "jpn": {
            "common": "\u30d0\u30eb\u30d0\u30c9\u30b9",
            "official": "\u30d0\u30eb\u30d0\u30c9\u30b9"
        },
        "nld": {
            "common": "Barbados",
            "official": "Barbados"
        },
        "por": {
            "common": "Barbados",
            "official": "Barbados"
        },
        "rus": {
            "common": "\u0411\u0430\u0440\u0431\u0430\u0434\u043e\u0441",
            "official": "\u0411\u0430\u0440\u0431\u0430\u0434\u043e\u0441"
        },
        "spa": {
            "common": "Barbados",
            "official": "Barbados"
        }
    },
    "coordinate": {
        "latitude": 13.16666666,
        "longitude": -59.53333333
    }
}