{
    "_id": "BRN",
    "altSpellings": [
        "BN",
        "Brunei Darussalam",
        "Nation of Brunei",
        "the Abode of Peace"
    ],
    "area": 5765,
    "borders": [
        "MYS"
    ],
    "callingCode": [
        "673"
    ],
    "capital": "Bandar Seri Begawan",
    "cca2": "BN",
    "cca3": "BRN",
    "ccn3": "096",
    "cioc": "BRU",
    "currency": [
        "BND"
    ],
    "demonym": "Bruneian",
    "landlocked": false,
    "languages": {
        "msa": "Malay"
    },
    "latlng": [
        4.5,
        114.66666666
    ],
    "name": {
        "common": "Brunei",
        "native": {
            "msa": {
                "common": "Negara Brunei Darussalam",
                "official": "Nation of Brunei, Abode Damai"
            }
        },
        "official": "Nation of Brunei, Abode of Peace"
    },
    "region": "Asia",
    "subregion": "South-Eastern Asia",
    "tld": [
        ".bn"
    ],
    "translations": {
        "cym": {
            "common": "Brunei",
            "official": "Nation of Brunei, Abode of Peace"
        },
        "deu": {
            "common": "Brunei",
            "official": "Nation von Brunei, Wohnung des Friedens"
        },
        "fin": {
            "common": "Brunei",
            "official": "Brunei Darussalamin valtio"
        },
        "fra": {
            "common": "Brunei",
            "official": "Nation de Brunei, demeure de la paix"
        },
        "hrv": {
            "common": "Brunej",
            "official": "Nacija od Bruneja, Ku\u0107u Mira"
        },
        "ita": {
            "common": "Brunei",
            "official": "Nazione di Brunei, Dimora della Pace"
        },
        "jpn": {
            "common": "\u30d6\u30eb\u30cd\u30a4\u30fb\u30c0\u30eb\u30b5\u30e9\u30fc\u30e0",
            "official": "\u30d6\u30eb\u30cd\u30a4\u3001\u5e73\u548c\u306e\u7cbe\u820e\u306e\u56fd\u5bb6"
        },
        "nld": {
            "common": "Brunei",
            "official": "Natie van Brunei, de verblijfplaats van de Vrede"
        },
        "por": {
            "common": "Brunei",
            "official": "Na\u00e7\u00e3o do Brunei, Morada da Paz"
        },
        "rus": {
            "common": "\u0411\u0440\u0443\u043d\u0435\u0439",
            "official": "\u041d\u0430\u0446\u0438\u044f \u0411\u0440\u0443\u043d\u0435\u0439, \u043e\u0431\u0438\u0442\u0435\u043b\u044c \u043c\u0438\u0440\u0430"
        },
        "spa": {
            "common": "Brunei",
            "official": "Naci\u00f3n de Brunei, Morada de la Paz"
        }
    },
    "coordinate": {
        "latitude": 4.5,
        "longitude": 114.66666666
    }
}