{
    "_id": "BTN",
    "altSpellings": [
        "BT",
        "Kingdom of Bhutan"
    ],
    "area": 38394,
    "borders": [
        "CHN",
        "IND"
    ],
    "callingCode": [
        "975"
    ],
    "capital": "Thimphu",
    "cca2": "BT",
    "cca3": "BTN",
    "ccn3": "064",
    "cioc": "BHU",
    "currency": [
        "BTN",
        "INR"
    ],
    "demonym": "Bhutanese",
    "landlocked": true,
    "languages": {
        "dzo": "Dzongkha"
    },
    "latlng": [
        27.5,
        90.5
    ],
    "name": {
        "common": "Bhutan",
        "native": {
            "dzo": {
                "common": "\u0f60\u0f56\u0fb2\u0f74\u0f42\u0f0b\u0f61\u0f74\u0f63\u0f0b",
                "official": "\u0f60\u0f56\u0fb2\u0f74\u0f42\u0f0b\u0f62\u0f92\u0fb1\u0f63\u0f0b\u0f41\u0f56\u0f0b"
            }
        },
        "official": "Kingdom of Bhutan"
    },
    "region": "Asia",
    "subregion": "Southern Asia",
    "tld": [
        ".bt"
    ],
    "translations": {
        "cym": {
            "common": "Bhwtan",
            "official": "Kingdom of Bhutan"
        },
        "deu": {
            "common": "Bhutan",
            "official": "K\u00f6nigreich Bhutan"
        },
        "fin": {
            "common": "Bhutan",
            "official": "Bhutanin kuningaskunta"
        },
        "fra": {
            "common": "Bhoutan",
            "official": "Royaume du Bhoutan"
        },
        "hrv": {
            "common": "Butan",
            "official": "Kraljevina Butan"
        },
        "ita": {
            "common": "Bhutan",
            "official": "Regno del Bhutan"
        },
        "jpn": {
            "common": "\u30d6\u30fc\u30bf\u30f3",
            "official": "\u30d6\u30fc\u30bf\u30f3\u738b\u56fd"
        },
        "nld": {
            "common": "Bhutan",
            "official": "Koninkrijk Bhutan"
        },
        "por": {
            "common": "But\u00e3o",
            "official": "Reino do But\u00e3o"
        },
        "rus": {
            "common": "\u0411\u0443\u0442\u0430\u043d",
            "official": "\u041a\u043e\u0440\u043e\u043b\u0435\u0432\u0441\u0442\u0432\u043e \u0411\u0443\u0442\u0430\u043d"
        },
        "spa": {
            "common": "But\u00e1n",
            "official": "Reino de But\u00e1n"
        }
    },
    "coordinate": {
        "latitude": 27.5,
        "longitude": 90.5
    }
}