{
    "_id": "BVT",
    "altSpellings": [
        "BV",
        "Bouvet\u00f8ya",
        "Bouvet-\u00f8ya"
    ],
    "area": 49,
    "borders": [],
    "callingCode": [],
    "capital": "",
    "cca2": "BV",
    "cca3": "BVT",
    "ccn3": "074",
    "cioc": "",
    "currency": [
        "NOK"
    ],
    "demonym": "",
    "landlocked": false,
    "languages": {
        "nor": "Norwegian"
    },
    "latlng": [
        -54.43333333,
        3.4
    ],
    "name": {
        "common": "Bouvet Island",
        "native": {
            "nor": {
                "common": "Bouvet\u00f8ya",
                "official": "Bouvet\u00f8ya"
            }
        },
        "official": "Bouvet Island"
    },
    "region": "",
    "subregion": "",
    "tld": [
        ".bv"
    ],
    "translations": {
        "deu": {
            "common": "Bouvetinsel",
            "official": "Bouvet-Insel"
        },
        "fin": {
            "common": "Bouvet'nsaari",
            "official": "Bouvet'nsaari"
        },
        "fra": {
            "common": "\u00cele Bouvet",
            "official": "\u00cele Bouvet"
        },
        "hrv": {
            "common": "Otok Bouvet",
            "official": "Bouvet Island"
        },
        "ita": {
            "common": "Isola Bouvet",
            "official": "Isola Bouvet"
        },
        "jpn": {
            "common": "\u30d6\u30fc\u30d9\u5cf6",
            "official": "\u30d6\u30fc\u30f4\u30a7\u5cf6"
        },
        "nld": {
            "common": "Bouveteiland",
            "official": "Bouvet Island"
        },
        "por": {
            "common": "Ilha Bouvet",
            "official": "Ilha Bouvet"
        },
        "rus": {
            "common": "\u041e\u0441\u0442\u0440\u043e\u0432 \u0411\u0443\u0432\u0435",
            "official": "\u041e\u0441\u0442\u0440\u043e\u0432 \u0411\u0443\u0432\u0435"
        },
        "spa": {
            "common": "Isla Bouvet",
            "official": "Isla Bouvet"
        }
    },
    "coordinate": {
        "latitude": -54.43333333,
        "longitude": 3.4
    }
}