{
    "_id": "BWA",
    "altSpellings": [
        "BW",
        "Republic of Botswana",
        "Lefatshe la Botswana"
    ],
    "area": 582000,
    "borders": [
        "NAM",
        "ZAF",
        "ZMB",
        "ZWE"
    ],
    "callingCode": [
        "267"
    ],
    "capital": "Gaborone",
    "cca2": "BW",
    "cca3": "BWA",
    "ccn3": "072",
    "cioc": "BOT",
    "currency": [
        "BWP"
    ],
    "demonym": "Motswana",
    "landlocked": true,
    "languages": {
        "eng": "English",
        "tsn": "Tswana"
    },
    "latlng": [
        -22,
        24
    ],
    "name": {
        "common": "Botswana",
        "native": {
            "eng": {
                "common": "Botswana",
                "official": "Republic of Botswana"
            },
            "tsn": {
                "common": "Botswana",
                "official": "Lefatshe la Botswana"
            }
        },
        "official": "Republic of Botswana"
    },
    "region": "Africa",
    "subregion": "Southern Africa",
    "tld": [
        ".bw"
    ],
    "translations": {
        "deu": {
            "common": "Botswana",
            "official": "Republik Botsuana"
        },
        "fin": {
            "common": "Botswana",
            "official": "Botswanan tasavalta"
        },
        "fra": {
            "common": "Botswana",
            "official": "R\u00e9publique du Botswana"
        },
        "hrv": {
            "common": "Bocvana",
            "official": "Republika Bocvana"
        },
        "ita": {
            "common": "Botswana",
            "official": "Repubblica del Botswana"
        },
        "jpn": {
            "common": "\u30dc\u30c4\u30ef\u30ca",
            "official": "\u30dc\u30c4\u30ef\u30ca\u5171\u548c\u56fd"
        },
        "nld": {
            "common": "Botswana",
            "official": "Republiek Botswana"
        },
        "por": {
            "common": "Botswana",
            "official": "Rep\u00fablica do Botswana"
        },
        "rus": {
            "common": "\u0411\u043e\u0442\u0441\u0432\u0430\u043d\u0430",
            "official": "\u0420\u0435\u0441\u043f\u0443\u0431\u043b\u0438\u043a\u0430 \u0411\u043e\u0442\u0441\u0432\u0430\u043d\u0430"
        },
        "spa": {
            "common": "Botswana",
            "official": "Rep\u00fablica de Botswana"
        }
    },
    "coordinate": {
        "latitude": -22,
        "longitude": 24
    }
}