{
    "_id": "CAF",
    "altSpellings": [
        "CF",
        "Central African Republic",
        "R\u00e9publique centrafricaine"
    ],
    "area": 622984,
    "borders": [
        "CMR",
        "TCD",
        "COD",
        "COG",
        "SSD",
        "SDN"
    ],
    "callingCode": [
        "236"
    ],
    "capital": "Bangui",
    "cca2": "CF",
    "cca3": "CAF",
    "ccn3": "140",
    "cioc": "CAF",
    "currency": [
        "XAF"
    ],
    "demonym": "Central African",
    "landlocked": true,
    "languages": {
        "fra": "French",
        "sag": "Sango"
    },
    "latlng": [
        7,
        21
    ],
    "name": {
        "common": "Central African Republic",
        "native": {
            "fra": {
                "common": "R\u00e9publique centrafricaine",
                "official": "R\u00e9publique centrafricaine"
            },
            "sag": {
                "common": "B\u00eaafr\u00eeka",
                "official": "K\u00f6d\u00f6r\u00f6s\u00ease t\u00ee B\u00eaafr\u00eeka"
            }
        },
        "official": "Central African Republic"
    },
    "region": "Africa",
    "subregion": "Middle Africa",
    "tld": [
        ".cf"
    ],
    "translations": {
        "cym": {
            "common": "Gweriniaeth Canolbarth Affrica",
            "official": "Central African Republic"
        },
        "deu": {
            "common": "Zentralafrikanische Republik",
            "official": "Zentralafrikanische Republik"
        },
        "fin": {
            "common": "Keski-Afrikan tasavalta",
            "official": "Keski-Afrikan tasavalta"
        },
        "fra": {
            "common": "R\u00e9publique centrafricaine",
            "official": "R\u00e9publique centrafricaine"
        },
        "hrv": {
            "common": "Srednjoafri\u010dka Republika",
            "official": "Centralna Afri\u010dka Republika"
        },
        "ita": {
            "common": "Repubblica Centrafricana",
            "official": "Repubblica Centrafricana"
        },
        "jpn": {
            "common": "\u4e2d\u592e\u30a2\u30d5\u30ea\u30ab\u5171\u548c\u56fd",
            "official": "\u4e2d\u592e\u30a2\u30d5\u30ea\u30ab\u5171\u548c\u56fd"
        },
        "nld": {
            "common": "Centraal-Afrikaanse Republiek",
            "official": "Centraal-Afrikaanse Republiek"
        },
        "por": {
            "common": "Rep\u00fablica Centro-Africana",
            "official": "Rep\u00fablica Centro- Africano"
        },
        "rus": {
            "common": "\u0426\u0435\u043d\u0442\u0440\u0430\u043b\u044c\u043d\u043e\u0430\u0444\u0440\u0438\u043a\u0430\u043d\u0441\u043a\u0430\u044f \u0420\u0435\u0441\u043f\u0443\u0431\u043b\u0438\u043a\u0430",
            "official": "\u0426\u0435\u043d\u0442\u0440\u0430\u043b\u044c\u043d\u043e-\u0410\u0444\u0440\u0438\u043a\u0430\u043d\u0441\u043a\u0430\u044f \u0420\u0435\u0441\u043f\u0443\u0431\u043b\u0438\u043a\u0430"
        },
        "spa": {
            "common": "Rep\u00fablica Centroafricana",
            "official": "Rep\u00fablica Centroafricana"
        }
    },
    "coordinate": {
        "latitude": 7,
        "longitude": 21
    }
}