{
    "_id": "CAN",
    "altSpellings": [
        "CA"
    ],
    "area": 9984670.0,
    "borders": [
        "USA"
    ],
    "callingCode": [
        "1"
    ],
    "capital": "Ottawa",
    "cca2": "CA",
    "cca3": "CAN",
    "ccn3": "124",
    "cioc": "CAN",
    "currency": [
        "CAD"
    ],
    "demonym": "Canadian",
    "landlocked": false,
    "languages": {
        "eng": "English",
        "fra": "French"
    },
    "latlng": [
        60,
        -95
    ],
    "name": {
        "common": "Canada",
        "native": {
            "eng": {
                "common": "Canada",
                "official": "Canada"
            },
            "fra": {
                "common": "Canada",
                "official": "Canada"
            }
        },
        "official": "Canada"
    },
    "region": "Americas",
    "subregion": "Northern America",
    "tld": [
        ".ca"
    ],
    "translations": {
        "cym": {
            "common": "Canada",
            "official": "Canada"
        },
        "deu": {
            "common": "Kanada",
            "official": "Kanada"
        },
        "fin": {
            "common": "Kanada",
            "official": "Kanada"
        },
        "fra": {
            "common": "Canada",
            "official": "Canada"
        },
        "hrv": {
            "common": "Kanada",
            "official": "Kanada"
        },
        "ita": {
            "common": "Canada",
            "official": "Canada"
        },
        "jpn": {
            "common": "\u30ab\u30ca\u30c0",
            "official": "\u30ab\u30ca\u30c0"
        },
        "nld": {
            "common": "Canada",
            "official": "Canada"
        },
        "por": {
            "common": "Canad\u00e1",
            "official": "Canad\u00e1"
        },
        "rus": {
            "common": "\u041a\u0430\u043d\u0430\u0434\u0430",
            "official": "\u041a\u0430\u043d\u0430\u0434\u0430"
        },
        "spa": {
            "common": "Canad\u00e1",
            "official": "Canad\u00e1"
        }
    },
    "coordinate": {
        "latitude": 60,
        "longitude": -95
    }
}