{
    "_id": "CCK",
    "altSpellings": [
        "CC",
        "Territory of the Cocos (Keeling) Islands",
        "Keeling Islands"
    ],
    "area": 14,
    "borders": [],
    "callingCode": [
        "61"
    ],
    "capital": "West Island",
    "cca2": "CC",
    "cca3": "CCK",
    "ccn3": "166",
    "cioc": "",
    "currency": [
        "AUD"
    ],
    "demonym": "Cocos Islander",
    "landlocked": false,
    "languages": {
        "eng": "English"
    },
    "latlng": [
        -12.5,
        96.83333333
    ],
    "name": {
        "common": "Cocos (Keeling) Islands",
        "native": {
            "eng": {
                "common": "Cocos (Keeling) Islands",
                "official": "Territory of the Cocos (Keeling) Islands"
            }
        },
        "official": "Territory of the Cocos (Keeling) Islands"
    },
    "region": "Oceania",
    "subregion": "Australia and New Zealand",
    "tld": [
        ".cc"
    ],
    "translations": {
        "cym": {
            "common": "Ynysoedd Cocos",
            "official": "Territory of the Cocos (Keeling) Islands"
        },
        "deu": {
            "common": "Kokosinseln",
            "official": "Gebiet der Cocos (Keeling) Islands"
        },
        "fin": {
            "common": "Kookossaaret",
            "official": "Kookossaaret"
        },
        "fra": {
            "common": "\u00celes Cocos",
            "official": "Territoire des (Keeling) \u00eeles Cocos"
        },
        "hrv": {
            "common": "Kokosovi Otoci",
            "official": "Teritoriju Kokosovi (Keeling) Islands"
        },
        "ita": {
            "common": "Isole Cocos e Keeling",
            "official": "Territorio della ( Keeling) Isole Cocos"
        },
        "jpn": {
            "common": "\u30b3\u30b3\u30b9\uff08\u30ad\u30fc\u30ea\u30f3\u30b0\uff09\u8af8\u5cf6",
            "official": "\u30b3\u30b3\u30b9\u8af8\u5cf6\u306e\u9818\u571f"
        },
        "nld": {
            "common": "Cocoseilanden",
            "official": "Grondgebied van de Eilanden Cocos ( Keeling )"
        },
        "por": {
            "common": "Ilhas Cocos (Keeling)",
            "official": "Territ\u00f3rio dos Cocos (Keeling)"
        },
        "rus": {
            "common": "\u041a\u043e\u043a\u043e\u0441\u043e\u0432\u044b\u0435 \u043e\u0441\u0442\u0440\u043e\u0432\u0430",
            "official": "\u0422\u0435\u0440\u0440\u0438\u0442\u043e\u0440\u0438\u044f \u041a\u043e\u043a\u043e\u0441\u043e\u0432\u044b\u0435 (\u041a\u0438\u043b\u0438\u043d\u0433) \u043e\u0441\u0442\u0440\u043e\u0432\u0430"
        },
        "spa": {
            "common": "Islas Cocos o Islas Keeling",
            "official": "Territorio de los (Keeling) Islas Cocos"
        }
    },
    "coordinate": {
        "latitude": -12.5,
        "longitude": 96.83333333
    }
}