{
    "_id": "CHE",
    "altSpellings": [
        "CH",
        "Swiss Confederation",
        "Schweiz",
        "Suisse",
        "Svizzera",
        "Svizra"
    ],
    "area": 41284,
    "borders": [
        "AUT",
        "FRA",
        "ITA",
        "LIE",
        "DEU"
    ],
    "callingCode": [
        "41"
    ],
    "capital": "Bern",
    "cca2": "CH",
    "cca3": "CHE",
    "ccn3": "756",
    "cioc": "SUI",
    "currency": [
        "CHE",
        "CHF",
        "CHW"
    ],
    "demonym": "Swiss",
    "landlocked": true,
    "languages": {
        "fra": "French",
        "gsw": "Swiss German",
        "ita": "Italian",
        "roh": "Romansh"
    },
    "latlng": [
        47,
        8
    ],
    "name": {
        "common": "Switzerland",
        "native": {
            "fra": {
                "common": "Suisse",
                "official": "Conf\u00e9d\u00e9ration suisse"
            },
            "gsw": {
                "common": "Schweiz",
                "official": "Schweizerische Eidgenossenschaft"
            },
            "ita": {
                "common": "Svizzera",
                "official": "Confederazione Svizzera"
            },
            "roh": {
                "common": "Svizra",
                "official": "Confederaziun svizra"
            }
        },
        "official": "Swiss Confederation"
    },
    "region": "Europe",
    "subregion": "Western Europe",
    "tld": [
        ".ch"
    ],
    "translations": {
        "deu": {
            "common": "Schweiz",
            "official": "schweizerischen Eidgenossenschaft"
        },
        "fin": {
            "common": "Sveitsi",
            "official": "Sveitsin valaliitto"
        },
        "fra": {
            "common": "Suisse",
            "official": "Conf\u00e9d\u00e9ration suisse"
        },
        "hrv": {
            "common": "\u0160vicarska",
            "official": "\u0161vicarska Konfederacija"
        },
        "ita": {
            "common": "Svizzera",
            "official": "Confederazione svizzera"
        },
        "jpn": {
            "common": "\u30b9\u30a4\u30b9",
            "official": "\u30b9\u30a4\u30b9\u9023\u90a6"
        },
        "nld": {
            "common": "Zwitserland",
            "official": "Zwitserse Confederatie"
        },
        "por": {
            "common": "Su\u00ed\u00e7a",
            "official": "Confedera\u00e7\u00e3o Su\u00ed\u00e7a"
        },
        "rus": {
            "common": "\u0428\u0432\u0435\u0439\u0446\u0430\u0440\u0438\u044f",
            "official": "\u0428\u0432\u0435\u0439\u0446\u0430\u0440\u0441\u043a\u0430\u044f \u041a\u043e\u043d\u0444\u0435\u0434\u0435\u0440\u0430\u0446\u0438\u044f"
        },
        "spa": {
            "common": "Suiza",
            "official": "Confederaci\u00f3n Suiza"
        }
    },
    "coordinate": {
        "latitude": 47,
        "longitude": 8
    }
}