{
    "_id": "CHL",
    "altSpellings": [
        "CL",
        "Republic of Chile",
        "Rep\u00fablica de Chile"
    ],
    "area": 756102,
    "borders": [
        "ARG",
        "BOL",
        "PER"
    ],
    "callingCode": [
        "56"
    ],
    "capital": "Santiago",
    "cca2": "CL",
    "cca3": "CHL",
    "ccn3": "152",
    "cioc": "CHI",
    "currency": [
        "CLF",
        "CLP"
    ],
    "demonym": "Chilean",
    "landlocked": false,
    "languages": {
        "spa": "Spanish"
    },
    "latlng": [
        -30,
        -71
    ],
    "name": {
        "common": "Chile",
        "native": {
            "spa": {
                "common": "Chile",
                "official": "Rep\u00fablica de Chile"
            }
        },
        "official": "Republic of Chile"
    },
    "region": "Americas",
    "subregion": "South America",
    "tld": [
        ".cl"
    ],
    "translations": {
        "cym": {
            "common": "Chile",
            "official": "Republic of Chile"
        },
        "deu": {
            "common": "Chile",
            "official": "Republik Chile"
        },
        "fin": {
            "common": "Chile",
            "official": "Chilen tasavalta"
        },
        "fra": {
            "common": "Chili",
            "official": "R\u00e9publique du Chili"
        },
        "hrv": {
            "common": "\u010cile",
            "official": "Republika \u010cile"
        },
        "ita": {
            "common": "Cile",
            "official": "Repubblica del Cile"
        },
        "jpn": {
            "common": "\u30c1\u30ea",
            "official": "\u30c1\u30ea\u5171\u548c\u56fd"
        },
        "nld": {
            "common": "Chili",
            "official": "Republiek Chili"
        },
        "por": {
            "common": "Chile",
            "official": "Rep\u00fablica do Chile"
        },
        "rus": {
            "common": "\u0427\u0438\u043b\u0438",
            "official": "\u0420\u0435\u0441\u043f\u0443\u0431\u043b\u0438\u043a\u0430 \u0427\u0438\u043b\u0438"
        },
        "spa": {
            "common": "Chile",
            "official": "Rep\u00fablica de Chile"
        }
    },
    "coordinate": {
        "latitude": -30,
        "longitude": -71
    }
}