{
    "_id": "CHN",
    "altSpellings": [
        "CN",
        "Zh\u014dnggu\u00f3",
        "Zhongguo",
        "Zhonghua",
        "People's Republic of China",
        "\u4e2d\u534e\u4eba\u6c11\u5171\u548c\u56fd",
        "Zh\u014dnghu\u00e1 R\u00e9nm\u00edn G\u00f2ngh\u00e9gu\u00f3"
    ],
    "area": 9706961.0,
    "borders": [
        "AFG",
        "BTN",
        "MMR",
        "HKG",
        "IND",
        "KAZ",
        "PRK",
        "KGZ",
        "LAO",
        "MAC",
        "MNG",
        "PAK",
        "RUS",
        "TJK",
        "VNM"
    ],
    "callingCode": [
        "86"
    ],
    "capital": "Beijing",
    "cca2": "CN",
    "cca3": "CHN",
    "ccn3": "156",
    "cioc": "CHN",
    "currency": [
        "CNY"
    ],
    "demonym": "Chinese",
    "landlocked": false,
    "languages": {
        "cmn": "Mandarin"
    },
    "latlng": [
        35,
        105
    ],
    "name": {
        "common": "China",
        "native": {
            "cmn": {
                "common": "\u4e2d\u56fd",
                "official": "\u4e2d\u534e\u4eba\u6c11\u5171\u548c\u56fd"
            }
        },
        "official": "People's Republic of China"
    },
    "region": "Asia",
    "subregion": "Eastern Asia",
    "tld": [
        ".cn",
        ".\u4e2d\u56fd",
        ".\u4e2d\u570b",
        ".\u516c\u53f8",
        ".\u7f51\u7edc"
    ],
    "translations": {
        "cym": {
            "common": "Tsieina",
            "official": "People's Republic of China"
        },
        "deu": {
            "common": "China",
            "official": "Volksrepublik China"
        },
        "fin": {
            "common": "Kiina",
            "official": "Kiinan kansantasavalta"
        },
        "fra": {
            "common": "Chine",
            "official": "R\u00e9publique populaire de Chine"
        },
        "hrv": {
            "common": "Kina",
            "official": "Narodna Republika Kina"
        },
        "ita": {
            "common": "Cina",
            "official": "Repubblica popolare cinese"
        },
        "jpn": {
            "common": "\u4e2d\u56fd",
            "official": "\u4e2d\u83ef\u4eba\u6c11\u5171\u548c\u56fd"
        },
        "nld": {
            "common": "China",
            "official": "Volksrepubliek China"
        },
        "por": {
            "common": "China",
            "official": "Rep\u00fablica Popular da China"
        },
        "rus": {
            "common": "\u041a\u0438\u0442\u0430\u0439",
            "official": "\u041d\u0430\u0440\u043e\u0434\u043d\u0430\u044f \u0420\u0435\u0441\u043f\u0443\u0431\u043b\u0438\u043a\u0430 \u041a\u0438\u0442\u0430\u0439"
        },
        "spa": {
            "common": "China",
            "official": "Rep\u00fablica Popular de China"
        }
    },
    "coordinate": {
        "latitude": 35,
        "longitude": 105
    }
}