{
    "_id": "CIV",
    "altSpellings": [
        "CI",
        "C\u00f4te d'Ivoire",
        "Ivory Coast",
        "Republic of C\u00f4te d'Ivoire",
        "R\u00e9publique de C\u00f4te d'Ivoire"
    ],
    "area": 322463,
    "borders": [
        "BFA",
        "GHA",
        "GIN",
        "LBR",
        "MLI"
    ],
    "callingCode": [
        "225"
    ],
    "capital": "Yamoussoukro",
    "cca2": "CI",
    "cca3": "CIV",
    "ccn3": "384",
    "cioc": "CIV",
    "currency": [
        "XOF"
    ],
    "demonym": "Ivorian",
    "landlocked": false,
    "languages": {
        "fra": "French"
    },
    "latlng": [
        8,
        -5
    ],
    "name": {
        "common": "Ivory Coast",
        "native": {
            "fra": {
                "common": "C\u00f4te d'Ivoire",
                "official": "R\u00e9publique de C\u00f4te d'Ivoire"
            }
        },
        "official": "Republic of C\u00f4te d'Ivoire"
    },
    "region": "Africa",
    "subregion": "Western Africa",
    "tld": [
        ".ci"
    ],
    "translations": {
        "deu": {
            "common": "Elfenbeink\u00fcste",
            "official": "Republik C\u00f4te d'Ivoire"
        },
        "fin": {
            "common": "Norsunluurannikko",
            "official": "Norsunluurannikon tasavalta"
        },
        "fra": {
            "common": "C\u00f4te d'Ivoire",
            "official": "R\u00e9publique de C\u00f4te d' Ivoire"
        },
        "hrv": {
            "common": "Obala Bjelokosti",
            "official": "Republika C\u00f4te d' Ivoire"
        },
        "ita": {
            "common": "Costa D'Avorio",
            "official": "Repubblica della Costa d' Avorio"
        },
        "jpn": {
            "common": "\u30b3\u30fc\u30c8\u30b8\u30dc\u30ef\u30fc\u30eb",
            "official": "\u30b3\u30fc\u30c8\u30b8\u30dc\u30ef\u30fc\u30eb\u5171\u548c\u56fd"
        },
        "nld": {
            "common": "Ivoorkust",
            "official": "Republiek Ivoorkust"
        },
        "por": {
            "common": "Costa do Marfim",
            "official": "Rep\u00fablica da C\u00f4te d' Ivoire"
        },
        "rus": {
            "common": "\u041a\u043e\u0442-\u0434\u2019\u0418\u0432\u0443\u0430\u0440",
            "official": "\u0420\u0435\u0441\u043f\u0443\u0431\u043b\u0438\u043a\u0430 \u041a\u043e\u0442- \u0434'\u0418\u0432\u0443\u0430\u0440\u0435"
        },
        "spa": {
            "common": "Costa de Marfil",
            "official": "Rep\u00fablica de C\u00f4te d' Ivoire"
        }
    },
    "coordinate": {
        "latitude": 8,
        "longitude": -5
    }
}