{
    "_id": "CMR",
    "altSpellings": [
        "CM",
        "Republic of Cameroon",
        "R\u00e9publique du Cameroun"
    ],
    "area": 475442,
    "borders": [
        "CAF",
        "TCD",
        "COG",
        "GNQ",
        "GAB",
        "NGA"
    ],
    "callingCode": [
        "237"
    ],
    "capital": "Yaound\u00e9",
    "cca2": "CM",
    "cca3": "CMR",
    "ccn3": "120",
    "cioc": "CMR",
    "currency": [
        "XAF"
    ],
    "demonym": "Cameroonian",
    "landlocked": false,
    "languages": {
        "eng": "English",
        "fra": "French"
    },
    "latlng": [
        6,
        12
    ],
    "name": {
        "common": "Cameroon",
        "native": {
            "eng": {
                "common": "Cameroon",
                "official": "Republic of Cameroon"
            },
            "fra": {
                "common": "Cameroun",
                "official": "R\u00e9publique du Cameroun"
            }
        },
        "official": "Republic of Cameroon"
    },
    "region": "Africa",
    "subregion": "Middle Africa",
    "tld": [
        ".cm"
    ],
    "translations": {
        "cym": {
            "common": "Camer\u0175n",
            "official": "Republic of Cameroon"
        },
        "deu": {
            "common": "Kamerun",
            "official": "Republik Kamerun"
        },
        "fin": {
            "common": "Kamerun",
            "official": "Kamerunin tasavalta"
        },
        "fra": {
            "common": "Cameroun",
            "official": "R\u00e9publique du Cameroun"
        },
        "hrv": {
            "common": "Kamerun",
            "official": "Republika Kamerun"
        },
        "ita": {
            "common": "Camerun",
            "official": "Repubblica del Camerun"
        },
        "jpn": {
            "common": "\u30ab\u30e1\u30eb\u30fc\u30f3",
            "official": "\u30ab\u30e1\u30eb\u30fc\u30f3\u5171\u548c\u56fd"
        },
        "nld": {
            "common": "Kameroen",
            "official": "Republiek Kameroen"
        },
        "por": {
            "common": "Camar\u00f5es",
            "official": "Rep\u00fablica dos Camar\u00f5es"
        },
        "rus": {
            "common": "\u041a\u0430\u043c\u0435\u0440\u0443\u043d",
            "official": "\u0420\u0435\u0441\u043f\u0443\u0431\u043b\u0438\u043a\u0430 \u041a\u0430\u043c\u0435\u0440\u0443\u043d"
        },
        "spa": {
            "common": "Camer\u00fan",
            "official": "Rep\u00fablica de Camer\u00fan"
        }
    },
    "coordinate": {
        "latitude": 6,
        "longitude": 12
    }
}