{
    "_id": "COD",
    "altSpellings": [
        "CD",
        "DR Congo",
        "Congo-Kinshasa",
        "Congo, the Democratic Republic of the",
        "DRC"
    ],
    "area": 2344858.0,
    "borders": [
        "AGO",
        "BDI",
        "CAF",
        "COG",
        "RWA",
        "SSD",
        "TZA",
        "UGA",
        "ZMB"
    ],
    "callingCode": [
        "243"
    ],
    "capital": "Kinshasa",
    "cca2": "CD",
    "cca3": "COD",
    "ccn3": "180",
    "cioc": "COD",
    "currency": [
        "CDF"
    ],
    "demonym": "Congolese",
    "landlocked": false,
    "languages": {
        "fra": "French",
        "kon": "Kikongo",
        "lin": "Lingala",
        "lua": "Tshiluba",
        "swa": "Swahili"
    },
    "latlng": [
        0,
        25
    ],
    "name": {
        "common": "DR Congo",
        "native": {
            "fra": {
                "common": "RD Congo",
                "official": "R\u00e9publique d\u00e9mocratique du Congo"
            },
            "kon": {
                "common": "Repubilika ya Kongo Demokratiki",
                "official": "Repubilika ya Kongo Demokratiki"
            },
            "lin": {
                "common": "Republiki ya Kong\u00f3 Demokratiki",
                "official": "Republiki ya Kong\u00f3 Demokratiki"
            },
            "lua": {
                "common": "Ditunga dia Kongu wa Mungalaata",
                "official": "Ditunga dia Kongu wa Mungalaata"
            },
            "swa": {
                "common": "Jamhuri ya Kidemokrasia ya Kongo",
                "official": "Jamhuri ya Kidemokrasia ya Kongo"
            }
        },
        "official": "Democratic Republic of the Congo"
    },
    "region": "Africa",
    "subregion": "Middle Africa",
    "tld": [
        ".cd"
    ],
    "translations": {
        "cym": {
            "common": "Gweriniaeth Ddemocrataidd Congo",
            "official": "Democratic Republic of the Congo"
        },
        "deu": {
            "common": "Kongo (Dem. Rep.)",
            "official": "Demokratische Republik Kongo"
        },
        "fin": {
            "common": "Kongon demokraattinen tasavalta",
            "official": "Kongon demokraattinen tasavalta"
        },
        "fra": {
            "common": "Congo (R\u00e9p. d\u00e9m.)",
            "official": "R\u00e9publique d\u00e9mocratique du Congo"
        },
        "hrv": {
            "common": "Kongo, Demokratska Republika",
            "official": "Demokratska Republika Kongo"
        },
        "ita": {
            "common": "Congo (Rep. Dem.)",
            "official": "Repubblica Democratica del Congo"
        },
        "jpn": {
            "common": "\u30b3\u30f3\u30b4\u6c11\u4e3b\u5171\u548c\u56fd",
            "official": "\u30b3\u30f3\u30b4\u6c11\u4e3b\u5171\u548c\u56fd"
        },
        "nld": {
            "common": "Congo (DRC)",
            "official": "Democratische Republiek Congo"
        },
        "por": {
            "common": "Rep\u00fablica Democr\u00e1tica do Congo",
            "official": "Rep\u00fablica Democr\u00e1tica do Congo"
        },
        "rus": {
            "common": "\u0414\u0435\u043c\u043e\u043a\u0440\u0430\u0442\u0438\u0447\u0435\u0441\u043a\u0430\u044f \u0420\u0435\u0441\u043f\u0443\u0431\u043b\u0438\u043a\u0430 \u041a\u043e\u043d\u0433\u043e",
            "official": "\u0414\u0435\u043c\u043e\u043a\u0440\u0430\u0442\u0438\u0447\u0435\u0441\u043a\u0430\u044f \u0420\u0435\u0441\u043f\u0443\u0431\u043b\u0438\u043a\u0430 \u041a\u043e\u043d\u0433\u043e"
        },
        "spa": {
            "common": "Congo (Rep. Dem.)",
            "official": "Rep\u00fablica Democr\u00e1tica del Congo"
        }
    },
    "coordinate": {
        "latitude": 0,
        "longitude": 25
    }
}