{
    "_id": "COG",
    "altSpellings": [
        "CG",
        "Congo",
        "Congo-Brazzaville"
    ],
    "area": 342000,
    "borders": [
        "AGO",
        "CMR",
        "CAF",
        "COD",
        "GAB"
    ],
    "callingCode": [
        "242"
    ],
    "capital": "Brazzaville",
    "cca2": "CG",
    "cca3": "COG",
    "ccn3": "178",
    "cioc": "CGO",
    "currency": [
        "XAF"
    ],
    "demonym": "Congolese",
    "landlocked": false,
    "languages": {
        "fra": "French",
        "kon": "Kikongo",
        "lin": "Lingala"
    },
    "latlng": [
        -1,
        15
    ],
    "name": {
        "common": "Republic of the Congo",
        "native": {
            "fra": {
                "common": "R\u00e9publique du Congo",
                "official": "R\u00e9publique du Congo"
            },
            "kon": {
                "common": "Repubilika ya Kongo",
                "official": "Repubilika ya Kongo"
            },
            "lin": {
                "common": "Republ\u00edki ya Kong\u00f3",
                "official": "Republ\u00edki ya Kong\u00f3"
            }
        },
        "official": "Republic of the Congo"
    },
    "region": "Africa",
    "subregion": "Middle Africa",
    "tld": [
        ".cg"
    ],
    "translations": {
        "cym": {
            "common": "Gweriniaeth y Congo",
            "official": "Republic of the Congo"
        },
        "deu": {
            "common": "Kongo",
            "official": "Republik Kongo"
        },
        "fin": {
            "common": "Kongo-Brazzaville",
            "official": "Kongon tasavalta"
        },
        "fra": {
            "common": "Congo",
            "official": "R\u00e9publique du Congo"
        },
        "hrv": {
            "common": "Kongo",
            "official": "Republika Kongo"
        },
        "ita": {
            "common": "Congo",
            "official": "Repubblica del Congo"
        },
        "jpn": {
            "common": "\u30b3\u30f3\u30b4\u5171\u548c\u56fd",
            "official": "\u30b3\u30f3\u30b4\u5171\u548c\u56fd"
        },
        "nld": {
            "common": "Congo",
            "official": "Republiek Congo"
        },
        "por": {
            "common": "Congo",
            "official": "Rep\u00fablica do Congo"
        },
        "rus": {
            "common": "\u0420\u0435\u0441\u043f\u0443\u0431\u043b\u0438\u043a\u0430 \u041a\u043e\u043d\u0433\u043e",
            "official": "\u0420\u0435\u0441\u043f\u0443\u0431\u043b\u0438\u043a\u0430 \u041a\u043e\u043d\u0433\u043e"
        },
        "spa": {
            "common": "Congo",
            "official": "Rep\u00fablica del Congo"
        }
    },
    "coordinate": {
        "latitude": -1,
        "longitude": 15
    }
}