{
    "_id": "COK",
    "altSpellings": [
        "CK",
        "K\u016bki '\u0100irani"
    ],
    "area": 236,
    "borders": [],
    "callingCode": [
        "682"
    ],
    "capital": "Avarua",
    "cca2": "CK",
    "cca3": "COK",
    "ccn3": "184",
    "cioc": "COK",
    "currency": [
        "NZD"
    ],
    "demonym": "Cook Islander",
    "landlocked": false,
    "languages": {
        "eng": "English",
        "rar": "Cook Islands M\u0101ori"
    },
    "latlng": [
        -21.23333333,
        -159.76666666
    ],
    "name": {
        "common": "Cook Islands",
        "native": {
            "eng": {
                "common": "Cook Islands",
                "official": "Cook Islands"
            },
            "rar": {
                "common": "K\u016bki '\u0100irani",
                "official": "K\u016bki '\u0100irani"
            }
        },
        "official": "Cook Islands"
    },
    "region": "Oceania",
    "subregion": "Polynesia",
    "tld": [
        ".ck"
    ],
    "translations": {
        "cym": {
            "common": "Ynysoedd Cook",
            "official": "Cook Islands"
        },
        "deu": {
            "common": "Cookinseln",
            "official": "cook-Inseln"
        },
        "fin": {
            "common": "Cookinsaaret",
            "official": "Cookinsaaret"
        },
        "fra": {
            "common": "\u00celes Cook",
            "official": "Iles Cook"
        },
        "hrv": {
            "common": "Cookovo Oto\u010dje",
            "official": "Cook Islands"
        },
        "ita": {
            "common": "Isole Cook",
            "official": "Isole Cook"
        },
        "jpn": {
            "common": "\u30af\u30c3\u30af\u8af8\u5cf6",
            "official": "\u30af\u30c3\u30af\u8af8\u5cf6"
        },
        "nld": {
            "common": "Cookeilanden",
            "official": "Cook eilanden"
        },
        "por": {
            "common": "Ilhas Cook",
            "official": "Ilhas Cook"
        },
        "rus": {
            "common": "\u041e\u0441\u0442\u0440\u043e\u0432\u0430 \u041a\u0443\u043a\u0430",
            "official": "\u043e\u0441\u0442\u0440\u043e\u0432\u0430 \u041a\u0443\u043a\u0430"
        },
        "spa": {
            "common": "Islas Cook",
            "official": "Islas Cook"
        }
    },
    "coordinate": {
        "latitude": -21.23333333,
        "longitude": -159.76666666
    }
}