{
    "_id": "COL",
    "altSpellings": [
        "CO",
        "Republic of Colombia",
        "Rep\u00fablica de Colombia"
    ],
    "area": 1141748.0,
    "borders": [
        "BRA",
        "ECU",
        "PAN",
        "PER",
        "VEN"
    ],
    "callingCode": [
        "57"
    ],
    "capital": "Bogot\u00e1",
    "cca2": "CO",
    "cca3": "COL",
    "ccn3": "170",
    "cioc": "COL",
    "currency": [
        "COP"
    ],
    "demonym": "Colombian",
    "landlocked": false,
    "languages": {
        "spa": "Spanish"
    },
    "latlng": [
        4,
        -72
    ],
    "name": {
        "common": "Colombia",
        "native": {
            "spa": {
                "common": "Colombia",
                "official": "Rep\u00fablica de Colombia"
            }
        },
        "official": "Republic of Colombia"
    },
    "region": "Americas",
    "subregion": "South America",
    "tld": [
        ".co"
    ],
    "translations": {
        "cym": {
            "common": "Colombia",
            "official": "Republic of Colombia"
        },
        "deu": {
            "common": "Kolumbien",
            "official": "Republik Kolumbien"
        },
        "fin": {
            "common": "Kolumbia",
            "official": "Kolumbian tasavalta"
        },
        "fra": {
            "common": "Colombie",
            "official": "R\u00e9publique de Colombie"
        },
        "hrv": {
            "common": "Kolumbija",
            "official": "Republika Kolumbija"
        },
        "ita": {
            "common": "Colombia",
            "official": "Repubblica di Colombia"
        },
        "jpn": {
            "common": "\u30b3\u30ed\u30f3\u30d3\u30a2",
            "official": "\u30b3\u30ed\u30f3\u30d3\u30a2\u5171\u548c\u56fd"
        },
        "nld": {
            "common": "Colombia",
            "official": "Republiek Colombia"
        },
        "por": {
            "common": "Col\u00f4mbia",
            "official": "Rep\u00fablica da Col\u00f4mbia"
        },
        "rus": {
            "common": "\u041a\u043e\u043b\u0443\u043c\u0431\u0438\u044f",
            "official": "\u0420\u0435\u0441\u043f\u0443\u0431\u043b\u0438\u043a\u0430 \u041a\u043e\u043b\u0443\u043c\u0431\u0438\u044f"
        },
        "spa": {
            "common": "Colombia",
            "official": "Rep\u00fablica de Colombia"
        }
    },
    "coordinate": {
        "latitude": 4,
        "longitude": -72
    }
}