{
    "_id": "COM",
    "altSpellings": [
        "KM",
        "Union of the Comoros",
        "Union des Comores",
        "Udzima wa Komori",
        "al-Itti\u1e25\u0101d al-Qumur\u012b"
    ],
    "area": 1862,
    "borders": [],
    "callingCode": [
        "269"
    ],
    "capital": "Moroni",
    "cca2": "KM",
    "cca3": "COM",
    "ccn3": "174",
    "cioc": "COM",
    "currency": [
        "KMF"
    ],
    "demonym": "Comoran",
    "landlocked": false,
    "languages": {
        "ara": "Arabic",
        "fra": "French",
        "zdj": "Comorian"
    },
    "latlng": [
        -12.16666666,
        44.25
    ],
    "name": {
        "common": "Comoros",
        "native": {
            "ara": {
                "common": "\u0627\u0644\u0642\u0645\u0631\u200e",
                "official": "\u0627\u0644\u0627\u062a\u062d\u0627\u062f \u0627\u0644\u0642\u0645\u0631\u064a"
            },
            "fra": {
                "common": "Comores",
                "official": "Union des Comores"
            },
            "zdj": {
                "common": "Komori",
                "official": "Udzima wa Komori"
            }
        },
        "official": "Union of the Comoros"
    },
    "region": "Africa",
    "subregion": "Eastern Africa",
    "tld": [
        ".km"
    ],
    "translations": {
        "cym": {
            "common": "Comoros",
            "official": "Union of the Comoros"
        },
        "deu": {
            "common": "Union der Komoren",
            "official": "Union der Komoren"
        },
        "fin": {
            "common": "Komorit",
            "official": "Komorien liitto"
        },
        "fra": {
            "common": "Comores",
            "official": "Union des Comores"
        },
        "hrv": {
            "common": "Komori",
            "official": "Savez Komori"
        },
        "ita": {
            "common": "Comore",
            "official": "Unione delle Comore"
        },
        "jpn": {
            "common": "\u30b3\u30e2\u30ed",
            "official": "\u30b3\u30e2\u30ed\u9023\u5408"
        },
        "nld": {
            "common": "Comoren",
            "official": "Unie van de Comoren"
        },
        "por": {
            "common": "Comores",
            "official": "Uni\u00e3o das Comores"
        },
        "rus": {
            "common": "\u041a\u043e\u043c\u043e\u0440\u044b",
            "official": "\u0421\u043e\u044e\u0437 \u041a\u043e\u043c\u043e\u0440\u0441\u043a\u0438\u0445 \u041e\u0441\u0442\u0440\u043e\u0432\u043e\u0432"
        },
        "spa": {
            "common": "Comoras",
            "official": "Uni\u00f3n de las Comoras"
        }
    },
    "coordinate": {
        "latitude": -12.16666666,
        "longitude": 44.25
    }
}