{
    "_id": "CPV",
    "altSpellings": [
        "CV",
        "Republic of Cabo Verde",
        "Rep\u00fablica de Cabo Verde"
    ],
    "area": 4033,
    "borders": [],
    "callingCode": [
        "238"
    ],
    "capital": "Praia",
    "cca2": "CV",
    "cca3": "CPV",
    "ccn3": "132",
    "cioc": "CPV",
    "currency": [
        "CVE"
    ],
    "demonym": "Cape Verdian",
    "landlocked": false,
    "languages": {
        "por": "Portuguese"
    },
    "latlng": [
        16,
        -24
    ],
    "name": {
        "common": "Cape Verde",
        "native": {
            "por": {
                "common": "Cabo Verde",
                "official": "Rep\u00fablica de Cabo Verde"
            }
        },
        "official": "Republic of Cabo Verde"
    },
    "region": "Africa",
    "subregion": "Western Africa",
    "tld": [
        ".cv"
    ],
    "translations": {
        "cym": {
            "common": "Cape Verde",
            "official": "Republic of Cabo Verde"
        },
        "deu": {
            "common": "Kap Verde",
            "official": "Republik Cabo Verde"
        },
        "fin": {
            "common": "Kap Verde",
            "official": "Kap Verden tasavalta"
        },
        "fra": {
            "common": "Cap Vert",
            "official": "R\u00e9publique du Cap -Vert"
        },
        "hrv": {
            "common": "Zelenortska Republika",
            "official": "Republika Cabo Verde"
        },
        "ita": {
            "common": "Capo Verde",
            "official": "Repubblica di Capo Verde"
        },
        "jpn": {
            "common": "\u30ab\u30fc\u30dc\u30d9\u30eb\u30c7",
            "official": "\u30ab\u30fc\u30dc\u30d9\u30eb\u30c7\u5171\u548c\u56fd"
        },
        "nld": {
            "common": "Kaapverdi\u00eb",
            "official": "Republiek van Cabo Verde"
        },
        "por": {
            "common": "Cabo Verde",
            "official": "Rep\u00fablica de Cabo Verde"
        },
        "rus": {
            "common": "\u041a\u0430\u0431\u043e-\u0412\u0435\u0440\u0434\u0435",
            "official": "\u0420\u0435\u0441\u043f\u0443\u0431\u043b\u0438\u043a\u0430 \u041a\u0430\u0431\u043e -\u0412\u0435\u0440\u0434\u0435"
        },
        "spa": {
            "common": "Cabo Verde",
            "official": "Rep\u00fablica de Cabo Verde"
        }
    },
    "coordinate": {
        "latitude": 16,
        "longitude": -24
    }
}