{
    "_id": "CRI",
    "altSpellings": [
        "CR",
        "Republic of Costa Rica",
        "Rep\u00fablica de Costa Rica"
    ],
    "area": 51100,
    "borders": [
        "NIC",
        "PAN"
    ],
    "callingCode": [
        "506"
    ],
    "capital": "San Jos\u00e9",
    "cca2": "CR",
    "cca3": "CRI",
    "ccn3": "188",
    "cioc": "CRC",
    "currency": [
        "CRC"
    ],
    "demonym": "Costa Rican",
    "landlocked": false,
    "languages": {
        "spa": "Spanish"
    },
    "latlng": [
        10,
        -84
    ],
    "name": {
        "common": "Costa Rica",
        "native": {
            "spa": {
                "common": "Costa Rica",
                "official": "Rep\u00fablica de Costa Rica"
            }
        },
        "official": "Republic of Costa Rica"
    },
    "region": "Americas",
    "subregion": "Central America",
    "tld": [
        ".cr"
    ],
    "translations": {
        "cym": {
            "common": "Costa Rica",
            "official": "Republic of Costa Rica"
        },
        "deu": {
            "common": "Costa Rica",
            "official": "Republik Costa Rica"
        },
        "fin": {
            "common": "Costa Rica",
            "official": "Costa Rican tasavalta"
        },
        "fra": {
            "common": "Costa Rica",
            "official": "R\u00e9publique du Costa Rica"
        },
        "hrv": {
            "common": "Kostarika",
            "official": "Republika Kostarika"
        },
        "ita": {
            "common": "Costa Rica",
            "official": "Repubblica di Costa Rica"
        },
        "jpn": {
            "common": "\u30b3\u30b9\u30bf\u30ea\u30ab",
            "official": "\u30b3\u30b9\u30bf\u30ea\u30ab\u5171\u548c\u56fd"
        },
        "nld": {
            "common": "Costa Rica",
            "official": "Republiek Costa Rica"
        },
        "por": {
            "common": "Costa Rica",
            "official": "Rep\u00fablica da Costa Rica"
        },
        "rus": {
            "common": "\u041a\u043e\u0441\u0442\u0430-\u0420\u0438\u043a\u0430",
            "official": "\u0420\u0435\u0441\u043f\u0443\u0431\u043b\u0438\u043a\u0430 \u041a\u043e\u0441\u0442\u0430-\u0420\u0438\u043a\u0430"
        },
        "spa": {
            "common": "Costa Rica",
            "official": "Rep\u00fablica de Costa Rica"
        }
    },
    "coordinate": {
        "latitude": 10,
        "longitude": -84
    }
}