{
    "_id": "CUB",
    "altSpellings": [
        "CU",
        "Republic of Cuba",
        "Rep\u00fablica de Cuba"
    ],
    "area": 109884,
    "borders": [],
    "callingCode": [
        "53"
    ],
    "capital": "Havana",
    "cca2": "CU",
    "cca3": "CUB",
    "ccn3": "192",
    "cioc": "CUB",
    "currency": [
        "CUC",
        "CUP"
    ],
    "demonym": "Cuban",
    "landlocked": false,
    "languages": {
        "spa": "Spanish"
    },
    "latlng": [
        21.5,
        -80
    ],
    "name": {
        "common": "Cuba",
        "native": {
            "spa": {
                "common": "Cuba",
                "official": "Rep\u00fablica de Cuba"
            }
        },
        "official": "Republic of Cuba"
    },
    "region": "Americas",
    "subregion": "Caribbean",
    "tld": [
        ".cu"
    ],
    "translations": {
        "cym": {
            "common": "Ciwba",
            "official": "Republic of Cuba"
        },
        "deu": {
            "common": "Kuba",
            "official": "Republik Kuba"
        },
        "fin": {
            "common": "Kuuba",
            "official": "Kuuban tasavalta"
        },
        "fra": {
            "common": "Cuba",
            "official": "R\u00e9publique de Cuba"
        },
        "hrv": {
            "common": "Kuba",
            "official": "Republika Kuba"
        },
        "ita": {
            "common": "Cuba",
            "official": "Repubblica di Cuba"
        },
        "jpn": {
            "common": "\u30ad\u30e5\u30fc\u30d0",
            "official": "\u30ad\u30e5\u30fc\u30d0\u5171\u548c\u56fd"
        },
        "nld": {
            "common": "Cuba",
            "official": "Republiek Cuba"
        },
        "por": {
            "common": "Cuba",
            "official": "Rep\u00fablica de Cuba"
        },
        "rus": {
            "common": "\u041a\u0443\u0431\u0430",
            "official": "\u0420\u0435\u0441\u043f\u0443\u0431\u043b\u0438\u043a\u0430 \u041a\u0443\u0431\u0430"
        },
        "spa": {
            "common": "Cuba",
            "official": "Rep\u00fablica de Cuba"
        }
    },
    "coordinate": {
        "latitude": 21.5,
        "longitude": -80
    }
}