{
    "_id": "CUW",
    "altSpellings": [
        "CW",
        "Curacao",
        "K\u00f2rsou",
        "Country of Cura\u00e7ao",
        "Land Cura\u00e7ao",
        "Pais K\u00f2rsou"
    ],
    "area": 444,
    "borders": [],
    "callingCode": [
        "5999"
    ],
    "capital": "Willemstad",
    "cca2": "CW",
    "cca3": "CUW",
    "ccn3": "531",
    "cioc": "",
    "currency": [
        "ANG"
    ],
    "demonym": "Dutch",
    "landlocked": false,
    "languages": {
        "eng": "English",
        "nld": "Dutch",
        "pap": "Papiamento"
    },
    "latlng": [
        12.116667,
        -68.933333
    ],
    "name": {
        "common": "Cura\u00e7ao",
        "native": {
            "eng": {
                "common": "Cura\u00e7ao",
                "official": "Country of Cura\u00e7ao"
            },
            "nld": {
                "common": "Cura\u00e7ao",
                "official": "Land Cura\u00e7ao"
            },
            "pap": {
                "common": "Pais K\u00f2rsou",
                "official": "Pais K\u00f2rsou"
            }
        },
        "official": "Country of Cura\u00e7ao"
    },
    "region": "Americas",
    "subregion": "Caribbean",
    "tld": [
        ".cw"
    ],
    "translations": {
        "fin": {
            "common": "Cura\u00e7ao",
            "official": "Cura\u00e7ao"
        },
        "nld": {
            "common": "Cura\u00e7ao",
            "official": "Land Cura\u00e7ao"
        },
        "por": {
            "common": "ilha da Cura\u00e7\u00e3o",
            "official": "Pa\u00eds de Cura\u00e7ao"
        },
        "rus": {
            "common": "\u041a\u044e\u0440\u0430\u0441\u0430\u043e",
            "official": "\u0421\u0442\u0440\u0430\u043d\u0430 \u041a\u044e\u0440\u0430\u0441\u0430\u043e"
        },
        "spa": {
            "common": "Curazao",
            "official": "Pa\u00eds de Curazao"
        }
    },
    "coordinate": {
        "latitude": 12.116667,
        "longitude": -68.933333
    }
}