{
    "_id": "CXR",
    "altSpellings": [
        "CX",
        "Territory of Christmas Island"
    ],
    "area": 135,
    "borders": [],
    "callingCode": [
        "61"
    ],
    "capital": "Flying Fish Cove",
    "cca2": "CX",
    "cca3": "CXR",
    "ccn3": "162",
    "cioc": "",
    "currency": [
        "AUD"
    ],
    "demonym": "Christmas Island",
    "landlocked": false,
    "languages": {
        "eng": "English"
    },
    "latlng": [
        -10.5,
        105.66666666
    ],
    "name": {
        "common": "Christmas Island",
        "native": {
            "eng": {
                "common": "Christmas Island",
                "official": "Territory of Christmas Island"
            }
        },
        "official": "Territory of Christmas Island"
    },
    "region": "Oceania",
    "subregion": "Australia and New Zealand",
    "tld": [
        ".cx"
    ],
    "translations": {
        "cym": {
            "common": "Ynys y Nadolig",
            "official": "Territory of Christmas Island"
        },
        "deu": {
            "common": "Weihnachtsinsel",
            "official": "Gebiet der Weihnachtsinsel"
        },
        "fin": {
            "common": "Joulusaari",
            "official": "Joulusaaren alue"
        },
        "fra": {
            "common": "\u00cele Christmas",
            "official": "Territoire de l'\u00eele Christmas"
        },
        "hrv": {
            "common": "Bo\u017ei\u0107ni otok",
            "official": "Teritorij Bo\u017ei\u0107ni otok"
        },
        "ita": {
            "common": "Isola di Natale",
            "official": "Territorio di Christmas Island"
        },
        "jpn": {
            "common": "\u30af\u30ea\u30b9\u30de\u30b9\u5cf6",
            "official": "\u30af\u30ea\u30b9\u30de\u30b9\u5cf6\u306e\u9818\u571f"
        },
        "nld": {
            "common": "Christmaseiland",
            "official": "Grondgebied van Christmas Island"
        },
        "por": {
            "common": "Ilha do Natal",
            "official": "Territ\u00f3rio da Ilha Christmas"
        },
        "rus": {
            "common": "\u041e\u0441\u0442\u0440\u043e\u0432 \u0420\u043e\u0436\u0434\u0435\u0441\u0442\u0432\u0430",
            "official": "\u0422\u0435\u0440\u0440\u0438\u0442\u043e\u0440\u0438\u044f \u043e\u0441\u0442\u0440\u043e\u0432\u0430 \u0420\u043e\u0436\u0434\u0435\u0441\u0442\u0432\u0430"
        },
        "spa": {
            "common": "Isla de Navidad",
            "official": "Territorio de la Isla de Navidad"
        }
    },
    "coordinate": {
        "latitude": -10.5,
        "longitude": 105.66666666
    }
}