{
    "_id": "CYM",
    "altSpellings": [
        "KY"
    ],
    "area": 264,
    "borders": [],
    "callingCode": [
        "1345"
    ],
    "capital": "George Town",
    "cca2": "KY",
    "cca3": "CYM",
    "ccn3": "136",
    "cioc": "CAY",
    "currency": [
        "KYD"
    ],
    "demonym": "Caymanian",
    "landlocked": false,
    "languages": {
        "eng": "English"
    },
    "latlng": [
        19.5,
        -80.5
    ],
    "name": {
        "common": "Cayman Islands",
        "native": {
            "eng": {
                "common": "Cayman Islands",
                "official": "Cayman Islands"
            }
        },
        "official": "Cayman Islands"
    },
    "region": "Americas",
    "subregion": "Caribbean",
    "tld": [
        ".ky"
    ],
    "translations": {
        "cym": {
            "common": "Ynysoedd_Cayman",
            "official": "Cayman Islands"
        },
        "deu": {
            "common": "Kaimaninseln",
            "official": "Cayman-Inseln"
        },
        "fin": {
            "common": "Caymansaaret",
            "official": "Caymansaaret"
        },
        "fra": {
            "common": "\u00celes Ca\u00efmans",
            "official": "\u00celes Ca\u00efmans"
        },
        "hrv": {
            "common": "Kajmanski otoci",
            "official": "Kajmanski otoci"
        },
        "ita": {
            "common": "Isole Cayman",
            "official": "Isole Cayman"
        },
        "jpn": {
            "common": "\u30b1\u30a4\u30de\u30f3\u8af8\u5cf6",
            "official": "\u30b1\u30a4\u30de\u30f3\u8af8\u5cf6"
        },
        "nld": {
            "common": "Caymaneilanden",
            "official": "Caymaneilanden"
        },
        "por": {
            "common": "Ilhas Caim\u00e3o",
            "official": "Ilhas Cayman"
        },
        "rus": {
            "common": "\u041a\u0430\u0439\u043c\u0430\u043d\u043e\u0432\u044b \u043e\u0441\u0442\u0440\u043e\u0432\u0430",
            "official": "\u041a\u0430\u0439\u043c\u0430\u043d\u043e\u0432\u044b \u043e\u0441\u0442\u0440\u043e\u0432\u0430"
        },
        "spa": {
            "common": "Islas Caim\u00e1n",
            "official": "Islas Caim\u00e1n"
        }
    },
    "coordinate": {
        "latitude": 19.5,
        "longitude": -80.5
    }
}