{
    "_id": "CYP",
    "altSpellings": [
        "CY",
        "K\u00fdpros",
        "K\u0131br\u0131s",
        "Republic of Cyprus",
        "\u039a\u03c5\u03c0\u03c1\u03b9\u03b1\u03ba\u03ae \u0394\u03b7\u03bc\u03bf\u03ba\u03c1\u03b1\u03c4\u03af\u03b1",
        "K\u0131br\u0131s Cumhuriyeti"
    ],
    "area": 9251,
    "borders": [
        "GBR"
    ],
    "callingCode": [
        "357"
    ],
    "capital": "Nicosia",
    "cca2": "CY",
    "cca3": "CYP",
    "ccn3": "196",
    "cioc": "CYP",
    "currency": [
        "EUR"
    ],
    "demonym": "Cypriot",
    "landlocked": false,
    "languages": {
        "ell": "Greek",
        "tur": "Turkish"
    },
    "latlng": [
        35,
        33
    ],
    "name": {
        "common": "Cyprus",
        "native": {
            "ell": {
                "common": "\u039a\u03cd\u03c0\u03c1\u03bf\u03c2",
                "official": "\u0394\u03b7\u03bc\u03bf\u03ba\u03c1\u03b1\u03c4\u03af\u03b1 \u03c4\u03b7\u03c2 \u039a\u03cd\u03c0\u03c1\u03bf\u03c2"
            },
            "tur": {
                "common": "K\u0131br\u0131s",
                "official": "K\u0131br\u0131s Cumhuriyeti"
            }
        },
        "official": "Republic of Cyprus"
    },
    "region": "Europe",
    "subregion": "Eastern Europe",
    "tld": [
        ".cy"
    ],
    "translations": {
        "cym": {
            "common": "Cyprus",
            "official": "Republic of Cyprus"
        },
        "deu": {
            "common": "Zypern",
            "official": "Republik Zypern"
        },
        "fin": {
            "common": "Kypros",
            "official": "Kyproksen tasavalta"
        },
        "fra": {
            "common": "Chypre",
            "official": "R\u00e9publique de Chypre"
        },
        "hrv": {
            "common": "Cipar",
            "official": "Republika Cipar"
        },
        "ita": {
            "common": "Cipro",
            "official": "Repubblica di Cipro"
        },
        "jpn": {
            "common": "\u30ad\u30d7\u30ed\u30b9",
            "official": "\u30ad\u30d7\u30ed\u30b9\u5171\u548c\u56fd"
        },
        "nld": {
            "common": "Cyprus",
            "official": "Republiek Cyprus"
        },
        "por": {
            "common": "Chipre",
            "official": "Rep\u00fablica de Chipre"
        },
        "rus": {
            "common": "\u041a\u0438\u043f\u0440",
            "official": "\u0420\u0435\u0441\u043f\u0443\u0431\u043b\u0438\u043a\u0430 \u041a\u0438\u043f\u0440"
        },
        "spa": {
            "common": "Chipre",
            "official": "Rep\u00fablica de Chipre"
        }
    },
    "coordinate": {
        "latitude": 35,
        "longitude": 33
    }
}