{
    "_id": "CZE",
    "altSpellings": [
        "CZ",
        "\u010cesk\u00e1 republika",
        "\u010cesko"
    ],
    "area": 78865,
    "borders": [
        "AUT",
        "DEU",
        "POL",
        "SVK"
    ],
    "callingCode": [
        "420"
    ],
    "capital": "Prague",
    "cca2": "CZ",
    "cca3": "CZE",
    "ccn3": "203",
    "cioc": "CZE",
    "currency": [
        "CZK"
    ],
    "demonym": "Czech",
    "landlocked": true,
    "languages": {
        "ces": "Czech",
        "slk": "Slovak"
    },
    "latlng": [
        49.75,
        15.5
    ],
    "name": {
        "common": "Czech Republic",
        "native": {
            "ces": {
                "common": "\u010cesk\u00e1 republika",
                "official": "\u010desk\u00e1 republika"
            },
            "slk": {
                "common": "\u010cesk\u00e1 republika",
                "official": "\u010cesk\u00e1 republika"
            }
        },
        "official": "Czech Republic"
    },
    "region": "Europe",
    "subregion": "Eastern Europe",
    "tld": [
        ".cz"
    ],
    "translations": {
        "cym": {
            "common": "Y Weriniaeth Tsiec",
            "official": "Czech Republic"
        },
        "deu": {
            "common": "Tschechische Republik",
            "official": "Tschechische Republik"
        },
        "fin": {
            "common": "T\u0161ekki",
            "official": "T\u0161ekin tasavalta"
        },
        "fra": {
            "common": "R\u00e9publique tch\u00e8que",
            "official": "R\u00e9publique Tch\u00e8que"
        },
        "hrv": {
            "common": "\u010ce\u0161ka",
            "official": "\u010ce\u0161ka"
        },
        "ita": {
            "common": "Repubblica Ceca",
            "official": "Repubblica Ceca"
        },
        "jpn": {
            "common": "\u30c1\u30a7\u30b3",
            "official": "\u30c1\u30a7\u30b3\u5171\u548c\u56fd"
        },
        "nld": {
            "common": "Tsjechi\u00eb",
            "official": "Tsjechische Republiek"
        },
        "por": {
            "common": "Rep\u00fablica Checa",
            "official": "Rep\u00fablica Checa"
        },
        "rus": {
            "common": "\u0427\u0435\u0445\u0438\u044f",
            "official": "\u0427\u0435\u0448\u0441\u043a\u0430\u044f \u0420\u0435\u0441\u043f\u0443\u0431\u043b\u0438\u043a\u0430"
        },
        "spa": {
            "common": "Rep\u00fablica Checa",
            "official": "Rep\u00fablica Checa"
        }
    },
    "coordinate": {
        "latitude": 49.75,
        "longitude": 15.5
    }
}