{
    "_id": "DEU",
    "altSpellings": [
        "DE",
        "Federal Republic of Germany",
        "Bundesrepublik Deutschland"
    ],
    "area": 357114,
    "borders": [
        "AUT",
        "BEL",
        "CZE",
        "DNK",
        "FRA",
        "LUX",
        "NLD",
        "POL",
        "CHE"
    ],
    "callingCode": [
        "49"
    ],
    "capital": "Berlin",
    "cca2": "DE",
    "cca3": "DEU",
    "ccn3": "276",
    "cioc": "GER",
    "currency": [
        "EUR"
    ],
    "demonym": "German",
    "landlocked": false,
    "languages": {
        "deu": "German"
    },
    "latlng": [
        51,
        9
    ],
    "name": {
        "common": "Germany",
        "native": {
            "deu": {
                "common": "Deutschland",
                "official": "Bundesrepublik Deutschland"
            }
        },
        "official": "Federal Republic of Germany"
    },
    "region": "Europe",
    "subregion": "Western Europe",
    "tld": [
        ".de"
    ],
    "translations": {
        "deu": {
            "common": "Deutschland",
            "official": "Bundesrepublik Deutschland"
        },
        "fin": {
            "common": "Saksa",
            "official": "Saksan liittotasavalta"
        },
        "fra": {
            "common": "Allemagne",
            "official": "R\u00e9publique f\u00e9d\u00e9rale d'Allemagne"
        },
        "hrv": {
            "common": "Njema\u010dka",
            "official": "Njema\u010dka Federativna Republika"
        },
        "ita": {
            "common": "Germania",
            "official": "Repubblica federale di Germania"
        },
        "jpn": {
            "common": "\u30c9\u30a4\u30c4",
            "official": "\u30c9\u30a4\u30c4\u9023\u90a6\u5171\u548c\u56fd"
        },
        "nld": {
            "common": "Duitsland",
            "official": "Bondsrepubliek Duitsland"
        },
        "por": {
            "common": "Alemanha",
            "official": "Rep\u00fablica Federal da Alemanha"
        },
        "rus": {
            "common": "\u0413\u0435\u0440\u043c\u0430\u043d\u0438\u044f",
            "official": "\u0424\u0435\u0434\u0435\u0440\u0430\u0442\u0438\u0432\u043d\u0430\u044f \u0420\u0435\u0441\u043f\u0443\u0431\u043b\u0438\u043a\u0430 \u0413\u0435\u0440\u043c\u0430\u043d\u0438\u044f"
        },
        "spa": {
            "common": "Alemania",
            "official": "Rep\u00fablica Federal de Alemania"
        }
    },
    "coordinate": {
        "latitude": 51,
        "longitude": 9
    }
}