{
    "_id": "DJI",
    "altSpellings": [
        "DJ",
        "Jabuuti",
        "Gabuuti",
        "Republic of Djibouti",
        "R\u00e9publique de Djibouti",
        "Gabuutih Ummuuno",
        "Jamhuuriyadda Jabuuti"
    ],
    "area": 23200,
    "borders": [
        "ERI",
        "ETH",
        "SOM"
    ],
    "callingCode": [
        "253"
    ],
    "capital": "Djibouti",
    "cca2": "DJ",
    "cca3": "DJI",
    "ccn3": "262",
    "cioc": "DJI",
    "currency": [
        "DJF"
    ],
    "demonym": "Djibouti",
    "landlocked": false,
    "languages": {
        "ara": "Arabic",
        "fra": "French"
    },
    "latlng": [
        11.5,
        43
    ],
    "name": {
        "common": "Djibouti",
        "native": {
            "ara": {
                "common": "\u062c\u064a\u0628\u0648\u062a\u064a\u200e",
                "official": "\u062c\u0645\u0647\u0648\u0631\u064a\u0629 \u062c\u064a\u0628\u0648\u062a\u064a"
            },
            "fra": {
                "common": "Djibouti",
                "official": "R\u00e9publique de Djibouti"
            }
        },
        "official": "Republic of Djibouti"
    },
    "region": "Africa",
    "subregion": "Eastern Africa",
    "tld": [
        ".dj"
    ],
    "translations": {
        "cym": {
            "common": "Djibouti",
            "official": "Republic of Djibouti"
        },
        "deu": {
            "common": "Dschibuti",
            "official": "Republik Dschibuti"
        },
        "fin": {
            "common": "Dijibouti",
            "official": "Dijiboutin tasavalta"
        },
        "fra": {
            "common": "Djibouti",
            "official": "R\u00e9publique de Djibouti"
        },
        "hrv": {
            "common": "D\u017eibuti",
            "official": "Republika D\u017eibuti"
        },
        "ita": {
            "common": "Gibuti",
            "official": "Repubblica di Gibuti"
        },
        "jpn": {
            "common": "\u30b8\u30d6\u30c1",
            "official": "\u30b8\u30d6\u30c1\u5171\u548c\u56fd"
        },
        "nld": {
            "common": "Djibouti",
            "official": "Republiek Djibouti"
        },
        "por": {
            "common": "Djibouti",
            "official": "Rep\u00fablica do Djibouti"
        },
        "rus": {
            "common": "\u0414\u0436\u0438\u0431\u0443\u0442\u0438",
            "official": "\u0420\u0435\u0441\u043f\u0443\u0431\u043b\u0438\u043a\u0430 \u0414\u0436\u0438\u0431\u0443\u0442\u0438"
        },
        "spa": {
            "common": "Yibuti",
            "official": "Rep\u00fablica de Djibouti"
        }
    },
    "coordinate": {
        "latitude": 11.5,
        "longitude": 43
    }
}