{
    "_id": "DMA",
    "altSpellings": [
        "DM",
        "Dominique",
        "Wai\u2018tu kubuli",
        "Commonwealth of Dominica"
    ],
    "area": 751,
    "borders": [],
    "callingCode": [
        "1767"
    ],
    "capital": "Roseau",
    "cca2": "DM",
    "cca3": "DMA",
    "ccn3": "212",
    "cioc": "DMA",
    "currency": [
        "XCD"
    ],
    "demonym": "Dominican",
    "landlocked": false,
    "languages": {
        "eng": "English"
    },
    "latlng": [
        15.41666666,
        -61.33333333
    ],
    "name": {
        "common": "Dominica",
        "native": {
            "eng": {
                "common": "Dominica",
                "official": "Commonwealth of Dominica"
            }
        },
        "official": "Commonwealth of Dominica"
    },
    "region": "Americas",
    "subregion": "Caribbean",
    "tld": [
        ".dm"
    ],
    "translations": {
        "cym": {
            "common": "Dominica",
            "official": "Commonwealth of Dominica"
        },
        "deu": {
            "common": "Dominica",
            "official": "Commonwealth of Dominica"
        },
        "fin": {
            "common": "Dominica",
            "official": "Dominican liittovaltio"
        },
        "fra": {
            "common": "Dominique",
            "official": "Commonwealth de la Dominique"
        },
        "hrv": {
            "common": "Dominika",
            "official": "Zajednica Dominika"
        },
        "ita": {
            "common": "Dominica",
            "official": "Commonwealth of Dominica"
        },
        "jpn": {
            "common": "\u30c9\u30df\u30cb\u30ab\u56fd",
            "official": "\u30c9\u30df\u30cb\u30ab\u56fd"
        },
        "nld": {
            "common": "Dominica",
            "official": "Gemenebest Dominica"
        },
        "por": {
            "common": "Dominica",
            "official": "Comunidade da Dominica"
        },
        "rus": {
            "common": "\u0414\u043e\u043c\u0438\u043d\u0438\u043a\u0430",
            "official": "\u0421\u043e\u0434\u0440\u0443\u0436\u0435\u0441\u0442\u0432\u043e \u0414\u043e\u043c\u0438\u043d\u0438\u043a\u0438"
        },
        "spa": {
            "common": "Dominica",
            "official": "Mancomunidad de Dominica"
        }
    },
    "coordinate": {
        "latitude": 15.41666666,
        "longitude": -61.33333333
    }
}