{
    "_id": "DNK",
    "altSpellings": [
        "DK",
        "Danmark",
        "Kingdom of Denmark",
        "Kongeriget Danmark"
    ],
    "area": 43094,
    "borders": [
        "DEU"
    ],
    "callingCode": [
        "45"
    ],
    "capital": "Copenhagen",
    "cca2": "DK",
    "cca3": "DNK",
    "ccn3": "208",
    "cioc": "DEN",
    "currency": [
        "DKK"
    ],
    "demonym": "Danish",
    "landlocked": false,
    "languages": {
        "dan": "Danish"
    },
    "latlng": [
        56,
        10
    ],
    "name": {
        "common": "Denmark",
        "native": {
            "dan": {
                "common": "Danmark",
                "official": "Kongeriget Danmark"
            }
        },
        "official": "Kingdom of Denmark"
    },
    "region": "Europe",
    "subregion": "Northern Europe",
    "tld": [
        ".dk"
    ],
    "translations": {
        "cym": {
            "common": "Denmarc",
            "official": "Kingdom of Denmark"
        },
        "deu": {
            "common": "D\u00e4nemark",
            "official": "K\u00f6nigreich D\u00e4nemark"
        },
        "fin": {
            "common": "Tanska",
            "official": "Tanskan kuningaskunta"
        },
        "fra": {
            "common": "Danemark",
            "official": "Royaume de Danemark"
        },
        "hrv": {
            "common": "Danska",
            "official": "Kraljevina Danska"
        },
        "ita": {
            "common": "Danimarca",
            "official": "Regno di Danimarca"
        },
        "jpn": {
            "common": "\u30c7\u30f3\u30de\u30fc\u30af",
            "official": "\u30c7\u30f3\u30de\u30fc\u30af\u738b\u56fd"
        },
        "nld": {
            "common": "Denemarken",
            "official": "Koninkrijk Denemarken"
        },
        "por": {
            "common": "Dinamarca",
            "official": "Reino da Dinamarca"
        },
        "rus": {
            "common": "\u0414\u0430\u043d\u0438\u044f",
            "official": "\u041a\u043e\u0440\u043e\u043b\u0435\u0432\u0441\u0442\u0432\u043e \u0414\u0430\u043d\u0438\u044f"
        },
        "spa": {
            "common": "Dinamarca",
            "official": "Reino de Dinamarca"
        }
    },
    "coordinate": {
        "latitude": 56,
        "longitude": 10
    }
}