{
    "_id": "DOM",
    "altSpellings": [
        "DO"
    ],
    "area": 48671,
    "borders": [
        "HTI"
    ],
    "callingCode": [
        "1809",
        "1829",
        "1849"
    ],
    "capital": "Santo Domingo",
    "cca2": "DO",
    "cca3": "DOM",
    "ccn3": "214",
    "cioc": "DOM",
    "currency": [
        "DOP"
    ],
    "demonym": "Dominican",
    "landlocked": false,
    "languages": {
        "spa": "Spanish"
    },
    "latlng": [
        19,
        -70.66666666
    ],
    "name": {
        "common": "Dominican Republic",
        "native": {
            "spa": {
                "common": "Rep\u00fablica Dominicana",
                "official": "Rep\u00fablica Dominicana"
            }
        },
        "official": "Dominican Republic"
    },
    "region": "Americas",
    "subregion": "Caribbean",
    "tld": [
        ".do"
    ],
    "translations": {
        "cym": {
            "common": "Gweriniaeth_Dominica",
            "official": "Dominican Republic"
        },
        "deu": {
            "common": "Dominikanische Republik",
            "official": "Dominikanische Republik"
        },
        "fin": {
            "common": "Dominikaaninen tasavalta",
            "official": "Dominikaaninen tasavalta"
        },
        "fra": {
            "common": "R\u00e9publique dominicaine",
            "official": "R\u00e9publique Dominicaine"
        },
        "hrv": {
            "common": "Dominikanska Republika",
            "official": "Dominikanska Republika"
        },
        "ita": {
            "common": "Repubblica Dominicana",
            "official": "Repubblica Dominicana"
        },
        "jpn": {
            "common": "\u30c9\u30df\u30cb\u30ab\u5171\u548c\u56fd",
            "official": "\u30c9\u30df\u30cb\u30ab\u5171\u548c\u56fd"
        },
        "nld": {
            "common": "Dominicaanse Republiek",
            "official": "Dominicaanse Republiek"
        },
        "por": {
            "common": "Rep\u00fablica Dominicana",
            "official": "Rep\u00fablica Dominicana"
        },
        "rus": {
            "common": "\u0414\u043e\u043c\u0438\u043d\u0438\u043a\u0430\u043d\u0441\u043a\u0430\u044f \u0420\u0435\u0441\u043f\u0443\u0431\u043b\u0438\u043a\u0430",
            "official": "\u0414\u043e\u043c\u0438\u043d\u0438\u043a\u0430\u043d\u0441\u043a\u0430\u044f \u0420\u0435\u0441\u043f\u0443\u0431\u043b\u0438\u043a\u0430"
        },
        "spa": {
            "common": "Rep\u00fablica Dominicana",
            "official": "Rep\u00fablica Dominicana"
        }
    },
    "coordinate": {
        "latitude": 19,
        "longitude": -70.66666666
    }
}