{
    "_id": "DZA",
    "altSpellings": [
        "DZ",
        "Dzayer",
        "Alg\u00e9rie"
    ],
    "area": 2381741.0,
    "borders": [
        "TUN",
        "LBY",
        "NER",
        "ESH",
        "MRT",
        "MLI",
        "MAR"
    ],
    "callingCode": [
        "213"
    ],
    "capital": "Algiers",
    "cca2": "DZ",
    "cca3": "DZA",
    "ccn3": "012",
    "cioc": "ALG",
    "currency": [
        "DZD"
    ],
    "demonym": "Algerian",
    "landlocked": false,
    "languages": {
        "ara": "Arabic"
    },
    "latlng": [
        28,
        3
    ],
    "name": {
        "common": "Algeria",
        "native": {
            "ara": {
                "common": "\u0627\u0644\u062c\u0632\u0627\u0626\u0631",
                "official": "\u0627\u0644\u062c\u0645\u0647\u0648\u0631\u064a\u0629 \u0627\u0644\u062f\u064a\u0645\u0642\u0631\u0627\u0637\u064a\u0629 \u0627\u0644\u0634\u0639\u0628\u064a\u0629 \u0627\u0644\u062c\u0632\u0627\u0626\u0631\u064a\u0629"
            }
        },
        "official": "People's Democratic Republic of Algeria"
    },
    "region": "Africa",
    "subregion": "Northern Africa",
    "tld": [
        ".dz",
        "\u0627\u0644\u062c\u0632\u0627\u0626\u0631."
    ],
    "translations": {
        "cym": {
            "common": "Algeria",
            "official": "People's Democratic Republic of Algeria"
        },
        "deu": {
            "common": "Algerien",
            "official": "Demokratischen Volksrepublik Algerien"
        },
        "fin": {
            "common": "Algeria",
            "official": "Algerian demokraattinen kansantasavalta"
        },
        "fra": {
            "common": "Alg\u00e9rie",
            "official": "R\u00e9publique d\u00e9mocratique populaire d'Alg\u00e9rie"
        },
        "hrv": {
            "common": "Al\u017eir",
            "official": "Narodna Demokratska Republika Al\u017eir"
        },
        "ita": {
            "common": "Algeria",
            "official": "Repubblica popolare democratica di Algeria"
        },
        "jpn": {
            "common": "\u30a2\u30eb\u30b8\u30a7\u30ea\u30a2",
            "official": "\u30a2\u30eb\u30b8\u30a7\u30ea\u30a2\u4eba\u6c11\u6c11\u4e3b\u5171\u548c\u56fd"
        },
        "nld": {
            "common": "Algerije",
            "official": "Democratische Volksrepubliek Algerije"
        },
        "por": {
            "common": "Alg\u00e9ria",
            "official": "Rep\u00fablica Democr\u00e1tica e Popular da Arg\u00e9lia"
        },
        "rus": {
            "common": "\u0410\u043b\u0436\u0438\u0440",
            "official": "\u041d\u0430\u0440\u043e\u0434\u043d\u043e-\u0414\u0435\u043c\u043e\u043a\u0440\u0430\u0442\u0438\u0447\u0435\u0441\u043a\u0430\u044f \u0420\u0435\u0441\u043f\u0443\u0431\u043b\u0438\u043a\u0430 \u0410\u043b\u0436\u0438\u0440"
        },
        "spa": {
            "common": "Argelia",
            "official": "Rep\u00fablica Democr\u00e1tica Popular de Argelia"
        }
    },
    "coordinate": {
        "latitude": 28,
        "longitude": 3
    }
}