{
    "_id": "ECU",
    "altSpellings": [
        "EC",
        "Republic of Ecuador",
        "Rep\u00fablica del Ecuador"
    ],
    "area": 276841,
    "borders": [
        "COL",
        "PER"
    ],
    "callingCode": [
        "593"
    ],
    "capital": "Quito",
    "cca2": "EC",
    "cca3": "ECU",
    "ccn3": "218",
    "cioc": "ECU",
    "currency": [
        "USD"
    ],
    "demonym": "Ecuadorean",
    "landlocked": false,
    "languages": {
        "spa": "Spanish"
    },
    "latlng": [
        -2,
        -77.5
    ],
    "name": {
        "common": "Ecuador",
        "native": {
            "spa": {
                "common": "Ecuador",
                "official": "Rep\u00fablica del Ecuador"
            }
        },
        "official": "Republic of Ecuador"
    },
    "region": "Americas",
    "subregion": "South America",
    "tld": [
        ".ec"
    ],
    "translations": {
        "cym": {
            "common": "Ecwador",
            "official": "Republic of Ecuador"
        },
        "deu": {
            "common": "Ecuador",
            "official": "Republik Ecuador"
        },
        "fin": {
            "common": "Ecuador",
            "official": "Ecuadorin tasavalta"
        },
        "fra": {
            "common": "\u00c9quateur",
            "official": "R\u00e9publique de l'\u00c9quateur"
        },
        "hrv": {
            "common": "Ekvador",
            "official": "Republika Ekvador"
        },
        "ita": {
            "common": "Ecuador",
            "official": "Repubblica dell'Ecuador"
        },
        "jpn": {
            "common": "\u30a8\u30af\u30a2\u30c9\u30eb",
            "official": "\u30a8\u30af\u30a2\u30c9\u30eb\u5171\u548c\u56fd"
        },
        "nld": {
            "common": "Ecuador",
            "official": "Republiek Ecuador"
        },
        "por": {
            "common": "Equador",
            "official": "Rep\u00fablica do Equador"
        },
        "rus": {
            "common": "\u042d\u043a\u0432\u0430\u0434\u043e\u0440",
            "official": "\u0420\u0435\u0441\u043f\u0443\u0431\u043b\u0438\u043a\u0430 \u042d\u043a\u0432\u0430\u0434\u043e\u0440"
        },
        "spa": {
            "common": "Ecuador",
            "official": "Rep\u00fablica del Ecuador"
        }
    },
    "coordinate": {
        "latitude": -2,
        "longitude": -77.5
    }
}