{
    "_id": "EGY",
    "altSpellings": [
        "EG",
        "Arab Republic of Egypt"
    ],
    "area": 1002450.0,
    "borders": [
        "ISR",
        "LBY",
        "SDN"
    ],
    "callingCode": [
        "20"
    ],
    "capital": "Cairo",
    "cca2": "EG",
    "cca3": "EGY",
    "ccn3": "818",
    "cioc": "EGY",
    "currency": [
        "EGP"
    ],
    "demonym": "Egyptian",
    "landlocked": false,
    "languages": {
        "ara": "Arabic"
    },
    "latlng": [
        27,
        30
    ],
    "name": {
        "common": "Egypt",
        "native": {
            "ara": {
                "common": "\u0645\u0635\u0631",
                "official": "\u062c\u0645\u0647\u0648\u0631\u064a\u0629 \u0645\u0635\u0631 \u0627\u0644\u0639\u0631\u0628\u064a\u0629"
            }
        },
        "official": "Arab Republic of Egypt"
    },
    "region": "Africa",
    "subregion": "Northern Africa",
    "tld": [
        ".eg",
        ".\u0645\u0635\u0631"
    ],
    "translations": {
        "cym": {
            "common": "Yr Aifft",
            "official": "Arab Republic of Egypt"
        },
        "deu": {
            "common": "\u00c4gypten",
            "official": "Arabische Republik \u00c4gypten"
        },
        "fin": {
            "common": "Egypti",
            "official": "Egyptin arabitasavalta"
        },
        "fra": {
            "common": "\u00c9gypte",
            "official": "R\u00e9publique arabe d'\u00c9gypte"
        },
        "hrv": {
            "common": "Egipat",
            "official": "Arapska Republika Egipat"
        },
        "ita": {
            "common": "Egitto",
            "official": "Repubblica araba d'Egitto"
        },
        "jpn": {
            "common": "\u30a8\u30b8\u30d7\u30c8",
            "official": "\u30a8\u30b8\u30d7\u30c8\u00b7\u30a2\u30e9\u30d6\u5171\u548c\u56fd"
        },
        "nld": {
            "common": "Egypte",
            "official": "Arabische Republiek Egypte"
        },
        "por": {
            "common": "Egito",
            "official": "Rep\u00fablica \u00c1rabe do Egipto"
        },
        "rus": {
            "common": "\u0415\u0433\u0438\u043f\u0435\u0442",
            "official": "\u0410\u0440\u0430\u0431\u0441\u043a\u0430\u044f \u0420\u0435\u0441\u043f\u0443\u0431\u043b\u0438\u043a\u0430 \u0415\u0433\u0438\u043f\u0435\u0442"
        },
        "spa": {
            "common": "Egipto",
            "official": "Rep\u00fablica \u00c1rabe de Egipto"
        }
    },
    "coordinate": {
        "latitude": 27,
        "longitude": 30
    }
}