{
    "_id": "ERI",
    "altSpellings": [
        "ER",
        "State of Eritrea",
        "\u1203\u1308\u1228 \u12a4\u122d\u1275\u122b",
        "Dawlat Iritriy\u00e1",
        "\u02beErtr\u0101",
        "Iritriy\u0101"
    ],
    "area": 117600,
    "borders": [
        "DJI",
        "ETH",
        "SDN"
    ],
    "callingCode": [
        "291"
    ],
    "capital": "Asmara",
    "cca2": "ER",
    "cca3": "ERI",
    "ccn3": "232",
    "cioc": "ERI",
    "currency": [
        "ERN"
    ],
    "demonym": "Eritrean",
    "landlocked": false,
    "languages": {
        "ara": "Arabic",
        "eng": "English",
        "tir": "Tigrinya"
    },
    "latlng": [
        15,
        39
    ],
    "name": {
        "common": "Eritrea",
        "native": {
            "ara": {
                "common": "\u0625\u0631\u062a\u0631\u064a\u0627\u200e",
                "official": "\u062f\u0648\u0644\u0629 \u0625\u0631\u062a\u0631\u064a\u0627"
            },
            "eng": {
                "common": "Eritrea",
                "official": "State of Eritrea"
            },
            "tir": {
                "common": "\u12a4\u122d\u1275\u122b",
                "official": "\u1203\u1308\u1228 \u12a4\u122d\u1275\u122b"
            }
        },
        "official": "State of Eritrea"
    },
    "region": "Africa",
    "subregion": "Eastern Africa",
    "tld": [
        ".er"
    ],
    "translations": {
        "cym": {
            "common": "Eritrea",
            "official": "State of Eritrea"
        },
        "deu": {
            "common": "Eritrea",
            "official": "Staat Eritrea"
        },
        "fin": {
            "common": "Eritrea",
            "official": "Eritrean valtio"
        },
        "fra": {
            "common": "\u00c9rythr\u00e9e",
            "official": "\u00c9tat d'\u00c9rythr\u00e9e"
        },
        "hrv": {
            "common": "Eritreja",
            "official": "Dr\u017eava Eritreji"
        },
        "ita": {
            "common": "Eritrea",
            "official": "Stato di Eritrea"
        },
        "jpn": {
            "common": "\u30a8\u30ea\u30c8\u30ea\u30a2",
            "official": "\u30a8\u30ea\u30c8\u30ea\u30a2\u56fd"
        },
        "nld": {
            "common": "Eritrea",
            "official": "Staat Eritrea"
        },
        "por": {
            "common": "Eritreia",
            "official": "Estado da Eritreia"
        },
        "rus": {
            "common": "\u042d\u0440\u0438\u0442\u0440\u0435\u044f",
            "official": "\u0413\u043e\u0441\u0443\u0434\u0430\u0440\u0441\u0442\u0432\u043e \u042d\u0440\u0438\u0442\u0440\u0435\u044f"
        },
        "spa": {
            "common": "Eritrea",
            "official": "Estado de Eritrea"
        }
    },
    "coordinate": {
        "latitude": 15,
        "longitude": 39
    }
}