{
    "_id": "ESH",
    "altSpellings": [
        "EH",
        "Tane\u1e93roft Tutrimt"
    ],
    "area": 266000,
    "borders": [
        "DZA",
        "MRT",
        "MAR"
    ],
    "callingCode": [
        "212"
    ],
    "capital": "El Aai\u00fan",
    "cca2": "EH",
    "cca3": "ESH",
    "ccn3": "732",
    "cioc": "",
    "currency": [
        "MAD",
        "DZD",
        "MRO"
    ],
    "demonym": "Sahrawi",
    "landlocked": false,
    "languages": {
        "ber": "Berber",
        "mey": "Hassaniya",
        "spa": "Spanish"
    },
    "latlng": [
        24.5,
        -13
    ],
    "name": {
        "common": "Western Sahara",
        "native": {
            "ber": {
                "common": "Western Sahara",
                "official": "Sahrawi Arab Democratic Republic"
            },
            "mey": {
                "common": "\u0627\u0644\u0635\u062d\u0631\u0627\u0621 \u0627\u0644\u063a\u0631\u0628\u064a\u0629",
                "official": "\u0627\u0644\u062c\u0645\u0647\u0648\u0631\u064a\u0629 \u0627\u0644\u0639\u0631\u0628\u064a\u0629 \u0627\u0644\u0635\u062d\u0631\u0627\u0648\u064a\u0629 \u0627\u0644\u062f\u064a\u0645\u0642\u0631\u0627\u0637\u064a\u0629"
            },
            "spa": {
                "common": "Sahara Occidental",
                "official": "Rep\u00fablica \u00c1rabe Saharaui Democr\u00e1tica"
            }
        },
        "official": "Sahrawi Arab Democratic Republic"
    },
    "region": "Africa",
    "subregion": "Northern Africa",
    "tld": [
        ".eh"
    ],
    "translations": {
        "deu": {
            "common": "Westsahara",
            "official": "Demokratische Arabische Republik Sahara"
        },
        "fin": {
            "common": "L\u00e4nsi-Sahara",
            "official": "L\u00e4nsi-Sahara"
        },
        "fra": {
            "common": "Sahara Occidental",
            "official": "R\u00e9publique arabe sahraouie d\u00e9mocratique"
        },
        "hrv": {
            "common": "Zapadna Sahara",
            "official": "Sahrawi Arab Demokratska Republika"
        },
        "ita": {
            "common": "Sahara Occidentale",
            "official": "Repubblica Araba Saharawi Democratica"
        },
        "jpn": {
            "common": "\u897f\u30b5\u30cf\u30e9",
            "official": "\u30b5\u30cf\u30e9\u30a2\u30e9\u30d6\u6c11\u4e3b\u5171\u548c\u56fd"
        },
        "nld": {
            "common": "Westelijke Sahara",
            "official": "Sahrawi Arabische Democratische Republiek"
        },
        "por": {
            "common": "Saara Ocidental",
            "official": "Rep\u00fablica \u00c1rabe Saharaui Democr\u00e1tica"
        },
        "rus": {
            "common": "\u0417\u0430\u043f\u0430\u0434\u043d\u0430\u044f \u0421\u0430\u0445\u0430\u0440\u0430",
            "official": "Sahrawi \u0410\u0440\u0430\u0431\u0441\u043a\u0430\u044f \u0414\u0435\u043c\u043e\u043a\u0440\u0430\u0442\u0438\u0447\u0435\u0441\u043a\u0430\u044f \u0420\u0435\u0441\u043f\u0443\u0431\u043b\u0438\u043a\u0430"
        },
        "spa": {
            "common": "Sahara Occidental",
            "official": "Rep\u00fablica \u00c1rabe Saharaui Democr\u00e1tica"
        }
    },
    "coordinate": {
        "latitude": 24.5,
        "longitude": -13
    }
}