{
    "_id": "ESP",
    "altSpellings": [
        "ES",
        "Kingdom of Spain",
        "Reino de Espa\u00f1a"
    ],
    "area": 505992,
    "borders": [
        "AND",
        "FRA",
        "GIB",
        "PRT",
        "MAR"
    ],
    "callingCode": [
        "34"
    ],
    "capital": "Madrid",
    "cca2": "ES",
    "cca3": "ESP",
    "ccn3": "724",
    "cioc": "ESP",
    "currency": [
        "EUR"
    ],
    "demonym": "Spanish",
    "landlocked": false,
    "languages": {
        "cat": "Catalan",
        "eus": "Basque",
        "glg": "Galician",
        "oci": "Occitan",
        "spa": "Spanish"
    },
    "latlng": [
        40,
        -4
    ],
    "name": {
        "common": "Spain",
        "native": {
            "cat": {
                "common": "Espanya",
                "official": "Regne d'Espanya"
            },
            "eus": {
                "common": "Espainia",
                "official": "Espainiako Erresuma"
            },
            "glg": {
                "common": "",
                "official": "Reino de Espa\u00f1a"
            },
            "oci": {
                "common": "Espanha",
                "official": "Reialme d'Espanha"
            },
            "spa": {
                "common": "Espa\u00f1a",
                "official": "Reino de Espa\u00f1a"
            }
        },
        "official": "Kingdom of Spain"
    },
    "region": "Europe",
    "subregion": "Southern Europe",
    "tld": [
        ".es"
    ],
    "translations": {
        "deu": {
            "common": "Spanien",
            "official": "K\u00f6nigreich Spanien"
        },
        "fin": {
            "common": "Espanja",
            "official": "Espanjan kuningaskunta"
        },
        "fra": {
            "common": "Espagne",
            "official": "Royaume d'Espagne"
        },
        "hrv": {
            "common": "\u0160panjolska",
            "official": "Kraljevina \u0160panjolska"
        },
        "ita": {
            "common": "Spagna",
            "official": "Regno di Spagna"
        },
        "jpn": {
            "common": "\u30b9\u30da\u30a4\u30f3",
            "official": "\u30b9\u30da\u30a4\u30f3\u738b\u56fd"
        },
        "nld": {
            "common": "Spanje",
            "official": "Koninkrijk Spanje"
        },
        "por": {
            "common": "Espanha",
            "official": "Reino de Espanha"
        },
        "rus": {
            "common": "\u0418\u0441\u043f\u0430\u043d\u0438\u044f",
            "official": "\u041a\u043e\u0440\u043e\u043b\u0435\u0432\u0441\u0442\u0432\u043e \u0418\u0441\u043f\u0430\u043d\u0438\u044f"
        },
        "spa": {
            "common": "Espa\u00f1a",
            "official": "Reino de Espa\u00f1a"
        }
    },
    "coordinate": {
        "latitude": 40,
        "longitude": -4
    }
}