{
    "_id": "EST",
    "altSpellings": [
        "EE",
        "Eesti",
        "Republic of Estonia",
        "Eesti Vabariik"
    ],
    "area": 45227,
    "borders": [
        "LVA",
        "RUS"
    ],
    "callingCode": [
        "372"
    ],
    "capital": "Tallinn",
    "cca2": "EE",
    "cca3": "EST",
    "ccn3": "233",
    "cioc": "EST",
    "currency": [
        "EUR"
    ],
    "demonym": "Estonian",
    "landlocked": false,
    "languages": {
        "est": "Estonian"
    },
    "latlng": [
        59,
        26
    ],
    "name": {
        "common": "Estonia",
        "native": {
            "est": {
                "common": "Eesti",
                "official": "Eesti Vabariik"
            }
        },
        "official": "Republic of Estonia"
    },
    "region": "Europe",
    "subregion": "Northern Europe",
    "tld": [
        ".ee"
    ],
    "translations": {
        "cym": {
            "common": "Estonia",
            "official": "Republic of Estonia"
        },
        "deu": {
            "common": "Estland",
            "official": "Republik Estland"
        },
        "fin": {
            "common": "Viro",
            "official": "Viron tasavalta"
        },
        "fra": {
            "common": "Estonie",
            "official": "R\u00e9publique d'Estonie"
        },
        "hrv": {
            "common": "Estonija",
            "official": "Republika Estonija"
        },
        "ita": {
            "common": "Estonia",
            "official": "Repubblica di Estonia"
        },
        "jpn": {
            "common": "\u30a8\u30b9\u30c8\u30cb\u30a2",
            "official": "\u30a8\u30b9\u30c8\u30cb\u30a2\u5171\u548c\u56fd"
        },
        "nld": {
            "common": "Estland",
            "official": "Republiek Estland"
        },
        "por": {
            "common": "Est\u00f3nia",
            "official": "Rep\u00fablica da Est\u00f3nia"
        },
        "rus": {
            "common": "\u042d\u0441\u0442\u043e\u043d\u0438\u044f",
            "official": "\u042d\u0441\u0442\u043e\u043d\u0441\u043a\u0430\u044f \u0420\u0435\u0441\u043f\u0443\u0431\u043b\u0438\u043a\u0430"
        },
        "spa": {
            "common": "Estonia",
            "official": "Rep\u00fablica de Estonia"
        }
    },
    "coordinate": {
        "latitude": 59,
        "longitude": 26
    }
}