{
    "_id": "ETH",
    "altSpellings": [
        "ET",
        "\u02be\u012aty\u014d\u1e57\u1e57y\u0101",
        "Federal Democratic Republic of Ethiopia",
        "\u12e8\u12a2\u1275\u12ee\u1335\u12eb \u134c\u12f4\u122b\u120b\u12ca \u12f2\u121e\u12ad\u122b\u1232\u12eb\u12ca \u122a\u1350\u1265\u120a\u12ad"
    ],
    "area": 1104300.0,
    "borders": [
        "DJI",
        "ERI",
        "KEN",
        "SOM",
        "SSD",
        "SDN"
    ],
    "callingCode": [
        "251"
    ],
    "capital": "Addis Ababa",
    "cca2": "ET",
    "cca3": "ETH",
    "ccn3": "231",
    "cioc": "ETH",
    "currency": [
        "ETB"
    ],
    "demonym": "Ethiopian",
    "landlocked": true,
    "languages": {
        "amh": "Amharic"
    },
    "latlng": [
        8,
        38
    ],
    "name": {
        "common": "Ethiopia",
        "native": {
            "amh": {
                "common": "\u12a2\u1275\u12ee\u1335\u12eb",
                "official": "\u12e8\u12a2\u1275\u12ee\u1335\u12eb \u134c\u12f4\u122b\u120b\u12ca \u12f2\u121e\u12ad\u122b\u1232\u12eb\u12ca \u122a\u1350\u1265\u120a\u12ad"
            }
        },
        "official": "Federal Democratic Republic of Ethiopia"
    },
    "region": "Africa",
    "subregion": "Eastern Africa",
    "tld": [
        ".et"
    ],
    "translations": {
        "cym": {
            "common": "Ethiopia",
            "official": "Federal Democratic Republic of Ethiopia"
        },
        "deu": {
            "common": "\u00c4thiopien",
            "official": "Demokratischen Bundesrepublik \u00c4thiopien"
        },
        "fin": {
            "common": "Etiopia",
            "official": "Etiopian demokraattinen liittotasavalta"
        },
        "fra": {
            "common": "\u00c9thiopie",
            "official": "R\u00e9publique f\u00e9d\u00e9rale d\u00e9mocratique d'\u00c9thiopie"
        },
        "hrv": {
            "common": "Etiopija",
            "official": "Savezna Demokratska Republika Etiopija"
        },
        "ita": {
            "common": "Etiopia",
            "official": "Repubblica federale democratica di Etiopia"
        },
        "jpn": {
            "common": "\u30a8\u30c1\u30aa\u30d4\u30a2",
            "official": "\u30a8\u30c1\u30aa\u30d4\u30a2\u9023\u90a6\u6c11\u4e3b\u5171\u548c\u56fd"
        },
        "nld": {
            "common": "Ethiopi\u00eb",
            "official": "Federale Democratische Republiek Ethiopi\u00eb"
        },
        "por": {
            "common": "Eti\u00f3pia",
            "official": "Rep\u00fablica Federal Democr\u00e1tica da Eti\u00f3pia"
        },
        "rus": {
            "common": "\u042d\u0444\u0438\u043e\u043f\u0438\u044f",
            "official": "\u0424\u0435\u0434\u0435\u0440\u0430\u0442\u0438\u0432\u043d\u0430\u044f \u0414\u0435\u043c\u043e\u043a\u0440\u0430\u0442\u0438\u0447\u0435\u0441\u043a\u0430\u044f \u0420\u0435\u0441\u043f\u0443\u0431\u043b\u0438\u043a\u0430 \u042d\u0444\u0438\u043e\u043f\u0438\u044f"
        },
        "spa": {
            "common": "Etiop\u00eda",
            "official": "Rep\u00fablica Democr\u00e1tica Federal de Etiop\u00eda"
        }
    },
    "coordinate": {
        "latitude": 8,
        "longitude": 38
    }
}