{
    "_id": "FIN",
    "altSpellings": [
        "FI",
        "Suomi",
        "Republic of Finland",
        "Suomen tasavalta",
        "Republiken Finland"
    ],
    "area": 338424,
    "borders": [
        "NOR",
        "SWE",
        "RUS"
    ],
    "callingCode": [
        "358"
    ],
    "capital": "Helsinki",
    "cca2": "FI",
    "cca3": "FIN",
    "ccn3": "246",
    "cioc": "FIN",
    "currency": [
        "EUR"
    ],
    "demonym": "Finnish",
    "landlocked": false,
    "languages": {
        "fin": "Finnish",
        "swe": "Swedish"
    },
    "latlng": [
        64,
        26
    ],
    "name": {
        "common": "Finland",
        "native": {
            "fin": {
                "common": "Suomi",
                "official": "Suomen tasavalta"
            },
            "swe": {
                "common": "Finland",
                "official": "Republiken Finland"
            }
        },
        "official": "Republic of Finland"
    },
    "region": "Europe",
    "subregion": "Northern Europe",
    "tld": [
        ".fi"
    ],
    "translations": {
        "deu": {
            "common": "Finnland",
            "official": "Republik Finnland"
        },
        "fin": {
            "common": "Suomi",
            "official": "Suomen tasavalta"
        },
        "fra": {
            "common": "Finlande",
            "official": "R\u00e9publique de Finlande"
        },
        "hrv": {
            "common": "Finska",
            "official": "Republika Finska"
        },
        "ita": {
            "common": "Finlandia",
            "official": "Repubblica di Finlandia"
        },
        "jpn": {
            "common": "\u30d5\u30a3\u30f3\u30e9\u30f3\u30c9",
            "official": "\u30d5\u30a3\u30f3\u30e9\u30f3\u30c9\u5171\u548c\u56fd"
        },
        "nld": {
            "common": "Finland",
            "official": "Republiek Finland"
        },
        "por": {
            "common": "Finl\u00e2ndia",
            "official": "Rep\u00fablica da Finl\u00e2ndia"
        },
        "rus": {
            "common": "\u0424\u0438\u043d\u043b\u044f\u043d\u0434\u0438\u044f",
            "official": "\u0424\u0438\u043d\u043b\u044f\u043d\u0434\u0441\u043a\u0430\u044f \u0420\u0435\u0441\u043f\u0443\u0431\u043b\u0438\u043a\u0430"
        },
        "spa": {
            "common": "Finlandia",
            "official": "Rep\u00fablica de Finlandia"
        }
    },
    "coordinate": {
        "latitude": 64,
        "longitude": 26
    }
}