{
    "_id": "FJI",
    "altSpellings": [
        "FJ",
        "Viti",
        "Republic of Fiji",
        "Matanitu ko Viti",
        "Fij\u012b Ga\u1e47ar\u0101jya"
    ],
    "area": 18272,
    "borders": [],
    "callingCode": [
        "679"
    ],
    "capital": "Suva",
    "cca2": "FJ",
    "cca3": "FJI",
    "ccn3": "242",
    "cioc": "FIJ",
    "currency": [
        "FJD"
    ],
    "demonym": "Fijian",
    "landlocked": false,
    "languages": {
        "eng": "English",
        "fij": "Fijian",
        "hif": "Fiji Hindi"
    },
    "latlng": [
        -18,
        175
    ],
    "name": {
        "common": "Fiji",
        "native": {
            "eng": {
                "common": "Fiji",
                "official": "Republic of Fiji"
            },
            "fij": {
                "common": "Viti",
                "official": "Matanitu Tugalala o Viti"
            },
            "hif": {
                "common": "\u092b\u093f\u091c\u0940",
                "official": "\u0930\u093f\u092a\u092c\u094d\u0932\u093f\u0915 \u0911\u092b \u092b\u0940\u091c\u0940"
            }
        },
        "official": "Republic of Fiji"
    },
    "region": "Oceania",
    "subregion": "Melanesia",
    "tld": [
        ".fj"
    ],
    "translations": {
        "deu": {
            "common": "Fidschi",
            "official": "Republik Fidschi"
        },
        "fin": {
            "common": "Fid\u017ei",
            "official": "Fid\u017ein tasavalta"
        },
        "fra": {
            "common": "Fidji",
            "official": "R\u00e9publique des Fidji"
        },
        "hrv": {
            "common": "Fi\u0111i",
            "official": "Republika Fid\u017ei"
        },
        "ita": {
            "common": "Figi",
            "official": "Repubblica di Figi"
        },
        "jpn": {
            "common": "\u30d5\u30a3\u30b8\u30fc",
            "official": "\u30d5\u30a3\u30b8\u30fc\u5171\u548c\u56fd"
        },
        "nld": {
            "common": "Fiji",
            "official": "Republiek Fiji"
        },
        "por": {
            "common": "Fiji",
            "official": "Rep\u00fablica de Fiji"
        },
        "rus": {
            "common": "\u0424\u0438\u0434\u0436\u0438",
            "official": "\u0420\u0435\u0441\u043f\u0443\u0431\u043b\u0438\u043a\u0430 \u0424\u0438\u0434\u0436\u0438"
        },
        "spa": {
            "common": "Fiyi",
            "official": "Rep\u00fablica de Fiji"
        }
    },
    "coordinate": {
        "latitude": -18,
        "longitude": 175
    }
}