{
    "_id": "FLK",
    "altSpellings": [
        "FK",
        "Islas Malvinas",
        "Falkland Islands (Malvinas)"
    ],
    "area": 12173,
    "borders": [],
    "callingCode": [
        "500"
    ],
    "capital": "Stanley",
    "cca2": "FK",
    "cca3": "FLK",
    "ccn3": "238",
    "cioc": "",
    "currency": [
        "FKP"
    ],
    "demonym": "Falkland Islander",
    "landlocked": false,
    "languages": {
        "eng": "English"
    },
    "latlng": [
        -51.75,
        -59
    ],
    "name": {
        "common": "Falkland Islands",
        "native": {
            "eng": {
                "common": "Falkland Islands",
                "official": "Falkland Islands"
            }
        },
        "official": "Falkland Islands"
    },
    "region": "Americas",
    "subregion": "South America",
    "tld": [
        ".fk"
    ],
    "translations": {
        "deu": {
            "common": "Falklandinseln",
            "official": "Falkland-Inseln"
        },
        "fin": {
            "common": "Falkandinsaaret",
            "official": "Falkandinsaaret"
        },
        "fra": {
            "common": "\u00celes Malouines",
            "official": "\u00celes Falkland"
        },
        "hrv": {
            "common": "Falklandski Otoci",
            "official": "Falklandski otoci"
        },
        "ita": {
            "common": "Isole Falkland o Isole Malvine",
            "official": "Isole Falkland"
        },
        "jpn": {
            "common": "\u30d5\u30a9\u30fc\u30af\u30e9\u30f3\u30c9\uff08\u30de\u30eb\u30d3\u30ca\u30b9\uff09\u8af8\u5cf6",
            "official": "\u30d5\u30a9\u30fc\u30af\u30e9\u30f3\u30c9"
        },
        "nld": {
            "common": "Falklandeilanden",
            "official": "Falkland eilanden"
        },
        "por": {
            "common": "Ilhas Malvinas",
            "official": "Ilhas Malvinas"
        },
        "rus": {
            "common": "\u0424\u043e\u043b\u043a\u043b\u0435\u043d\u0434\u0441\u043a\u0438\u0435 \u043e\u0441\u0442\u0440\u043e\u0432\u0430",
            "official": "\u0424\u043e\u043b\u043a\u043b\u0435\u043d\u0434\u0441\u043a\u0438\u0435 \u043e\u0441\u0442\u0440\u043e\u0432\u0430"
        },
        "spa": {
            "common": "Islas Malvinas",
            "official": "islas Malvinas"
        }
    },
    "coordinate": {
        "latitude": -51.75,
        "longitude": -59
    }
}