{
    "_id": "FRA",
    "altSpellings": [
        "FR",
        "French Republic",
        "R\u00e9publique fran\u00e7aise"
    ],
    "area": 551695,
    "borders": [
        "AND",
        "BEL",
        "DEU",
        "ITA",
        "LUX",
        "MCO",
        "ESP",
        "CHE"
    ],
    "callingCode": [
        "33"
    ],
    "capital": "Paris",
    "cca2": "FR",
    "cca3": "FRA",
    "ccn3": "250",
    "cioc": "FRA",
    "currency": [
        "EUR"
    ],
    "demonym": "French",
    "landlocked": false,
    "languages": {
        "fra": "French"
    },
    "latlng": [
        46,
        2
    ],
    "name": {
        "common": "France",
        "native": {
            "fra": {
                "common": "France",
                "official": "R\u00e9publique fran\u00e7aise"
            }
        },
        "official": "French Republic"
    },
    "region": "Europe",
    "subregion": "Western Europe",
    "tld": [
        ".fr"
    ],
    "translations": {
        "deu": {
            "common": "Frankreich",
            "official": "Franz\u00f6sisch Republik"
        },
        "fin": {
            "common": "Ranska",
            "official": "Ranskan tasavalta"
        },
        "fra": {
            "common": "France",
            "official": "R\u00e9publique fran\u00e7aise"
        },
        "hrv": {
            "common": "Francuska",
            "official": "Francuska Republika"
        },
        "ita": {
            "common": "Francia",
            "official": "Repubblica francese"
        },
        "jpn": {
            "common": "\u30d5\u30e9\u30f3\u30b9",
            "official": "\u30d5\u30e9\u30f3\u30b9\u5171\u548c\u56fd"
        },
        "nld": {
            "common": "Frankrijk",
            "official": "Franse Republiek"
        },
        "por": {
            "common": "Fran\u00e7a",
            "official": "Rep\u00fablica Francesa"
        },
        "rus": {
            "common": "\u0424\u0440\u0430\u043d\u0446\u0438\u044f",
            "official": "\u0424\u0440\u0430\u043d\u0446\u0443\u0437\u0441\u043a\u0430\u044f \u0420\u0435\u0441\u043f\u0443\u0431\u043b\u0438\u043a\u0430"
        },
        "spa": {
            "common": "Francia",
            "official": "Rep\u00fablica franc\u00e9s"
        }
    },
    "coordinate": {
        "latitude": 46,
        "longitude": 2
    }
}