{
    "_id": "FRO",
    "altSpellings": [
        "FO",
        "F\u00f8royar",
        "F\u00e6r\u00f8erne"
    ],
    "area": 1393,
    "borders": [],
    "callingCode": [
        "298"
    ],
    "capital": "T\u00f3rshavn",
    "cca2": "FO",
    "cca3": "FRO",
    "ccn3": "234",
    "cioc": "",
    "currency": [
        "DKK"
    ],
    "demonym": "Faroese",
    "landlocked": false,
    "languages": {
        "dan": "Danish",
        "fao": "Faroese"
    },
    "latlng": [
        62,
        -7
    ],
    "name": {
        "common": "Faroe Islands",
        "native": {
            "dan": {
                "common": "F\u00e6r\u00f8erne",
                "official": "F\u00e6r\u00f8erne"
            },
            "fao": {
                "common": "F\u00f8royar",
                "official": "F\u00f8royar"
            }
        },
        "official": "Faroe Islands"
    },
    "region": "Europe",
    "subregion": "Northern Europe",
    "tld": [
        ".fo"
    ],
    "translations": {
        "deu": {
            "common": "F\u00e4r\u00f6er-Inseln",
            "official": "F\u00e4r\u00f6er"
        },
        "fin": {
            "common": "F\u00e4rsaaret",
            "official": "F\u00e4rsaaret"
        },
        "fra": {
            "common": "\u00celes F\u00e9ro\u00e9",
            "official": "\u00celes F\u00e9ro\u00e9"
        },
        "hrv": {
            "common": "Farski Otoci",
            "official": "Farski Otoci"
        },
        "ita": {
            "common": "Isole Far Oer",
            "official": "Isole Faroe"
        },
        "jpn": {
            "common": "\u30d5\u30a7\u30ed\u30fc\u8af8\u5cf6",
            "official": "\u30d5\u30a7\u30ed\u30fc\u8af8\u5cf6"
        },
        "nld": {
            "common": "Faer\u00f6er",
            "official": "Faer\u00f6er"
        },
        "por": {
            "common": "Ilhas Faro\u00e9",
            "official": "Ilhas Faroe"
        },
        "rus": {
            "common": "\u0424\u0430\u0440\u0435\u0440\u0441\u043a\u0438\u0435 \u043e\u0441\u0442\u0440\u043e\u0432\u0430",
            "official": "\u0424\u0430\u0440\u0435\u0440\u0441\u043a\u0438\u0435 \u043e\u0441\u0442\u0440\u043e\u0432\u0430"
        },
        "spa": {
            "common": "Islas Faroe",
            "official": "Islas Feroe"
        }
    },
    "coordinate": {
        "latitude": 62,
        "longitude": -7
    }
}