{
    "_id": "FSM",
    "altSpellings": [
        "FM",
        "Federated States of Micronesia",
        "Micronesia, Federated States of"
    ],
    "area": 702,
    "borders": [],
    "callingCode": [
        "691"
    ],
    "capital": "Palikir",
    "cca2": "FM",
    "cca3": "FSM",
    "ccn3": "583",
    "cioc": "FSM",
    "currency": [
        "USD"
    ],
    "demonym": "Micronesian",
    "landlocked": false,
    "languages": {
        "eng": "English"
    },
    "latlng": [
        6.91666666,
        158.25
    ],
    "name": {
        "common": "Micronesia",
        "native": {
            "eng": {
                "common": "Micronesia",
                "official": "Federated States of Micronesia"
            }
        },
        "official": "Federated States of Micronesia"
    },
    "region": "Oceania",
    "subregion": "Micronesia",
    "tld": [
        ".fm"
    ],
    "translations": {
        "deu": {
            "common": "Mikronesien",
            "official": "F\u00f6derierten Staaten von Mikronesien"
        },
        "fin": {
            "common": "Mikronesia",
            "official": "Mikronesian liittovaltio"
        },
        "fra": {
            "common": "Micron\u00e9sie",
            "official": "\u00c9tats f\u00e9d\u00e9r\u00e9s de Micron\u00e9sie"
        },
        "hrv": {
            "common": "Mikronezija",
            "official": "Savezne Dr\u017eave Mikronezije"
        },
        "ita": {
            "common": "Micronesia",
            "official": "Stati federati di Micronesia"
        },
        "jpn": {
            "common": "\u30df\u30af\u30ed\u30cd\u30b7\u30a2\u9023\u90a6",
            "official": "\u30df\u30af\u30ed\u30cd\u30b7\u30a2\u9023\u90a6"
        },
        "nld": {
            "common": "Micronesi\u00eb",
            "official": "Federale Staten van Micronesia"
        },
        "por": {
            "common": "Micron\u00e9sia",
            "official": "Estados Federados da Micron\u00e9sia"
        },
        "rus": {
            "common": "\u0424\u0435\u0434\u0435\u0440\u0430\u0442\u0438\u0432\u043d\u044b\u0435 \u0428\u0442\u0430\u0442\u044b \u041c\u0438\u043a\u0440\u043e\u043d\u0435\u0437\u0438\u0438",
            "official": "\u0424\u0435\u0434\u0435\u0440\u0430\u0442\u0438\u0432\u043d\u044b\u0435 \u0428\u0442\u0430\u0442\u044b \u041c\u0438\u043a\u0440\u043e\u043d\u0435\u0437\u0438\u0438"
        },
        "spa": {
            "common": "Micronesia",
            "official": "Estados Federados de Micronesia"
        }
    },
    "coordinate": {
        "latitude": 6.91666666,
        "longitude": 158.25
    }
}