{
    "_id": "GAB",
    "altSpellings": [
        "GA",
        "Gabonese Republic",
        "R\u00e9publique Gabonaise"
    ],
    "area": 267668,
    "borders": [
        "CMR",
        "COG",
        "GNQ"
    ],
    "callingCode": [
        "241"
    ],
    "capital": "Libreville",
    "cca2": "GA",
    "cca3": "GAB",
    "ccn3": "266",
    "cioc": "GAB",
    "currency": [
        "XAF"
    ],
    "demonym": "Gabonese",
    "landlocked": false,
    "languages": {
        "fra": "French"
    },
    "latlng": [
        -1,
        11.75
    ],
    "name": {
        "common": "Gabon",
        "native": {
            "fra": {
                "common": "Gabon",
                "official": "R\u00e9publique gabonaise"
            }
        },
        "official": "Gabonese Republic"
    },
    "region": "Africa",
    "subregion": "Middle Africa",
    "tld": [
        ".ga"
    ],
    "translations": {
        "deu": {
            "common": "Gabun",
            "official": "gabunischen Republik"
        },
        "fin": {
            "common": "Gabon",
            "official": "Gabonin tasavalta"
        },
        "fra": {
            "common": "Gabon",
            "official": "R\u00e9publique gabonaise"
        },
        "hrv": {
            "common": "Gabon",
            "official": "Gabon Republika"
        },
        "ita": {
            "common": "Gabon",
            "official": "Repubblica gabonese"
        },
        "jpn": {
            "common": "\u30ac\u30dc\u30f3",
            "official": "\u30ac\u30dc\u30f3\u5171\u548c\u56fd"
        },
        "nld": {
            "common": "Gabon",
            "official": "Republiek Gabon"
        },
        "por": {
            "common": "Gab\u00e3o",
            "official": "Rep\u00fablica do Gab\u00e3o"
        },
        "rus": {
            "common": "\u0413\u0430\u0431\u043e\u043d",
            "official": "\u0413\u0430\u0431\u043e\u043d\u0430 \u0420\u0435\u0441\u043f\u0443\u0431\u043b\u0438\u043a\u0430"
        },
        "spa": {
            "common": "Gab\u00f3n",
            "official": "Rep\u00fablica de Gab\u00f3n"
        }
    },
    "coordinate": {
        "latitude": -1,
        "longitude": 11.75
    }
}