{
    "_id": "GBR",
    "altSpellings": [
        "GB",
        "UK",
        "Great Britain"
    ],
    "area": 242900,
    "borders": [
        "IRL"
    ],
    "callingCode": [
        "44"
    ],
    "capital": "London",
    "cca2": "GB",
    "cca3": "GBR",
    "ccn3": "826",
    "cioc": "GBR",
    "currency": [
        "GBP"
    ],
    "demonym": "British",
    "landlocked": false,
    "languages": {
        "eng": "English"
    },
    "latlng": [
        54,
        -2
    ],
    "name": {
        "common": "United Kingdom",
        "native": {
            "eng": {
                "common": "United Kingdom",
                "official": "United Kingdom of Great Britain and Northern Ireland"
            }
        },
        "official": "United Kingdom of Great Britain and Northern Ireland"
    },
    "region": "Europe",
    "subregion": "Northern Europe",
    "tld": [
        ".uk"
    ],
    "translations": {
        "deu": {
            "common": "Vereinigtes K\u00f6nigreich",
            "official": "Vereinigtes K\u00f6nigreich Gro\u00dfbritannien und Nordirland"
        },
        "fin": {
            "common": "Yhdistynyt kuningaskunta",
            "official": "Ison-Britannian ja Pohjois-Irlannin yhdistynyt kuningaskunta"
        },
        "fra": {
            "common": "Royaume-Uni",
            "official": "Royaume-Uni de Grande-Bretagne et d'Irlande du Nord"
        },
        "hrv": {
            "common": "Ujedinjeno Kraljevstvo",
            "official": "Ujedinjeno Kraljevstvo Velike Britanije i Sjeverne Irske"
        },
        "ita": {
            "common": "Regno Unito",
            "official": "Regno Unito di Gran Bretagna e Irlanda del Nord"
        },
        "jpn": {
            "common": "\u30a4\u30ae\u30ea\u30b9",
            "official": "\u30b0\u30ec\u30fc\u30c8\u00b7\u30d6\u30ea\u30c6\u30f3\u304a\u3088\u3073\u5317\u30a2\u30a4\u30eb\u30e9\u30f3\u30c9\u9023\u5408\u738b\u56fd"
        },
        "nld": {
            "common": "Verenigd Koninkrijk",
            "official": "Verenigd Koninkrijk van Groot-Brittanni\u00eb en Noord-Ierland"
        },
        "por": {
            "common": "Reino Unido",
            "official": "Reino Unido da Gr\u00e3-Bretanha e Irlanda do Norte"
        },
        "rus": {
            "common": "\u0412\u0435\u043b\u0438\u043a\u043e\u0431\u0440\u0438\u0442\u0430\u043d\u0438\u044f",
            "official": "\u0421\u043e\u0435\u0434\u0438\u043d\u0435\u043d\u043d\u043e\u0435 \u041a\u043e\u0440\u043e\u043b\u0435\u0432\u0441\u0442\u0432\u043e \u0412\u0435\u043b\u0438\u043a\u043e\u0431\u0440\u0438\u0442\u0430\u043d\u0438\u0438 \u0438 \u0421\u0435\u0432\u0435\u0440\u043d\u043e\u0439 \u0418\u0440\u043b\u0430\u043d\u0434\u0438\u0438"
        },
        "spa": {
            "common": "Reino Unido",
            "official": "Reino Unido de Gran Breta\u00f1a e Irlanda del Norte"
        }
    },
    "coordinate": {
        "latitude": 54,
        "longitude": -2
    }
}