{
    "_id": "GEO",
    "altSpellings": [
        "GE",
        "Sakartvelo"
    ],
    "area": 69700,
    "borders": [
        "ARM",
        "AZE",
        "RUS",
        "TUR"
    ],
    "callingCode": [
        "995"
    ],
    "capital": "Tbilisi",
    "cca2": "GE",
    "cca3": "GEO",
    "ccn3": "268",
    "cioc": "GEO",
    "currency": [
        "GEL"
    ],
    "demonym": "Georgian",
    "landlocked": false,
    "languages": {
        "kat": "Georgian"
    },
    "latlng": [
        42,
        43.5
    ],
    "name": {
        "common": "Georgia",
        "native": {
            "kat": {
                "common": "\u10e1\u10d0\u10e5\u10d0\u10e0\u10d7\u10d5\u10d4\u10da\u10dd",
                "official": "\u10e1\u10d0\u10e5\u10d0\u10e0\u10d7\u10d5\u10d4\u10da\u10dd"
            }
        },
        "official": "Georgia"
    },
    "region": "Asia",
    "subregion": "Western Asia",
    "tld": [
        ".ge"
    ],
    "translations": {
        "deu": {
            "common": "Georgien",
            "official": "Georgia"
        },
        "fin": {
            "common": "Georgia",
            "official": "Georgia"
        },
        "fra": {
            "common": "G\u00e9orgie",
            "official": "G\u00e9orgie"
        },
        "hrv": {
            "common": "Gruzija",
            "official": "Gruzija"
        },
        "ita": {
            "common": "Georgia",
            "official": "Georgia"
        },
        "jpn": {
            "common": "\u30b0\u30eb\u30b8\u30a2",
            "official": "\u30b0\u30eb\u30b8\u30a2"
        },
        "nld": {
            "common": "Georgi\u00eb",
            "official": "Georgia"
        },
        "por": {
            "common": "Ge\u00f3rgia",
            "official": "Georgia"
        },
        "rus": {
            "common": "\u0413\u0440\u0443\u0437\u0438\u044f",
            "official": "\u0413\u0440\u0443\u0437\u0438\u044f"
        },
        "spa": {
            "common": "Georgia",
            "official": "Georgia"
        }
    },
    "coordinate": {
        "latitude": 42,
        "longitude": 43.5
    }
}