{
    "_id": "GGY",
    "altSpellings": [
        "GG",
        "Bailiwick of Guernsey",
        "Bailliage de Guernesey"
    ],
    "area": 78,
    "borders": [],
    "callingCode": [
        "44"
    ],
    "capital": "St. Peter Port",
    "cca2": "GG",
    "cca3": "GGY",
    "ccn3": "831",
    "cioc": "",
    "currency": [
        "GBP"
    ],
    "demonym": "Channel Islander",
    "landlocked": false,
    "languages": {
        "eng": "English",
        "fra": "French",
        "nfr": "Guern\u00e9siais"
    },
    "latlng": [
        49.46666666,
        -2.58333333
    ],
    "name": {
        "common": "Guernsey",
        "native": {
            "eng": {
                "common": "Guernsey",
                "official": "Bailiwick of Guernsey"
            },
            "fra": {
                "common": "Guernesey",
                "official": "Bailliage de Guernesey"
            },
            "nfr": {
                "common": "Dg\u00e8rn\u00e9siais",
                "official": "Dg\u00e8rn\u00e9siais"
            }
        },
        "official": "Bailiwick of Guernsey"
    },
    "region": "Europe",
    "subregion": "Northern Europe",
    "tld": [
        ".gg"
    ],
    "translations": {
        "deu": {
            "common": "Guernsey",
            "official": "Guernsey"
        },
        "fin": {
            "common": "Guernsey",
            "official": "Guernsey"
        },
        "fra": {
            "common": "Guernesey",
            "official": "Bailliage de Guernesey"
        },
        "hrv": {
            "common": "Guernsey",
            "official": "Struka Guernsey"
        },
        "ita": {
            "common": "Guernsey",
            "official": "Baliato di Guernsey"
        },
        "jpn": {
            "common": "\u30ac\u30fc\u30f3\u30b8\u30fc",
            "official": "\u30ac\u30fc\u30f3\u30b8\u30fc\u306e\u5f97\u610f\u5206\u91ce"
        },
        "nld": {
            "common": "Guernsey",
            "official": "Baljuwschap Guernsey"
        },
        "por": {
            "common": "Guernsey",
            "official": "Bailiado de Guernsey"
        },
        "rus": {
            "common": "\u0413\u0435\u0440\u043d\u0441\u0438",
            "official": "\u041a\u043e\u0440\u043e\u043d\u043d\u043e\u0435 \u0432\u043b\u0430\u0434\u0435\u043d\u0438\u0435 \u0413\u0435\u0440\u043d\u0441\u0438"
        },
        "spa": {
            "common": "Guernsey",
            "official": "Bail\u00eda de Guernsey"
        }
    },
    "coordinate": {
        "latitude": 49.46666666,
        "longitude": -2.58333333
    }
}