{
    "_id": "GHA",
    "altSpellings": [
        "GH"
    ],
    "area": 238533,
    "borders": [
        "BFA",
        "CIV",
        "TGO"
    ],
    "callingCode": [
        "233"
    ],
    "capital": "Accra",
    "cca2": "GH",
    "cca3": "GHA",
    "ccn3": "288",
    "cioc": "GHA",
    "currency": [
        "GHS"
    ],
    "demonym": "Ghanaian",
    "landlocked": false,
    "languages": {
        "eng": "English"
    },
    "latlng": [
        8,
        -2
    ],
    "name": {
        "common": "Ghana",
        "native": {
            "eng": {
                "common": "Ghana",
                "official": "Republic of Ghana"
            }
        },
        "official": "Republic of Ghana"
    },
    "region": "Africa",
    "subregion": "Western Africa",
    "tld": [
        ".gh"
    ],
    "translations": {
        "deu": {
            "common": "Ghana",
            "official": "Republik Ghana"
        },
        "fin": {
            "common": "Ghana",
            "official": "Ghanan tasavalta"
        },
        "fra": {
            "common": "Ghana",
            "official": "R\u00e9publique du Ghana"
        },
        "hrv": {
            "common": "Gana",
            "official": "Republika Gana"
        },
        "ita": {
            "common": "Ghana",
            "official": "Repubblica del Ghana"
        },
        "jpn": {
            "common": "\u30ac\u30fc\u30ca",
            "official": "\u30ac\u30fc\u30ca\u5171\u548c\u56fd"
        },
        "nld": {
            "common": "Ghana",
            "official": "Republiek Ghana"
        },
        "por": {
            "common": "Gana",
            "official": "Rep\u00fablica do Gana"
        },
        "rus": {
            "common": "\u0413\u0430\u043d\u0430",
            "official": "\u0420\u0435\u0441\u043f\u0443\u0431\u043b\u0438\u043a\u0430 \u0413\u0430\u043d\u0430"
        },
        "spa": {
            "common": "Ghana",
            "official": "Rep\u00fablica de Ghana"
        }
    },
    "coordinate": {
        "latitude": 8,
        "longitude": -2
    }
}