{
    "_id": "GIB",
    "altSpellings": [
        "GI"
    ],
    "area": 6,
    "borders": [
        "ESP"
    ],
    "callingCode": [
        "350"
    ],
    "capital": "Gibraltar",
    "cca2": "GI",
    "cca3": "GIB",
    "ccn3": "292",
    "cioc": "",
    "currency": [
        "GIP"
    ],
    "demonym": "Gibraltar",
    "landlocked": false,
    "languages": {
        "eng": "English"
    },
    "latlng": [
        36.13333333,
        -5.35
    ],
    "name": {
        "common": "Gibraltar",
        "native": {
            "eng": {
                "common": "Gibraltar",
                "official": "Gibraltar"
            }
        },
        "official": "Gibraltar"
    },
    "region": "Europe",
    "subregion": "Southern Europe",
    "tld": [
        ".gi"
    ],
    "translations": {
        "deu": {
            "common": "Gibraltar",
            "official": "Gibraltar"
        },
        "fin": {
            "common": "Gibraltar",
            "official": "Gibraltar"
        },
        "fra": {
            "common": "Gibraltar",
            "official": "Gibraltar"
        },
        "hrv": {
            "common": "Gibraltar",
            "official": "Gibraltar"
        },
        "ita": {
            "common": "Gibilterra",
            "official": "Gibilterra"
        },
        "jpn": {
            "common": "\u30b8\u30d6\u30e9\u30eb\u30bf\u30eb",
            "official": "\u30b8\u30d6\u30e9\u30eb\u30bf\u30eb"
        },
        "nld": {
            "common": "Gibraltar",
            "official": "Gibraltar"
        },
        "por": {
            "common": "Gibraltar",
            "official": "Gibraltar"
        },
        "rus": {
            "common": "\u0413\u0438\u0431\u0440\u0430\u043b\u0442\u0430\u0440",
            "official": "\u0413\u0438\u0431\u0440\u0430\u043b\u0442\u0430\u0440"
        },
        "spa": {
            "common": "Gibraltar",
            "official": "Gibraltar"
        }
    },
    "coordinate": {
        "latitude": 36.13333333,
        "longitude": -5.35
    }
}