{
    "_id": "GIN",
    "altSpellings": [
        "GN",
        "Republic of Guinea",
        "R\u00e9publique de Guin\u00e9e"
    ],
    "area": 245857,
    "borders": [
        "CIV",
        "GNB",
        "LBR",
        "MLI",
        "SEN",
        "SLE"
    ],
    "callingCode": [
        "224"
    ],
    "capital": "Conakry",
    "cca2": "GN",
    "cca3": "GIN",
    "ccn3": "324",
    "cioc": "GUI",
    "currency": [
        "GNF"
    ],
    "demonym": "Guinean",
    "landlocked": false,
    "languages": {
        "fra": "French"
    },
    "latlng": [
        11,
        -10
    ],
    "name": {
        "common": "Guinea",
        "native": {
            "fra": {
                "common": "Guin\u00e9e",
                "official": "R\u00e9publique de Guin\u00e9e"
            }
        },
        "official": "Republic of Guinea"
    },
    "region": "Africa",
    "subregion": "Western Africa",
    "tld": [
        ".gn"
    ],
    "translations": {
        "deu": {
            "common": "Guinea",
            "official": "Republik Guinea"
        },
        "fin": {
            "common": "Guinea",
            "official": "Guinean tasavalta"
        },
        "fra": {
            "common": "Guin\u00e9e",
            "official": "R\u00e9publique de Guin\u00e9e"
        },
        "hrv": {
            "common": "Gvineja",
            "official": "Republika Gvineja"
        },
        "ita": {
            "common": "Guinea",
            "official": "Repubblica di Guinea"
        },
        "jpn": {
            "common": "\u30ae\u30cb\u30a2",
            "official": "\u30ae\u30cb\u30a2\u5171\u548c\u56fd"
        },
        "nld": {
            "common": "Guinee",
            "official": "Republiek Guinee"
        },
        "por": {
            "common": "Guin\u00e9",
            "official": "Rep\u00fablica da Guin\u00e9"
        },
        "rus": {
            "common": "\u0413\u0432\u0438\u043d\u0435\u044f",
            "official": "\u0420\u0435\u0441\u043f\u0443\u0431\u043b\u0438\u043a\u0430 \u0413\u0432\u0438\u043d\u0435\u044f"
        },
        "spa": {
            "common": "Guinea",
            "official": "Rep\u00fablica de Guinea"
        }
    },
    "coordinate": {
        "latitude": 11,
        "longitude": -10
    }
}