{
    "_id": "GLP",
    "altSpellings": [
        "GP",
        "Gwadloup"
    ],
    "area": 1628,
    "borders": [],
    "callingCode": [
        "590"
    ],
    "capital": "Basse-Terre",
    "cca2": "GP",
    "cca3": "GLP",
    "ccn3": "312",
    "cioc": "",
    "currency": [
        "EUR"
    ],
    "demonym": "Guadeloupian",
    "landlocked": false,
    "languages": {
        "fra": "French"
    },
    "latlng": [
        16.25,
        -61.583333
    ],
    "name": {
        "common": "Guadeloupe",
        "native": {
            "fra": {
                "common": "Guadeloupe",
                "official": "Guadeloupe"
            }
        },
        "official": "Guadeloupe"
    },
    "region": "Americas",
    "subregion": "Caribbean",
    "tld": [
        ".gp"
    ],
    "translations": {
        "deu": {
            "common": "Guadeloupe",
            "official": "Guadeloupe"
        },
        "fin": {
            "common": "Guadeloupe",
            "official": "Guadeloupen departmentti"
        },
        "fra": {
            "common": "Guadeloupe",
            "official": "Guadeloupe"
        },
        "hrv": {
            "common": "Gvadalupa",
            "official": "Gvadalupa"
        },
        "ita": {
            "common": "Guadeloupa",
            "official": "Guadeloupe"
        },
        "jpn": {
            "common": "\u30b0\u30a2\u30c9\u30eb\u30fc\u30d7",
            "official": "\u30b0\u30a2\u30c9\u30eb\u30fc\u30d7\u5cf6"
        },
        "nld": {
            "common": "Guadeloupe",
            "official": "Guadeloupe"
        },
        "por": {
            "common": "Guadalupe",
            "official": "Guadalupe"
        },
        "rus": {
            "common": "\u0413\u0432\u0430\u0434\u0435\u043b\u0443\u043f\u0430",
            "official": "\u0413\u0432\u0430\u0434\u0435\u043b\u0443\u043f\u0430"
        },
        "spa": {
            "common": "Guadalupe",
            "official": "Guadalupe"
        }
    },
    "coordinate": {
        "latitude": 16.25,
        "longitude": -61.583333
    }
}