{
    "_id": "GMB",
    "altSpellings": [
        "GM",
        "Republic of the Gambia"
    ],
    "area": 10689,
    "borders": [
        "SEN"
    ],
    "callingCode": [
        "220"
    ],
    "capital": "Banjul",
    "cca2": "GM",
    "cca3": "GMB",
    "ccn3": "270",
    "cioc": "GAM",
    "currency": [
        "GMD"
    ],
    "demonym": "Gambian",
    "landlocked": false,
    "languages": {
        "eng": "English"
    },
    "latlng": [
        13.46666666,
        -16.56666666
    ],
    "name": {
        "common": "Gambia",
        "native": {
            "eng": {
                "common": "Gambia",
                "official": "Republic of the Gambia"
            }
        },
        "official": "Republic of the Gambia"
    },
    "region": "Africa",
    "subregion": "Western Africa",
    "tld": [
        ".gm"
    ],
    "translations": {
        "deu": {
            "common": "Gambia",
            "official": "Republik Gambia"
        },
        "fin": {
            "common": "Gambia",
            "official": "Gambian tasavalta"
        },
        "fra": {
            "common": "Gambie",
            "official": "R\u00e9publique de Gambie"
        },
        "hrv": {
            "common": "Gambija",
            "official": "Republika Gambija"
        },
        "ita": {
            "common": "Gambia",
            "official": "Repubblica del Gambia"
        },
        "jpn": {
            "common": "\u30ac\u30f3\u30d3\u30a2",
            "official": "\u30ac\u30f3\u30d3\u30a2\u5171\u548c\u56fd"
        },
        "nld": {
            "common": "Gambia",
            "official": "Republiek Gambia"
        },
        "por": {
            "common": "G\u00e2mbia",
            "official": "Rep\u00fablica da G\u00e2mbia"
        },
        "rus": {
            "common": "\u0413\u0430\u043c\u0431\u0438\u044f",
            "official": "\u0420\u0435\u0441\u043f\u0443\u0431\u043b\u0438\u043a\u0430 \u0413\u0430\u043c\u0431\u0438\u044f"
        },
        "spa": {
            "common": "Gambia",
            "official": "Rep\u00fablica de Gambia"
        }
    },
    "coordinate": {
        "latitude": 13.46666666,
        "longitude": -16.56666666
    }
}