{
    "_id": "GNB",
    "altSpellings": [
        "GW",
        "Republic of Guinea-Bissau",
        "Rep\u00fablica da Guin\u00e9-Bissau"
    ],
    "area": 36125,
    "borders": [
        "GIN",
        "SEN"
    ],
    "callingCode": [
        "245"
    ],
    "capital": "Bissau",
    "cca2": "GW",
    "cca3": "GNB",
    "ccn3": "624",
    "cioc": "GBS",
    "currency": [
        "XOF"
    ],
    "demonym": "Guinea-Bissauan",
    "landlocked": false,
    "languages": {
        "por": "Portuguese"
    },
    "latlng": [
        12,
        -15
    ],
    "name": {
        "common": "Guinea-Bissau",
        "native": {
            "por": {
                "common": "Guin\u00e9-Bissau",
                "official": "Rep\u00fablica da Guin\u00e9-Bissau"
            }
        },
        "official": "Republic of Guinea-Bissau"
    },
    "region": "Africa",
    "subregion": "Western Africa",
    "tld": [
        ".gw"
    ],
    "translations": {
        "deu": {
            "common": "Guinea-Bissau",
            "official": "Republik Guinea- Bissau"
        },
        "fin": {
            "common": "Guinea-Bissau",
            "official": "Guinea-Bissaun tasavalta"
        },
        "fra": {
            "common": "Guin\u00e9e-Bissau",
            "official": "R\u00e9publique de Guin\u00e9e - Bissau"
        },
        "hrv": {
            "common": "Gvineja Bisau",
            "official": "Republika Gvineja Bisau"
        },
        "ita": {
            "common": "Guinea-Bissau",
            "official": "Repubblica di Guinea - Bissau"
        },
        "jpn": {
            "common": "\u30ae\u30cb\u30a2\u30d3\u30b5\u30a6",
            "official": "\u30ae\u30cb\u30a2\u30d3\u30b5\u30a6\u5171\u548c\u56fd"
        },
        "nld": {
            "common": "Guinee-Bissau",
            "official": "Republiek Guinee- Bissau"
        },
        "por": {
            "common": "Guin\u00e9-Bissau",
            "official": "Rep\u00fablica da Guin\u00e9-Bissau"
        },
        "rus": {
            "common": "\u0413\u0432\u0438\u043d\u0435\u044f-\u0411\u0438\u0441\u0430\u0443",
            "official": "\u0420\u0435\u0441\u043f\u0443\u0431\u043b\u0438\u043a\u0430 \u0413\u0432\u0438\u043d\u0435\u044f -\u0411\u0438\u0441\u0430\u0443"
        },
        "spa": {
            "common": "Guinea-Bis\u00e1u",
            "official": "Rep\u00fablica de Guinea- Bissau"
        }
    },
    "coordinate": {
        "latitude": 12,
        "longitude": -15
    }
}