{
    "_id": "GNQ",
    "altSpellings": [
        "GQ",
        "Republic of Equatorial Guinea",
        "Rep\u00fablica de Guinea Ecuatorial",
        "R\u00e9publique de Guin\u00e9e \u00e9quatoriale",
        "Rep\u00fablica da Guin\u00e9 Equatorial"
    ],
    "area": 28051,
    "borders": [
        "CMR",
        "GAB"
    ],
    "callingCode": [
        "240"
    ],
    "capital": "Malabo",
    "cca2": "GQ",
    "cca3": "GNQ",
    "ccn3": "226",
    "cioc": "GEQ",
    "currency": [
        "XAF"
    ],
    "demonym": "Equatorial Guinean",
    "landlocked": false,
    "languages": {
        "fra": "French",
        "por": "Portuguese",
        "spa": "Spanish"
    },
    "latlng": [
        2,
        10
    ],
    "name": {
        "common": "Equatorial Guinea",
        "native": {
            "fra": {
                "common": "Guin\u00e9e \u00e9quatoriale",
                "official": "R\u00e9publique de la Guin\u00e9e \u00c9quatoriale"
            },
            "por": {
                "common": "Guin\u00e9 Equatorial",
                "official": "Rep\u00fablica da Guin\u00e9 Equatorial"
            },
            "spa": {
                "common": "Guinea Ecuatorial",
                "official": "Rep\u00fablica de Guinea Ecuatorial"
            }
        },
        "official": "Republic of Equatorial Guinea"
    },
    "region": "Africa",
    "subregion": "Middle Africa",
    "tld": [
        ".gq"
    ],
    "translations": {
        "cym": {
            "common": "Gini Gyhydeddol",
            "official": "Republic of Equatorial Guinea"
        },
        "deu": {
            "common": "\u00c4quatorial-Guinea",
            "official": "Republik \u00c4quatorialguinea"
        },
        "fin": {
            "common": "P\u00e4iv\u00e4ntasaajan Guinea",
            "official": "P\u00e4iv\u00e4ntasaajan Guinean tasavalta"
        },
        "fra": {
            "common": "Guin\u00e9e-\u00c9quatoriale",
            "official": "R\u00e9publique de Guin\u00e9e \u00e9quatoriale"
        },
        "hrv": {
            "common": "Ekvatorijalna Gvineja",
            "official": "Republika Ekvatorska Gvineja"
        },
        "ita": {
            "common": "Guinea Equatoriale",
            "official": "Repubblica della Guinea Equatoriale"
        },
        "jpn": {
            "common": "\u8d64\u9053\u30ae\u30cb\u30a2",
            "official": "\u8d64\u9053\u30ae\u30cb\u30a2\u5171\u548c\u56fd"
        },
        "nld": {
            "common": "Equatoriaal-Guinea",
            "official": "Republiek Equatoriaal-Guinea"
        },
        "por": {
            "common": "Guin\u00e9 Equatorial",
            "official": "Rep\u00fablica da Guin\u00e9 Equatorial"
        },
        "rus": {
            "common": "\u042d\u043a\u0432\u0430\u0442\u043e\u0440\u0438\u0430\u043b\u044c\u043d\u0430\u044f \u0413\u0432\u0438\u043d\u0435\u044f",
            "official": "\u0420\u0435\u0441\u043f\u0443\u0431\u043b\u0438\u043a\u0430 \u042d\u043a\u0432\u0430\u0442\u043e\u0440\u0438\u0430\u043b\u044c\u043d\u0430\u044f \u0413\u0432\u0438\u043d\u0435\u044f"
        },
        "spa": {
            "common": "Guinea Ecuatorial",
            "official": "Rep\u00fablica de Guinea Ecuatorial"
        }
    },
    "coordinate": {
        "latitude": 2,
        "longitude": 10
    }
}