{
    "_id": "GRC",
    "altSpellings": [
        "GR",
        "Ell\u00e1da",
        "Hellenic Republic",
        "\u0395\u03bb\u03bb\u03b7\u03bd\u03b9\u03ba\u03ae \u0394\u03b7\u03bc\u03bf\u03ba\u03c1\u03b1\u03c4\u03af\u03b1"
    ],
    "area": 131990,
    "borders": [
        "ALB",
        "BGR",
        "TUR",
        "MKD"
    ],
    "callingCode": [
        "30"
    ],
    "capital": "Athens",
    "cca2": "GR",
    "cca3": "GRC",
    "ccn3": "300",
    "cioc": "GRE",
    "currency": [
        "EUR"
    ],
    "demonym": "Greek",
    "landlocked": false,
    "languages": {
        "ell": "Greek"
    },
    "latlng": [
        39,
        22
    ],
    "name": {
        "common": "Greece",
        "native": {
            "ell": {
                "common": "\u0395\u03bb\u03bb\u03ac\u03b4\u03b1",
                "official": "\u0395\u03bb\u03bb\u03b7\u03bd\u03b9\u03ba\u03ae \u0394\u03b7\u03bc\u03bf\u03ba\u03c1\u03b1\u03c4\u03af\u03b1"
            }
        },
        "official": "Hellenic Republic"
    },
    "region": "Europe",
    "subregion": "Southern Europe",
    "tld": [
        ".gr"
    ],
    "translations": {
        "deu": {
            "common": "Griechenland",
            "official": "Hellenische Republik"
        },
        "fin": {
            "common": "Kreikka",
            "official": "Helleenien tasavalta"
        },
        "fra": {
            "common": "Gr\u00e8ce",
            "official": "R\u00e9publique hell\u00e9nique"
        },
        "hrv": {
            "common": "Gr\u010dka",
            "official": "Helenska Republika"
        },
        "ita": {
            "common": "Grecia",
            "official": "Repubblica ellenica"
        },
        "jpn": {
            "common": "\u30ae\u30ea\u30b7\u30e3",
            "official": "\u30ae\u30ea\u30b7\u30e3\u5171\u548c\u56fd"
        },
        "nld": {
            "common": "Griekenland",
            "official": "Helleense Republiek"
        },
        "por": {
            "common": "Gr\u00e9cia",
            "official": "Rep\u00fablica Hel\u00e9nica"
        },
        "rus": {
            "common": "\u0413\u0440\u0435\u0446\u0438\u044f",
            "official": "\u0413\u0440\u0435\u0447\u0435\u0441\u043a\u0430\u044f \u0420\u0435\u0441\u043f\u0443\u0431\u043b\u0438\u043a\u0430"
        },
        "spa": {
            "common": "Grecia",
            "official": "Rep\u00fablica Hel\u00e9nica"
        }
    },
    "coordinate": {
        "latitude": 39,
        "longitude": 22
    }
}