{
    "_id": "GRD",
    "altSpellings": [
        "GD"
    ],
    "area": 344,
    "borders": [],
    "callingCode": [
        "1473"
    ],
    "capital": "St. George's",
    "cca2": "GD",
    "cca3": "GRD",
    "ccn3": "308",
    "cioc": "GRN",
    "currency": [
        "XCD"
    ],
    "demonym": "Grenadian",
    "landlocked": false,
    "languages": {
        "eng": "English"
    },
    "latlng": [
        12.11666666,
        -61.66666666
    ],
    "name": {
        "common": "Grenada",
        "native": {
            "eng": {
                "common": "Grenada",
                "official": "Grenada"
            }
        },
        "official": "Grenada"
    },
    "region": "Americas",
    "subregion": "Caribbean",
    "tld": [
        ".gd"
    ],
    "translations": {
        "deu": {
            "common": "Grenada",
            "official": "Grenada"
        },
        "fin": {
            "common": "Grenada",
            "official": "Grenada"
        },
        "fra": {
            "common": "Grenade",
            "official": "Grenade"
        },
        "hrv": {
            "common": "Grenada",
            "official": "Grenada"
        },
        "ita": {
            "common": "Grenada",
            "official": "Grenada"
        },
        "jpn": {
            "common": "\u30b0\u30ec\u30ca\u30c0",
            "official": "\u30b0\u30ec\u30ca\u30c0"
        },
        "nld": {
            "common": "Grenada",
            "official": "Grenada"
        },
        "por": {
            "common": "Granada",
            "official": "Grenada"
        },
        "rus": {
            "common": "\u0413\u0440\u0435\u043d\u0430\u0434\u0430",
            "official": "\u0413\u0440\u0435\u043d\u0430\u0434\u0430"
        },
        "spa": {
            "common": "Grenada",
            "official": "Granada"
        }
    },
    "coordinate": {
        "latitude": 12.11666666,
        "longitude": -61.66666666
    }
}