{
    "_id": "GRL",
    "altSpellings": [
        "GL",
        "Gr\u00f8nland"
    ],
    "area": 2166086.0,
    "borders": [],
    "callingCode": [
        "299"
    ],
    "capital": "Nuuk",
    "cca2": "GL",
    "cca3": "GRL",
    "ccn3": "304",
    "cioc": "",
    "currency": [
        "DKK"
    ],
    "demonym": "Greenlandic",
    "landlocked": false,
    "languages": {
        "kal": "Greenlandic"
    },
    "latlng": [
        72,
        -40
    ],
    "name": {
        "common": "Greenland",
        "native": {
            "kal": {
                "common": "Kalaallit Nunaat",
                "official": "Kalaallit Nunaat"
            }
        },
        "official": "Greenland"
    },
    "region": "Americas",
    "subregion": "Northern America",
    "tld": [
        ".gl"
    ],
    "translations": {
        "deu": {
            "common": "Gr\u00f6nland",
            "official": "Gr\u00f6nland"
        },
        "fin": {
            "common": "Gro\u00f6nlanti",
            "official": "Gro\u00f6nlanti"
        },
        "fra": {
            "common": "Groenland",
            "official": "Groenland"
        },
        "hrv": {
            "common": "Grenland",
            "official": "Grenland"
        },
        "ita": {
            "common": "Groenlandia",
            "official": "Groenlandia"
        },
        "jpn": {
            "common": "\u30b0\u30ea\u30fc\u30f3\u30e9\u30f3\u30c9",
            "official": "\u30b0\u30ea\u30fc\u30f3\u30e9\u30f3\u30c9"
        },
        "nld": {
            "common": "Groenland",
            "official": "Groenland"
        },
        "por": {
            "common": "Gronel\u00e2ndia",
            "official": "Groenl\u00e2ndia"
        },
        "rus": {
            "common": "\u0413\u0440\u0435\u043d\u043b\u0430\u043d\u0434\u0438\u044f",
            "official": "\u0413\u0440\u0435\u043d\u043b\u0430\u043d\u0434\u0438\u044f"
        },
        "spa": {
            "common": "Groenlandia",
            "official": "Groenlandia"
        }
    },
    "coordinate": {
        "latitude": 72,
        "longitude": -40
    }
}