{
    "_id": "GTM",
    "altSpellings": [
        "GT"
    ],
    "area": 108889,
    "borders": [
        "BLZ",
        "SLV",
        "HND",
        "MEX"
    ],
    "callingCode": [
        "502"
    ],
    "capital": "Guatemala City",
    "cca2": "GT",
    "cca3": "GTM",
    "ccn3": "320",
    "cioc": "GUA",
    "currency": [
        "GTQ"
    ],
    "demonym": "Guatemalan",
    "landlocked": false,
    "languages": {
        "spa": "Spanish"
    },
    "latlng": [
        15.5,
        -90.25
    ],
    "name": {
        "common": "Guatemala",
        "native": {
            "spa": {
                "common": "Guatemala",
                "official": "Rep\u00fablica de Guatemala"
            }
        },
        "official": "Republic of Guatemala"
    },
    "region": "Americas",
    "subregion": "Central America",
    "tld": [
        ".gt"
    ],
    "translations": {
        "deu": {
            "common": "Guatemala",
            "official": "Republik Guatemala"
        },
        "fin": {
            "common": "Guatemala",
            "official": "Guatemalan tasavalta"
        },
        "fra": {
            "common": "Guatemala",
            "official": "R\u00e9publique du Guatemala"
        },
        "hrv": {
            "common": "Gvatemala",
            "official": "Republika Gvatemala"
        },
        "ita": {
            "common": "Guatemala",
            "official": "Repubblica del Guatemala"
        },
        "jpn": {
            "common": "\u30b0\u30a2\u30c6\u30de\u30e9",
            "official": "\u30b0\u30a2\u30c6\u30de\u30e9\u5171\u548c\u56fd"
        },
        "nld": {
            "common": "Guatemala",
            "official": "Republiek Guatemala"
        },
        "por": {
            "common": "Guatemala",
            "official": "Rep\u00fablica da Guatemala"
        },
        "rus": {
            "common": "\u0413\u0432\u0430\u0442\u0435\u043c\u0430\u043b\u0430",
            "official": "\u0420\u0435\u0441\u043f\u0443\u0431\u043b\u0438\u043a\u0430 \u0413\u0432\u0430\u0442\u0435\u043c\u0430\u043b\u0430"
        },
        "spa": {
            "common": "Guatemala",
            "official": "Rep\u00fablica de Guatemala"
        }
    },
    "coordinate": {
        "latitude": 15.5,
        "longitude": -90.25
    }
}