{
    "_id": "GUF",
    "altSpellings": [
        "GF",
        "Guiana",
        "Guyane"
    ],
    "area": 83534,
    "borders": [
        "BRA",
        "SUR"
    ],
    "callingCode": [
        "594"
    ],
    "capital": "Cayenne",
    "cca2": "GF",
    "cca3": "GUF",
    "ccn3": "254",
    "cioc": "",
    "currency": [
        "EUR"
    ],
    "demonym": "",
    "landlocked": false,
    "languages": {
        "fra": "French"
    },
    "latlng": [
        4,
        -53
    ],
    "name": {
        "common": "French Guiana",
        "native": {
            "fra": {
                "common": "Guyane fran\u00e7aise",
                "official": "Guyanes"
            }
        },
        "official": "Guiana"
    },
    "region": "Americas",
    "subregion": "South America",
    "tld": [
        ".gf"
    ],
    "translations": {
        "deu": {
            "common": "Franz\u00f6sisch Guyana",
            "official": "Guayana"
        },
        "fin": {
            "common": "Ranskan Guayana",
            "official": "Ranskan Guayana"
        },
        "fra": {
            "common": "Guayane",
            "official": "Guyanes"
        },
        "hrv": {
            "common": "Francuska Gvajana",
            "official": "Gijana"
        },
        "ita": {
            "common": "Guyana francese",
            "official": "Guiana"
        },
        "jpn": {
            "common": "\u30d5\u30e9\u30f3\u30b9\u9818\u30ae\u30a2\u30ca",
            "official": "\u30ae\u30a2\u30ca"
        },
        "nld": {
            "common": "Frans-Guyana",
            "official": "Guyana"
        },
        "por": {
            "common": "Guiana Francesa",
            "official": "Guiana"
        },
        "rus": {
            "common": "\u0424\u0440\u0430\u043d\u0446\u0443\u0437\u0441\u043a\u0430\u044f \u0413\u0432\u0438\u0430\u043d\u0430",
            "official": "\u0413\u0432\u0438\u0430\u043d\u0430"
        },
        "spa": {
            "common": "Guayana Francesa",
            "official": "Guayana"
        }
    },
    "coordinate": {
        "latitude": 4,
        "longitude": -53
    }
}