{
    "_id": "GUM",
    "altSpellings": [
        "GU",
        "Gu\u00e5h\u00e5n"
    ],
    "area": 549,
    "borders": [],
    "callingCode": [
        "1671"
    ],
    "capital": "Hag\u00e5t\u00f1a",
    "cca2": "GU",
    "cca3": "GUM",
    "ccn3": "316",
    "cioc": "GUM",
    "currency": [
        "USD"
    ],
    "demonym": "Guamanian",
    "landlocked": false,
    "languages": {
        "cha": "Chamorro",
        "eng": "English",
        "spa": "Spanish"
    },
    "latlng": [
        13.46666666,
        144.78333333
    ],
    "name": {
        "common": "Guam",
        "native": {
            "cha": {
                "common": "Gu\u00e5h\u00e5n",
                "official": "Gu\u00e5h\u00e5n"
            },
            "eng": {
                "common": "Guam",
                "official": "Guam"
            },
            "spa": {
                "common": "Guam",
                "official": "Guam"
            }
        },
        "official": "Guam"
    },
    "region": "Oceania",
    "subregion": "Micronesia",
    "tld": [
        ".gu"
    ],
    "translations": {
        "deu": {
            "common": "Guam",
            "official": "Guam"
        },
        "fin": {
            "common": "Guam",
            "official": "Guam"
        },
        "fra": {
            "common": "Guam",
            "official": "Guam"
        },
        "hrv": {
            "common": "Guam",
            "official": "Guam"
        },
        "ita": {
            "common": "Guam",
            "official": "Guam"
        },
        "jpn": {
            "common": "\u30b0\u30a2\u30e0",
            "official": "\u30b0\u30a2\u30e0"
        },
        "nld": {
            "common": "Guam",
            "official": "Guam"
        },
        "por": {
            "common": "Guam",
            "official": "Guam"
        },
        "rus": {
            "common": "\u0413\u0443\u0430\u043c",
            "official": "\u0413\u0443\u0430\u043c"
        },
        "spa": {
            "common": "Guam",
            "official": "Guam"
        }
    },
    "coordinate": {
        "latitude": 13.46666666,
        "longitude": 144.78333333
    }
}