{
    "_id": "GUY",
    "altSpellings": [
        "GY",
        "Co-operative Republic of Guyana"
    ],
    "area": 214969,
    "borders": [
        "BRA",
        "SUR",
        "VEN"
    ],
    "callingCode": [
        "592"
    ],
    "capital": "Georgetown",
    "cca2": "GY",
    "cca3": "GUY",
    "ccn3": "328",
    "cioc": "GUY",
    "currency": [
        "GYD"
    ],
    "demonym": "Guyanese",
    "landlocked": false,
    "languages": {
        "eng": "English"
    },
    "latlng": [
        5,
        -59
    ],
    "name": {
        "common": "Guyana",
        "native": {
            "eng": {
                "common": "Guyana",
                "official": "Co-operative Republic of Guyana"
            }
        },
        "official": "Co-operative Republic of Guyana"
    },
    "region": "Americas",
    "subregion": "South America",
    "tld": [
        ".gy"
    ],
    "translations": {
        "deu": {
            "common": "Guyana",
            "official": "Kooperative Republik Guyana"
        },
        "fin": {
            "common": "Guayana",
            "official": "Guayanan osuustoiminnallinen tasavalta"
        },
        "fra": {
            "common": "Guyane",
            "official": "R\u00e9publique coop\u00e9rative du Guyana"
        },
        "hrv": {
            "common": "Gvajana",
            "official": "Zadruga Republika Gvajana"
        },
        "ita": {
            "common": "Guyana",
            "official": "Co -operative Republic of Guyana"
        },
        "jpn": {
            "common": "\u30ac\u30a4\u30a2\u30ca",
            "official": "\u30ac\u30a4\u30a2\u30ca\u306e\u5354\u540c\u5171\u548c\u56fd"
        },
        "nld": {
            "common": "Guyana",
            "official": "Co\u00f6peratieve Republiek Guyana"
        },
        "por": {
            "common": "Guiana",
            "official": "Co -operative Rep\u00fablica da Guiana"
        },
        "rus": {
            "common": "\u0413\u0430\u0439\u0430\u043d\u0430",
            "official": "\u041a\u043e\u043e\u043f\u0435\u0440\u0430\u0442\u0438\u0432\u043d\u0430\u044f \u0420\u0435\u0441\u043f\u0443\u0431\u043b\u0438\u043a\u0430 \u0413\u0430\u0439\u0430\u043d\u0430"
        },
        "spa": {
            "common": "Guyana",
            "official": "Rep\u00fablica Cooperativa de Guyana"
        }
    },
    "coordinate": {
        "latitude": 5,
        "longitude": -59
    }
}