{
    "_id": "HKG",
    "altSpellings": [
        "HK"
    ],
    "area": 1104,
    "borders": [
        "CHN"
    ],
    "callingCode": [
        "852"
    ],
    "capital": "City of Victoria",
    "cca2": "HK",
    "cca3": "HKG",
    "ccn3": "344",
    "cioc": "HKG",
    "currency": [
        "HKD"
    ],
    "demonym": "Hong Konger",
    "landlocked": false,
    "languages": {
        "eng": "English",
        "zho": "Chinese"
    },
    "latlng": [
        22.267,
        114.188
    ],
    "name": {
        "common": "Hong Kong",
        "native": {
            "eng": {
                "common": "Hong Kong",
                "official": "Hong Kong Special Administrative Region of the People's Republic of China"
            },
            "zho": {
                "common": "\u9999\u6e2f",
                "official": "\u9999\u6e2f\u4e2d\u56fd\u7279\u522b\u884c\u653f\u533a\u7684\u4eba\u6c11\u5171\u548c\u56fd"
            }
        },
        "official": "Hong Kong Special Administrative Region of the People's Republic of China"
    },
    "region": "Asia",
    "subregion": "Eastern Asia",
    "tld": [
        ".hk",
        ".\u9999\u6e2f"
    ],
    "translations": {
        "deu": {
            "common": "Hongkong",
            "official": "Sonderverwaltungszone der Volksrepublik China"
        },
        "fin": {
            "common": "Hongkong",
            "official": "Hong Kongin erityishallintoalue"
        },
        "fra": {
            "common": "Hong Kong",
            "official": "R\u00e9gion administrative sp\u00e9ciale de Hong Kong de la R\u00e9publique populaire de Chine"
        },
        "hrv": {
            "common": "Hong Kong",
            "official": "Hong Kong Posebnog upravnog podru\u010djaNarodne Republike Kine"
        },
        "ita": {
            "common": "Hong Kong",
            "official": "Hong Kong Regione amministrativa speciale della Repubblica Popolare Cinese"
        },
        "jpn": {
            "common": "\u9999\u6e2f",
            "official": "\u4e2d\u83ef\u4eba\u6c11\u5171\u548c\u56fd\u9999\u6e2f\u7279\u5225\u884c\u653f\u533a"
        },
        "nld": {
            "common": "Hongkong",
            "official": "Hong Kong Speciale Administratieve Regio van de Volksrepubliek China"
        },
        "por": {
            "common": "Hong Kong",
            "official": "Hong Kong Regi\u00e3o Administrativa Especial da Rep\u00fablica Popular da China"
        },
        "rus": {
            "common": "\u0413\u043e\u043d\u043a\u043e\u043d\u0433",
            "official": "Hong Kong \u0421\u043f\u0435\u0446\u0438\u0430\u043b\u044c\u043d\u044b\u0439 \u0430\u0434\u043c\u0438\u043d\u0438\u0441\u0442\u0440\u0430\u0442\u0438\u0432\u043d\u044b\u0439 \u0440\u0430\u0439\u043e\u043d \u041a\u0438\u0442\u0430\u0439\u0441\u043a\u043e\u0439 \u041d\u0430\u0440\u043e\u0434\u043d\u043e\u0439 \u0420\u0435\u0441\u043f\u0443\u0431\u043b\u0438\u043a\u0438 \u041a\u0438\u0442\u0430\u044f"
        },
        "spa": {
            "common": "Hong Kong",
            "official": "Hong Kong Regi\u00f3n Administrativa Especial de la Rep\u00fablica Popular China"
        }
    },
    "coordinate": {
        "latitude": 22.267,
        "longitude": 114.188
    }
}