{
    "_id": "HMD",
    "altSpellings": [
        "HM",
        "Heard Island and McDonald Mcdonald Islands"
    ],
    "area": 412,
    "borders": [],
    "callingCode": [],
    "capital": "",
    "cca2": "HM",
    "cca3": "HMD",
    "ccn3": "334",
    "cioc": "",
    "currency": [
        "AUD"
    ],
    "demonym": "Heard and McDonald Islander",
    "landlocked": false,
    "languages": {
        "eng": "English"
    },
    "latlng": [
        -53.1,
        72.51666666
    ],
    "name": {
        "common": "Heard Island and McDonald Islands",
        "native": {
            "eng": {
                "common": "Heard Island and McDonald Islands",
                "official": "Heard Island and McDonald Islands"
            }
        },
        "official": "Heard Island and McDonald Islands"
    },
    "region": "",
    "subregion": "",
    "tld": [
        ".hm",
        ".aq"
    ],
    "translations": {
        "deu": {
            "common": "Heard und die McDonaldinseln",
            "official": "Heard und McDonaldinseln"
        },
        "fin": {
            "common": "Heard ja McDonaldinsaaret",
            "official": "Heard ja McDonaldinsaaret"
        },
        "fra": {
            "common": "\u00celes Heard-et-MacDonald",
            "official": "Des \u00eeles Heard et McDonald"
        },
        "hrv": {
            "common": "Otok Heard i oto\u010dje McDonald",
            "official": "Otok Heard i oto\u010dje McDonald"
        },
        "ita": {
            "common": "Isole Heard e McDonald",
            "official": "Isole Heard e McDonald"
        },
        "jpn": {
            "common": "\u30cf\u30fc\u30c9\u5cf6\u3068\u30de\u30af\u30c9\u30ca\u30eb\u30c9\u8af8\u5cf6",
            "official": "\u30cf\u30fc\u30c9\u5cf6\u3068\u30de\u30af\u30c9\u30ca\u30eb\u30c9\u8af8\u5cf6"
        },
        "nld": {
            "common": "Heard- en McDonaldeilanden",
            "official": "Heard en McDonaldeilanden"
        },
        "por": {
            "common": "Ilha Heard e Ilhas McDonald",
            "official": "Ilha Heard e Ilhas McDonald"
        },
        "rus": {
            "common": "\u041e\u0441\u0442\u0440\u043e\u0432 \u0425\u0435\u0440\u0434 \u0438 \u043e\u0441\u0442\u0440\u043e\u0432\u0430 \u041c\u0430\u043a\u0434\u043e\u043d\u0430\u043b\u044c\u0434",
            "official": "\u041e\u0441\u0442\u0440\u043e\u0432 \u0425\u0435\u0440\u0434 \u0438 \u043e\u0441\u0442\u0440\u043e\u0432\u0430 \u041c\u0430\u043a\u0434\u043e\u043d\u0430\u043b\u044c\u0434"
        },
        "spa": {
            "common": "Islas Heard y McDonald",
            "official": "Islas Heard y McDonald"
        }
    },
    "coordinate": {
        "latitude": -53.1,
        "longitude": 72.51666666
    }
}