{
    "_id": "HND",
    "altSpellings": [
        "HN",
        "Republic of Honduras",
        "Rep\u00fablica de Honduras"
    ],
    "area": 112492,
    "borders": [
        "GTM",
        "SLV",
        "NIC"
    ],
    "callingCode": [
        "504"
    ],
    "capital": "Tegucigalpa",
    "cca2": "HN",
    "cca3": "HND",
    "ccn3": "340",
    "cioc": "HON",
    "currency": [
        "HNL"
    ],
    "demonym": "Honduran",
    "landlocked": false,
    "languages": {
        "spa": "Spanish"
    },
    "latlng": [
        15,
        -86.5
    ],
    "name": {
        "common": "Honduras",
        "native": {
            "spa": {
                "common": "Honduras",
                "official": "Rep\u00fablica de Honduras"
            }
        },
        "official": "Republic of Honduras"
    },
    "region": "Americas",
    "subregion": "Central America",
    "tld": [
        ".hn"
    ],
    "translations": {
        "deu": {
            "common": "Honduras",
            "official": "Republik Honduras"
        },
        "fin": {
            "common": "Honduras",
            "official": "Hondurasin tasavalta"
        },
        "fra": {
            "common": "Honduras",
            "official": "R\u00e9publique du Honduras"
        },
        "hrv": {
            "common": "Honduras",
            "official": "Republika Honduras"
        },
        "ita": {
            "common": "Honduras",
            "official": "Repubblica di Honduras"
        },
        "jpn": {
            "common": "\u30db\u30f3\u30b8\u30e5\u30e9\u30b9",
            "official": "\u30db\u30f3\u30b8\u30e5\u30e9\u30b9\u5171\u548c\u56fd"
        },
        "nld": {
            "common": "Honduras",
            "official": "Republiek Honduras"
        },
        "por": {
            "common": "Honduras",
            "official": "Rep\u00fablica de Honduras"
        },
        "rus": {
            "common": "\u0413\u043e\u043d\u0434\u0443\u0440\u0430\u0441",
            "official": "\u0420\u0435\u0441\u043f\u0443\u0431\u043b\u0438\u043a\u0430 \u0413\u043e\u043d\u0434\u0443\u0440\u0430\u0441"
        },
        "spa": {
            "common": "Honduras",
            "official": "Rep\u00fablica de Honduras"
        }
    },
    "coordinate": {
        "latitude": 15,
        "longitude": -86.5
    }
}