{
    "_id": "HRV",
    "altSpellings": [
        "HR",
        "Hrvatska",
        "Republic of Croatia",
        "Republika Hrvatska"
    ],
    "area": 56594,
    "borders": [
        "BIH",
        "HUN",
        "MNE",
        "SRB",
        "SVN"
    ],
    "callingCode": [
        "385"
    ],
    "capital": "Zagreb",
    "cca2": "HR",
    "cca3": "HRV",
    "ccn3": "191",
    "cioc": "CRO",
    "currency": [
        "HRK"
    ],
    "demonym": "Croatian",
    "landlocked": false,
    "languages": {
        "hrv": "Croatian"
    },
    "latlng": [
        45.16666666,
        15.5
    ],
    "name": {
        "common": "Croatia",
        "native": {
            "hrv": {
                "common": "Hrvatska",
                "official": "Republika Hrvatska"
            }
        },
        "official": "Republic of Croatia"
    },
    "region": "Europe",
    "subregion": "Southern Europe",
    "tld": [
        ".hr"
    ],
    "translations": {
        "cym": {
            "common": "Croatia",
            "official": "Republic of Croatia"
        },
        "deu": {
            "common": "Kroatien",
            "official": "Republik Kroatien"
        },
        "fin": {
            "common": "Kroatia",
            "official": "Kroatian tasavalta"
        },
        "fra": {
            "common": "Croatie",
            "official": "R\u00e9publique de Croatie"
        },
        "hrv": {
            "common": "Hrvatska",
            "official": "Republika Hrvatska"
        },
        "ita": {
            "common": "Croazia",
            "official": "Repubblica di Croazia"
        },
        "jpn": {
            "common": "\u30af\u30ed\u30a2\u30c1\u30a2",
            "official": "\u30af\u30ed\u30a2\u30c1\u30a2\u5171\u548c\u56fd"
        },
        "nld": {
            "common": "Kroati\u00eb",
            "official": "Republiek Kroati\u00eb"
        },
        "por": {
            "common": "Cro\u00e1cia",
            "official": "Rep\u00fablica da Cro\u00e1cia"
        },
        "rus": {
            "common": "\u0425\u043e\u0440\u0432\u0430\u0442\u0438\u044f",
            "official": "\u0420\u0435\u0441\u043f\u0443\u0431\u043b\u0438\u043a\u0430 \u0425\u043e\u0440\u0432\u0430\u0442\u0438\u044f"
        },
        "spa": {
            "common": "Croacia",
            "official": "Rep\u00fablica de Croacia"
        }
    },
    "coordinate": {
        "latitude": 45.16666666,
        "longitude": 15.5
    }
}