{
    "_id": "HTI",
    "altSpellings": [
        "HT",
        "Republic of Haiti",
        "R\u00e9publique d'Ha\u00efti",
        "Repiblik Ayiti"
    ],
    "area": 27750,
    "borders": [
        "DOM"
    ],
    "callingCode": [
        "509"
    ],
    "capital": "Port-au-Prince",
    "cca2": "HT",
    "cca3": "HTI",
    "ccn3": "332",
    "cioc": "HAI",
    "currency": [
        "HTG",
        "USD"
    ],
    "demonym": "Haitian",
    "landlocked": false,
    "languages": {
        "fra": "French",
        "hat": "Haitian Creole"
    },
    "latlng": [
        19,
        -72.41666666
    ],
    "name": {
        "common": "Haiti",
        "native": {
            "fra": {
                "common": "Ha\u00efti",
                "official": "R\u00e9publique d'Ha\u00efti"
            },
            "hat": {
                "common": "Ayiti",
                "official": "Repiblik Ayiti"
            }
        },
        "official": "Republic of Haiti"
    },
    "region": "Americas",
    "subregion": "Caribbean",
    "tld": [
        ".ht"
    ],
    "translations": {
        "deu": {
            "common": "Haiti",
            "official": "Republik Haiti"
        },
        "fin": {
            "common": "Haiti",
            "official": "Haitin tasavalta"
        },
        "fra": {
            "common": "Ha\u00efti",
            "official": "R\u00e9publique d'Ha\u00efti"
        },
        "hrv": {
            "common": "Haiti",
            "official": "Republika Haiti"
        },
        "ita": {
            "common": "Haiti",
            "official": "Repubblica di Haiti"
        },
        "jpn": {
            "common": "\u30cf\u30a4\u30c1",
            "official": "\u30cf\u30a4\u30c1\u5171\u548c\u56fd"
        },
        "nld": {
            "common": "Ha\u00efti",
            "official": "Republiek Ha\u00efti"
        },
        "por": {
            "common": "Haiti",
            "official": "Rep\u00fablica do Haiti"
        },
        "rus": {
            "common": "\u0413\u0430\u0438\u0442\u0438",
            "official": "\u0420\u0435\u0441\u043f\u0443\u0431\u043b\u0438\u043a\u0430 \u0413\u0430\u0438\u0442\u0438"
        },
        "spa": {
            "common": "Haiti",
            "official": "Rep\u00fablica de Hait\u00ed"
        }
    },
    "coordinate": {
        "latitude": 19,
        "longitude": -72.41666666
    }
}