{
    "_id": "HUN",
    "altSpellings": [
        "HU"
    ],
    "area": 93028,
    "borders": [
        "AUT",
        "HRV",
        "ROU",
        "SRB",
        "SVK",
        "SVN",
        "UKR"
    ],
    "callingCode": [
        "36"
    ],
    "capital": "Budapest",
    "cca2": "HU",
    "cca3": "HUN",
    "ccn3": "348",
    "cioc": "HUN",
    "currency": [
        "HUF"
    ],
    "demonym": "Hungarian",
    "landlocked": true,
    "languages": {
        "hun": "Hungarian"
    },
    "latlng": [
        47,
        20
    ],
    "name": {
        "common": "Hungary",
        "native": {
            "hun": {
                "common": "Magyarorsz\u00e1g",
                "official": "Magyarorsz\u00e1g"
            }
        },
        "official": "Hungary"
    },
    "region": "Europe",
    "subregion": "Eastern Europe",
    "tld": [
        ".hu"
    ],
    "translations": {
        "deu": {
            "common": "Ungarn",
            "official": "Ungarn"
        },
        "fin": {
            "common": "Unkari",
            "official": "Unkari"
        },
        "fra": {
            "common": "Hongrie",
            "official": "Hongrie"
        },
        "hrv": {
            "common": "Ma\u0111arska",
            "official": "Mad\u017earska"
        },
        "ita": {
            "common": "Ungheria",
            "official": "Ungheria"
        },
        "jpn": {
            "common": "\u30cf\u30f3\u30ac\u30ea\u30fc",
            "official": "\u30cf\u30f3\u30ac\u30ea\u30fc"
        },
        "nld": {
            "common": "Hongarije",
            "official": "Hongarije"
        },
        "por": {
            "common": "Hungria",
            "official": "Hungria"
        },
        "rus": {
            "common": "\u0412\u0435\u043d\u0433\u0440\u0438\u044f",
            "official": "\u0412\u0435\u043d\u0433\u0440\u0438\u044f"
        },
        "spa": {
            "common": "Hungr\u00eda",
            "official": "Hungr\u00eda"
        }
    },
    "coordinate": {
        "latitude": 47,
        "longitude": 20
    }
}