{
    "_id": "IDN",
    "altSpellings": [
        "ID",
        "Republic of Indonesia",
        "Republik Indonesia"
    ],
    "area": 1904569.0,
    "borders": [
        "TLS",
        "MYS",
        "PNG"
    ],
    "callingCode": [
        "62"
    ],
    "capital": "Jakarta",
    "cca2": "ID",
    "cca3": "IDN",
    "ccn3": "360",
    "cioc": "INA",
    "currency": [
        "IDR"
    ],
    "demonym": "Indonesian",
    "landlocked": false,
    "languages": {
        "ind": "Indonesian"
    },
    "latlng": [
        -5,
        120
    ],
    "name": {
        "common": "Indonesia",
        "native": {
            "ind": {
                "common": "Indonesia",
                "official": "Republik Indonesia"
            }
        },
        "official": "Republic of Indonesia"
    },
    "region": "Asia",
    "subregion": "South-Eastern Asia",
    "tld": [
        ".id"
    ],
    "translations": {
        "deu": {
            "common": "Indonesien",
            "official": "Republik Indonesien"
        },
        "fin": {
            "common": "Indonesia",
            "official": "Indonesian tasavalta"
        },
        "fra": {
            "common": "Indon\u00e9sie",
            "official": "R\u00e9publique d'Indon\u00e9sie"
        },
        "hrv": {
            "common": "Indonezija",
            "official": "Republika Indonezija"
        },
        "ita": {
            "common": "Indonesia",
            "official": "Repubblica di Indonesia"
        },
        "jpn": {
            "common": "\u30a4\u30f3\u30c9\u30cd\u30b7\u30a2",
            "official": "\u30a4\u30f3\u30c9\u30cd\u30b7\u30a2\u5171\u548c\u56fd"
        },
        "nld": {
            "common": "Indonesi\u00eb",
            "official": "Republiek Indonesi\u00eb"
        },
        "por": {
            "common": "Indon\u00e9sia",
            "official": "Rep\u00fablica da Indon\u00e9sia"
        },
        "rus": {
            "common": "\u0418\u043d\u0434\u043e\u043d\u0435\u0437\u0438\u044f",
            "official": "\u0420\u0435\u0441\u043f\u0443\u0431\u043b\u0438\u043a\u0430 \u0418\u043d\u0434\u043e\u043d\u0435\u0437\u0438\u044f"
        },
        "spa": {
            "common": "Indonesia",
            "official": "Rep\u00fablica de Indonesia"
        }
    },
    "coordinate": {
        "latitude": -5,
        "longitude": 120
    }
}