{
    "_id": "IMN",
    "altSpellings": [
        "IM",
        "Ellan Vannin",
        "Mann",
        "Mannin"
    ],
    "area": 572,
    "borders": [],
    "callingCode": [
        "44"
    ],
    "capital": "Douglas",
    "cca2": "IM",
    "cca3": "IMN",
    "ccn3": "833",
    "cioc": "",
    "currency": [
        "GBP"
    ],
    "demonym": "Manx",
    "landlocked": false,
    "languages": {
        "eng": "English",
        "glv": "Manx"
    },
    "latlng": [
        54.25,
        -4.5
    ],
    "name": {
        "common": "Isle of Man",
        "native": {
            "eng": {
                "common": "Isle of Man",
                "official": "Isle of Man"
            },
            "glv": {
                "common": "Mannin",
                "official": "Ellan Vannin or Mannin"
            }
        },
        "official": "Isle of Man"
    },
    "region": "Europe",
    "subregion": "Northern Europe",
    "tld": [
        ".im"
    ],
    "translations": {
        "deu": {
            "common": "Insel Man",
            "official": "Isle of Man"
        },
        "fin": {
            "common": "Mansaari",
            "official": "Mansaari"
        },
        "fra": {
            "common": "\u00cele de Man",
            "official": "Isle of Man"
        },
        "hrv": {
            "common": "Otok Man",
            "official": "Mana ostrvo"
        },
        "ita": {
            "common": "Isola di Man",
            "official": "Isola di Man"
        },
        "jpn": {
            "common": "\u30de\u30f3\u5cf6",
            "official": "\u30de\u30f3\u5cf6"
        },
        "nld": {
            "common": "Isle of Man",
            "official": "Isle of Man"
        },
        "por": {
            "common": "Ilha de Man",
            "official": "Isle of Man"
        },
        "rus": {
            "common": "\u041e\u0441\u0442\u0440\u043e\u0432 \u041c\u044d\u043d",
            "official": "\u041e\u0441\u0442\u0440\u043e\u0432 \u041c\u044d\u043d"
        },
        "spa": {
            "common": "Isla de Man",
            "official": "Isla de Man"
        }
    },
    "coordinate": {
        "latitude": 54.25,
        "longitude": -4.5
    }
}