{
    "_id": "IND",
    "altSpellings": [
        "IN",
        "Bh\u0101rat",
        "Republic of India",
        "Bharat Ganrajya",
        "\u0b87\u0ba8\u0bcd\u0ba4\u0bbf\u0baf\u0bbe"
    ],
    "area": 3287590.0,
    "borders": [
        "AFG",
        "BGD",
        "BTN",
        "MMR",
        "CHN",
        "NPL",
        "PAK",
        "LKA"
    ],
    "callingCode": [
        "91"
    ],
    "capital": "New Delhi",
    "cca2": "IN",
    "cca3": "IND",
    "ccn3": "356",
    "cioc": "IND",
    "currency": [
        "INR"
    ],
    "demonym": "Indian",
    "landlocked": false,
    "languages": {
        "eng": "English",
        "hin": "Hindi",
        "tam": "Tamil"
    },
    "latlng": [
        20,
        77
    ],
    "name": {
        "common": "India",
        "native": {
            "eng": {
                "common": "India",
                "official": "Republic of India"
            },
            "hin": {
                "common": "\u092d\u093e\u0930\u0924",
                "official": "\u092d\u093e\u0930\u0924 \u0917\u0923\u0930\u093e\u091c\u094d\u092f"
            },
            "tam": {
                "common": "\u0b87\u0ba8\u0bcd\u0ba4\u0bbf\u0baf\u0bbe",
                "official": "\u0b87\u0ba8\u0bcd\u0ba4\u0bbf\u0baf\u0b95\u0bcd \u0b95\u0bc1\u0b9f\u0bbf\u0baf\u0bb0\u0b9a\u0bc1"
            }
        },
        "official": "Republic of India"
    },
    "region": "Asia",
    "subregion": "Southern Asia",
    "tld": [
        ".in"
    ],
    "translations": {
        "deu": {
            "common": "Indien",
            "official": "Republik Indien"
        },
        "fin": {
            "common": "Intia",
            "official": "Intian tasavalta"
        },
        "fra": {
            "common": "Inde",
            "official": "R\u00e9publique de l'Inde"
        },
        "hrv": {
            "common": "Indija",
            "official": "Republika Indija"
        },
        "ita": {
            "common": "India",
            "official": "Repubblica dell'India"
        },
        "jpn": {
            "common": "\u30a4\u30f3\u30c9",
            "official": "\u30a4\u30f3\u30c9\u5171\u548c\u56fd"
        },
        "nld": {
            "common": "India",
            "official": "Republiek India"
        },
        "por": {
            "common": "\u00cdndia",
            "official": "Rep\u00fablica da \u00cdndia"
        },
        "rus": {
            "common": "\u0418\u043d\u0434\u0438\u044f",
            "official": "\u0420\u0435\u0441\u043f\u0443\u0431\u043b\u0438\u043a\u0430 \u0418\u043d\u0434\u0438\u044f"
        },
        "spa": {
            "common": "India",
            "official": "Rep\u00fablica de la India"
        }
    },
    "coordinate": {
        "latitude": 20,
        "longitude": 77
    }
}