{
    "_id": "IOT",
    "altSpellings": [
        "IO"
    ],
    "area": 60,
    "borders": [],
    "callingCode": [
        "246"
    ],
    "capital": "Diego Garcia",
    "cca2": "IO",
    "cca3": "IOT",
    "ccn3": "086",
    "cioc": "",
    "currency": [
        "USD"
    ],
    "demonym": "Indian",
    "landlocked": false,
    "languages": {
        "eng": "English"
    },
    "latlng": [
        -6,
        71.5
    ],
    "name": {
        "common": "British Indian Ocean Territory",
        "native": {
            "eng": {
                "common": "British Indian Ocean Territory",
                "official": "British Indian Ocean Territory"
            }
        },
        "official": "British Indian Ocean Territory"
    },
    "region": "Africa",
    "subregion": "Eastern Africa",
    "tld": [
        ".io"
    ],
    "translations": {
        "cym": {
            "common": "Tiriogaeth Brydeinig Cefnfor India",
            "official": "British Indian Ocean Territory"
        },
        "deu": {
            "common": "Britisches Territorium im Indischen Ozean",
            "official": "Britisch-Indischer Ozean"
        },
        "fin": {
            "common": "Brittil\u00e4inen Intian valtameren alue",
            "official": "Brittil\u00e4inen Intian valtameren alue"
        },
        "fra": {
            "common": "Territoire britannique de l'oc\u00e9an Indien",
            "official": "Territoire britannique de l' oc\u00e9an Indien"
        },
        "hrv": {
            "common": "Britanski Indijskooceanski teritorij",
            "official": "British Indian Ocean Territory"
        },
        "ita": {
            "common": "Territorio britannico dell'oceano indiano",
            "official": "Territorio britannico dell'Oceano Indiano"
        },
        "jpn": {
            "common": "\u30a4\u30ae\u30ea\u30b9\u9818\u30a4\u30f3\u30c9\u6d0b\u5730\u57df",
            "official": "\u30a4\u30ae\u30ea\u30b9\u9818\u30a4\u30f3\u30c9\u6d0b\u5730\u57df"
        },
        "nld": {
            "common": "Britse Gebieden in de Indische Oceaan",
            "official": "Brits Indische Oceaan Territorium"
        },
        "por": {
            "common": "Territ\u00f3rio Brit\u00e2nico do Oceano \u00cdndico",
            "official": "British Indian Ocean Territory"
        },
        "rus": {
            "common": "\u0411\u0440\u0438\u0442\u0430\u043d\u0441\u043a\u0430\u044f \u0442\u0435\u0440\u0440\u0438\u0442\u043e\u0440\u0438\u044f \u0432 \u0418\u043d\u0434\u0438\u0439\u0441\u043a\u043e\u043c \u043e\u043a\u0435\u0430\u043d\u0435",
            "official": "\u0411\u0440\u0438\u0442\u0430\u043d\u0441\u043a\u0430\u044f \u0442\u0435\u0440\u0440\u0438\u0442\u043e\u0440\u0438\u044f \u0418\u043d\u0434\u0438\u0439\u0441\u043a\u043e\u0433\u043e \u043e\u043a\u0435\u0430\u043d\u0430"
        },
        "spa": {
            "common": "Territorio Brit\u00e1nico del Oc\u00e9ano \u00cdndico",
            "official": "Territorio Brit\u00e1nico del Oc\u00e9ano \u00cdndico"
        }
    },
    "coordinate": {
        "latitude": -6,
        "longitude": 71.5
    }
}