{
    "_id": "IRL",
    "altSpellings": [
        "IE",
        "\u00c9ire",
        "Republic of Ireland",
        "Poblacht na h\u00c9ireann"
    ],
    "area": 70273,
    "borders": [
        "GBR"
    ],
    "callingCode": [
        "353"
    ],
    "capital": "Dublin",
    "cca2": "IE",
    "cca3": "IRL",
    "ccn3": "372",
    "cioc": "IRL",
    "currency": [
        "EUR"
    ],
    "demonym": "Irish",
    "landlocked": false,
    "languages": {
        "eng": "English",
        "gle": "Irish"
    },
    "latlng": [
        53,
        -8
    ],
    "name": {
        "common": "Ireland",
        "native": {
            "eng": {
                "common": "Ireland",
                "official": "Republic of Ireland"
            },
            "gle": {
                "common": "\u00c9ire",
                "official": "Poblacht na h\u00c9ireann"
            }
        },
        "official": "Republic of Ireland"
    },
    "region": "Europe",
    "subregion": "Northern Europe",
    "tld": [
        ".ie"
    ],
    "translations": {
        "deu": {
            "common": "Irland",
            "official": "Republik Irland"
        },
        "fin": {
            "common": "Irlanti",
            "official": "Irlannin tasavalta"
        },
        "fra": {
            "common": "Irlande",
            "official": "R\u00e9publique d'Irlande"
        },
        "hrv": {
            "common": "Irska",
            "official": "Republika Irska"
        },
        "ita": {
            "common": "Irlanda",
            "official": "Repubblica d'Irlanda"
        },
        "jpn": {
            "common": "\u30a2\u30a4\u30eb\u30e9\u30f3\u30c9",
            "official": "\u30a2\u30a4\u30eb\u30e9\u30f3\u30c9\u5171\u548c\u56fd"
        },
        "nld": {
            "common": "Ierland",
            "official": "Republic of Ireland"
        },
        "por": {
            "common": "Irlanda",
            "official": "Rep\u00fablica da Irlanda"
        },
        "rus": {
            "common": "\u0418\u0440\u043b\u0430\u043d\u0434\u0438\u044f",
            "official": "\u0418\u0440\u043b\u0430\u043d\u0434\u0438\u044f"
        },
        "spa": {
            "common": "Irlanda",
            "official": "Rep\u00fablica de Irlanda"
        }
    },
    "coordinate": {
        "latitude": 53,
        "longitude": -8
    }
}