{
    "_id": "IRN",
    "altSpellings": [
        "IR",
        "Islamic Republic of Iran",
        "Iran, Islamic Republic of",
        "Jomhuri-ye Esl\u0101mi-ye Ir\u0101n"
    ],
    "area": 1648195.0,
    "borders": [
        "AFG",
        "ARM",
        "AZE",
        "IRQ",
        "PAK",
        "TUR",
        "TKM"
    ],
    "callingCode": [
        "98"
    ],
    "capital": "Tehran",
    "cca2": "IR",
    "cca3": "IRN",
    "ccn3": "364",
    "cioc": "IRI",
    "currency": [
        "IRR"
    ],
    "demonym": "Iranian",
    "landlocked": false,
    "languages": {
        "fas": "Persian"
    },
    "latlng": [
        32,
        53
    ],
    "name": {
        "common": "Iran",
        "native": {
            "fas": {
                "common": "\u0627\u06cc\u0631\u0627\u0646",
                "official": "\u062c\u0645\u0647\u0648\u0631\u06cc \u0627\u0633\u0644\u0627\u0645\u06cc \u0627\u06cc\u0631\u0627\u0646"
            }
        },
        "official": "Islamic Republic of Iran"
    },
    "region": "Asia",
    "subregion": "Southern Asia",
    "tld": [
        ".ir",
        "\u0627\u06cc\u0631\u0627\u0646."
    ],
    "translations": {
        "deu": {
            "common": "Iran",
            "official": "Islamischen Republik Iran"
        },
        "fin": {
            "common": "Iran",
            "official": "Iranin islamilainen tasavalta"
        },
        "fra": {
            "common": "Iran",
            "official": "R\u00e9publique islamique d'Iran"
        },
        "hrv": {
            "common": "Iran",
            "official": "Islamska Republika Iran"
        },
        "jpn": {
            "common": "\u30a4\u30e9\u30f3\u30fb\u30a4\u30b9\u30e9\u30e0\u5171\u548c\u56fd",
            "official": "\u30a4\u30e9\u30f3\u00b7\u30a4\u30b9\u30e9\u30e0\u5171\u548c\u56fd"
        },
        "nld": {
            "common": "Iran",
            "official": "Islamitische Republiek Iran"
        },
        "por": {
            "common": "Ir\u00e3o",
            "official": "Rep\u00fablica Isl\u00e2mica do Ir\u00e3"
        },
        "rus": {
            "common": "\u0418\u0440\u0430\u043d",
            "official": "\u0418\u0441\u043b\u0430\u043c\u0441\u043a\u0430\u044f \u0420\u0435\u0441\u043f\u0443\u0431\u043b\u0438\u043a\u0430 \u0418\u0440\u0430\u043d"
        },
        "spa": {
            "common": "Iran",
            "official": "Rep\u00fablica Isl\u00e1mica de Ir\u00e1n"
        }
    },
    "coordinate": {
        "latitude": 32,
        "longitude": 53
    }
}