{
    "_id": "IRQ",
    "altSpellings": [
        "IQ",
        "Republic of Iraq",
        "Jumh\u016briyyat al-\u2018Ir\u0101q"
    ],
    "area": 438317,
    "borders": [
        "IRN",
        "JOR",
        "KWT",
        "SAU",
        "SYR",
        "TUR"
    ],
    "callingCode": [
        "964"
    ],
    "capital": "Baghdad",
    "cca2": "IQ",
    "cca3": "IRQ",
    "ccn3": "368",
    "cioc": "IRQ",
    "currency": [
        "IQD"
    ],
    "demonym": "Iraqi",
    "landlocked": false,
    "languages": {
        "ara": "Arabic",
        "arc": "Aramaic",
        "ckb": "Sorani"
    },
    "latlng": [
        33,
        44
    ],
    "name": {
        "common": "Iraq",
        "native": {
            "ara": {
                "common": "\u0627\u0644\u0639\u0631\u0627\u0642",
                "official": "\u062c\u0645\u0647\u0648\u0631\u064a\u0629 \u0627\u0644\u0639\u0631\u0627\u0642"
            },
            "arc": {
                "common": "\u0729\u0718\u073c\u071b\u0722\u0735\u0710",
                "official": "\u0729\u0718\u073c\u071b\u0722\u0735\u0710 \u0710\u071d\u073c\u072a\u0732\u0729"
            },
            "ckb": {
                "common": "\u06a9\u06c6\u0645\u0627\u0631\u06cc",
                "official": "\u06a9\u06c6\u0645\u0627\u0631\u06cc \u0639\u06ce\u0631\u0627\u0642"
            }
        },
        "official": "Republic of Iraq"
    },
    "region": "Asia",
    "subregion": "Western Asia",
    "tld": [
        ".iq"
    ],
    "translations": {
        "deu": {
            "common": "Irak",
            "official": "Republik Irak"
        },
        "fin": {
            "common": "Irak",
            "official": "Irakin tasavalta"
        },
        "fra": {
            "common": "Irak",
            "official": "R\u00e9publique d'Irak"
        },
        "hrv": {
            "common": "Irak",
            "official": "Republika Irak"
        },
        "ita": {
            "common": "Iraq",
            "official": "Repubblica dell'Iraq"
        },
        "jpn": {
            "common": "\u30a4\u30e9\u30af",
            "official": "\u30a4\u30e9\u30af\u5171\u548c\u56fd"
        },
        "nld": {
            "common": "Irak",
            "official": "Republiek Irak"
        },
        "por": {
            "common": "Iraque",
            "official": "Rep\u00fablica do Iraque"
        },
        "rus": {
            "common": "\u0418\u0440\u0430\u043a",
            "official": "\u0420\u0435\u0441\u043f\u0443\u0431\u043b\u0438\u043a\u0430 \u0418\u0440\u0430\u043a"
        },
        "spa": {
            "common": "Irak",
            "official": "Rep\u00fablica de Irak"
        }
    },
    "coordinate": {
        "latitude": 33,
        "longitude": 44
    }
}