{
    "_id": "ISL",
    "altSpellings": [
        "IS",
        "Island",
        "Republic of Iceland",
        "L\u00fd\u00f0veldi\u00f0 \u00cdsland"
    ],
    "area": 103000,
    "borders": [],
    "callingCode": [
        "354"
    ],
    "capital": "Reykjavik",
    "cca2": "IS",
    "cca3": "ISL",
    "ccn3": "352",
    "cioc": "ISL",
    "currency": [
        "ISK"
    ],
    "demonym": "Icelander",
    "landlocked": false,
    "languages": {
        "isl": "Icelandic"
    },
    "latlng": [
        65,
        -18
    ],
    "name": {
        "common": "Iceland",
        "native": {
            "isl": {
                "common": "\u00cdsland",
                "official": "\u00cdsland"
            }
        },
        "official": "Iceland"
    },
    "region": "Europe",
    "subregion": "Northern Europe",
    "tld": [
        ".is"
    ],
    "translations": {
        "deu": {
            "common": "Island",
            "official": "Island"
        },
        "fin": {
            "common": "Islanti",
            "official": "Islanti"
        },
        "fra": {
            "common": "Islande",
            "official": "Islande"
        },
        "hrv": {
            "common": "Island",
            "official": "Island"
        },
        "ita": {
            "common": "Islanda",
            "official": "Islanda"
        },
        "jpn": {
            "common": "\u30a2\u30a4\u30b9\u30e9\u30f3\u30c9",
            "official": "\u30a2\u30a4\u30b9\u30e9\u30f3\u30c9"
        },
        "nld": {
            "common": "IJsland",
            "official": "IJsland"
        },
        "por": {
            "common": "Isl\u00e2ndia",
            "official": "Isl\u00e2ndia"
        },
        "rus": {
            "common": "\u0418\u0441\u043b\u0430\u043d\u0434\u0438\u044f",
            "official": "\u0418\u0441\u043b\u0430\u043d\u0434\u0438\u044f"
        },
        "spa": {
            "common": "Islandia",
            "official": "Islandia"
        }
    },
    "coordinate": {
        "latitude": 65,
        "longitude": -18
    }
}