{
    "_id": "ISR",
    "altSpellings": [
        "IL",
        "State of Israel",
        "Med\u012bnat Yisr\u0101'el"
    ],
    "area": 20770,
    "borders": [
        "EGY",
        "JOR",
        "LBN",
        "SYR"
    ],
    "callingCode": [
        "972"
    ],
    "capital": "Jerusalem",
    "cca2": "IL",
    "cca3": "ISR",
    "ccn3": "376",
    "cioc": "ISR",
    "currency": [
        "ILS"
    ],
    "demonym": "Israeli",
    "landlocked": false,
    "languages": {
        "ara": "Arabic",
        "heb": "Hebrew"
    },
    "latlng": [
        31.47,
        35.13
    ],
    "name": {
        "common": "Israel",
        "native": {
            "ara": {
                "common": "\u0625\u0633\u0631\u0627\u0626\u064a\u0644",
                "official": "\u062f\u0648\u0644\u0629 \u0625\u0633\u0631\u0627\u0626\u064a\u0644"
            },
            "heb": {
                "common": "\u05d9\u05e9\u05e8\u05d0\u05dc",
                "official": "\u05de\u05d3\u05d9\u05e0\u05ea \u05d9\u05e9\u05e8\u05d0\u05dc"
            }
        },
        "official": "State of Israel"
    },
    "region": "Asia",
    "subregion": "Western Asia",
    "tld": [
        ".il"
    ],
    "translations": {
        "deu": {
            "common": "Israel",
            "official": "Staat Israel"
        },
        "fin": {
            "common": "Israel",
            "official": "Israelin valtio"
        },
        "fra": {
            "common": "Isra\u00ebl",
            "official": "\u00c9tat d'Isra\u00ebl"
        },
        "hrv": {
            "common": "Izrael",
            "official": "Dr\u017eava Izrael"
        },
        "ita": {
            "common": "Israele",
            "official": "Stato di Israele"
        },
        "jpn": {
            "common": "\u30a4\u30b9\u30e9\u30a8\u30eb",
            "official": "\u30a4\u30b9\u30e9\u30a8\u30eb\u56fd"
        },
        "nld": {
            "common": "Isra\u00ebl",
            "official": "Staat Isra\u00ebl"
        },
        "por": {
            "common": "Israel",
            "official": "Estado de Israel"
        },
        "rus": {
            "common": "\u0418\u0437\u0440\u0430\u0438\u043b\u044c",
            "official": "\u0413\u043e\u0441\u0443\u0434\u0430\u0440\u0441\u0442\u0432\u043e \u0418\u0437\u0440\u0430\u0438\u043b\u044c"
        },
        "spa": {
            "common": "Israel",
            "official": "Estado de Israel"
        }
    },
    "coordinate": {
        "latitude": 31.47,
        "longitude": 35.13
    }
}