{
    "_id": "ITA",
    "altSpellings": [
        "IT",
        "Italian Republic",
        "Repubblica italiana"
    ],
    "area": 301336,
    "borders": [
        "AUT",
        "FRA",
        "SMR",
        "SVN",
        "CHE",
        "VAT"
    ],
    "callingCode": [
        "39"
    ],
    "capital": "Rome",
    "cca2": "IT",
    "cca3": "ITA",
    "ccn3": "380",
    "cioc": "ITA",
    "currency": [
        "EUR"
    ],
    "demonym": "Italian",
    "landlocked": false,
    "languages": {
        "bar": "Austro-Bavarian German",
        "ita": "Italian",
        "srd": "Sardinian"
    },
    "latlng": [
        42.83333333,
        12.83333333
    ],
    "name": {
        "common": "Italy",
        "native": {
            "bar": {
                "common": "Italien",
                "official": "Italienische Republik"
            },
            "ita": {
                "common": "Italia",
                "official": "Repubblica italiana"
            },
            "srd": {
                "common": "Italia",
                "official": "Repubbricanu Italia"
            }
        },
        "official": "Italian Republic"
    },
    "region": "Europe",
    "subregion": "Southern Europe",
    "tld": [
        ".it"
    ],
    "translations": {
        "deu": {
            "common": "Italien",
            "official": "italienische Republik"
        },
        "fin": {
            "common": "Italia",
            "official": "Italian tasavalta"
        },
        "fra": {
            "common": "Italie",
            "official": "R\u00e9publique italienne"
        },
        "hrv": {
            "common": "Italija",
            "official": "talijanska Republika"
        },
        "ita": {
            "common": "Italia",
            "official": "Repubblica italiana"
        },
        "jpn": {
            "common": "\u30a4\u30bf\u30ea\u30a2",
            "official": "\u30a4\u30bf\u30ea\u30a2\u5171\u548c\u56fd"
        },
        "nld": {
            "common": "Itali\u00eb",
            "official": "Italiaanse Republiek"
        },
        "por": {
            "common": "It\u00e1lia",
            "official": "Rep\u00fablica Italiana"
        },
        "rus": {
            "common": "\u0418\u0442\u0430\u043b\u0438\u044f",
            "official": "\u0438\u0442\u0430\u043b\u044c\u044f\u043d\u0441\u043a\u0430\u044f \u0420\u0435\u0441\u043f\u0443\u0431\u043b\u0438\u043a\u0430"
        },
        "spa": {
            "common": "Italia",
            "official": "Rep\u00fablica Italiana"
        }
    },
    "coordinate": {
        "latitude": 42.83333333,
        "longitude": 12.83333333
    }
}