{
    "_id": "JAM",
    "altSpellings": [
        "JM"
    ],
    "area": 10991,
    "borders": [],
    "callingCode": [
        "1876"
    ],
    "capital": "Kingston",
    "cca2": "JM",
    "cca3": "JAM",
    "ccn3": "388",
    "cioc": "JAM",
    "currency": [
        "JMD"
    ],
    "demonym": "Jamaican",
    "landlocked": false,
    "languages": {
        "eng": "English",
        "jam": "Jamaican Patois"
    },
    "latlng": [
        18.25,
        -77.5
    ],
    "name": {
        "common": "Jamaica",
        "native": {
            "eng": {
                "common": "Jamaica",
                "official": "Jamaica"
            },
            "jam": {
                "common": "Jamaica",
                "official": "Jamaica"
            }
        },
        "official": "Jamaica"
    },
    "region": "Americas",
    "subregion": "Caribbean",
    "tld": [
        ".jm"
    ],
    "translations": {
        "deu": {
            "common": "Jamaika",
            "official": "Jamaika"
        },
        "fin": {
            "common": "Jamaika",
            "official": "Jamaika"
        },
        "fra": {
            "common": "Jama\u00efque",
            "official": "Jama\u00efque"
        },
        "hrv": {
            "common": "Jamajka",
            "official": "Jamajka"
        },
        "ita": {
            "common": "Giamaica",
            "official": "Giamaica"
        },
        "jpn": {
            "common": "\u30b8\u30e3\u30de\u30a4\u30ab",
            "official": "\u30b8\u30e3\u30de\u30a4\u30ab"
        },
        "nld": {
            "common": "Jamaica",
            "official": "Jamaica"
        },
        "por": {
            "common": "Jamaica",
            "official": "Jamaica"
        },
        "rus": {
            "common": "\u042f\u043c\u0430\u0439\u043a\u0430",
            "official": "\u042f\u043c\u0430\u0439\u043a\u0430"
        },
        "spa": {
            "common": "Jamaica",
            "official": "Jamaica"
        }
    },
    "coordinate": {
        "latitude": 18.25,
        "longitude": -77.5
    }
}