{
    "_id": "JEY",
    "altSpellings": [
        "JE",
        "Bailiwick of Jersey",
        "Bailliage de Jersey",
        "Bailliage d\u00e9 J\u00e8rri"
    ],
    "area": 116,
    "borders": [],
    "callingCode": [
        "44"
    ],
    "capital": "Saint Helier",
    "cca2": "JE",
    "cca3": "JEY",
    "ccn3": "832",
    "cioc": "",
    "currency": [
        "GBP"
    ],
    "demonym": "Channel Islander",
    "landlocked": false,
    "languages": {
        "eng": "English",
        "fra": "French",
        "nrf": "J\u00e8rriais"
    },
    "latlng": [
        49.25,
        -2.16666666
    ],
    "name": {
        "common": "Jersey",
        "native": {
            "eng": {
                "common": "Jersey",
                "official": "Bailiwick of Jersey"
            },
            "fra": {
                "common": "Jersey",
                "official": "Bailliage de Jersey"
            },
            "nrf": {
                "common": "J\u00e8rri",
                "official": "Bailliage d\u00e9 J\u00e8rri"
            }
        },
        "official": "Bailiwick of Jersey"
    },
    "region": "Europe",
    "subregion": "Northern Europe",
    "tld": [
        ".je"
    ],
    "translations": {
        "deu": {
            "common": "Jersey",
            "official": "Vogtei Jersey"
        },
        "fin": {
            "common": "Jersey",
            "official": "Jersey"
        },
        "fra": {
            "common": "Jersey",
            "official": "Bailliage de Jersey"
        },
        "hrv": {
            "common": "Jersey",
            "official": "Struka od Jersey"
        },
        "ita": {
            "common": "Isola di Jersey",
            "official": "Baliato di Jersey"
        },
        "jpn": {
            "common": "\u30b8\u30e3\u30fc\u30b8\u30fc",
            "official": "\u30b8\u30e3\u30fc\u30b8\u306e\u5f97\u610f\u5206\u91ce"
        },
        "nld": {
            "common": "Jersey",
            "official": "Baljuwschap Jersey"
        },
        "por": {
            "common": "Jersey",
            "official": "Bailiado de Jersey"
        },
        "rus": {
            "common": "\u0414\u0436\u0435\u0440\u0441\u0438",
            "official": "\u041a\u043e\u0440\u043e\u043d\u043d\u043e\u0435 \u0432\u043b\u0430\u0434\u0435\u043d\u0438\u0435 \u0414\u0436\u0435\u0440\u0441\u0438"
        },
        "spa": {
            "common": "Jersey",
            "official": "Bail\u00eda de Jersey"
        }
    },
    "coordinate": {
        "latitude": 49.25,
        "longitude": -2.16666666
    }
}