{
    "_id": "JOR",
    "altSpellings": [
        "JO",
        "Hashemite Kingdom of Jordan",
        "al-Mamlakah al-Urdun\u012byah al-H\u0101shim\u012byah"
    ],
    "area": 89342,
    "borders": [
        "IRQ",
        "ISR",
        "SAU",
        "SYR"
    ],
    "callingCode": [
        "962"
    ],
    "capital": "Amman",
    "cca2": "JO",
    "cca3": "JOR",
    "ccn3": "400",
    "cioc": "JOR",
    "currency": [
        "JOD"
    ],
    "demonym": "Jordanian",
    "landlocked": false,
    "languages": {
        "ara": "Arabic"
    },
    "latlng": [
        31,
        36
    ],
    "name": {
        "common": "Jordan",
        "native": {
            "ara": {
                "common": "\u0627\u0644\u0623\u0631\u062f\u0646",
                "official": "\u0627\u0644\u0645\u0645\u0644\u0643\u0629 \u0627\u0644\u0623\u0631\u062f\u0646\u064a\u0629 \u0627\u0644\u0647\u0627\u0634\u0645\u064a\u0629"
            }
        },
        "official": "Hashemite Kingdom of Jordan"
    },
    "region": "Asia",
    "subregion": "Western Asia",
    "tld": [
        ".jo",
        "\u0627\u0644\u0627\u0631\u062f\u0646."
    ],
    "translations": {
        "deu": {
            "common": "Jordanien",
            "official": "Haschemitischen K\u00f6nigreich Jordanien"
        },
        "fin": {
            "common": "Jordania",
            "official": "Jordanian ha\u0161emiittinen kunigaskunta"
        },
        "fra": {
            "common": "Jordanie",
            "official": "Royaume hach\u00e9mite de Jordanie"
        },
        "hrv": {
            "common": "Jordan",
            "official": "Ha\u0161emitske Kraljevine Jordan"
        },
        "ita": {
            "common": "Giordania",
            "official": "Regno hascemita di Giordania"
        },
        "jpn": {
            "common": "\u30e8\u30eb\u30c0\u30f3",
            "official": "\u30e8\u30eb\u30c0\u30f3\u00b7\u30cf\u30b7\u30df\u30c6\u738b\u56fd"
        },
        "nld": {
            "common": "Jordani\u00eb",
            "official": "Hasjemitisch Koninkrijk Jordani\u00eb"
        },
        "por": {
            "common": "Jord\u00e2nia",
            "official": "Reino Hachemita da Jord\u00e2nia"
        },
        "rus": {
            "common": "\u0418\u043e\u0440\u0434\u0430\u043d\u0438\u044f",
            "official": "\u0418\u043e\u0440\u0434\u0430\u043d\u0441\u043a\u043e\u0433\u043e \u0425\u0430\u0448\u0438\u043c\u0438\u0442\u0441\u043a\u043e\u0433\u043e \u041a\u043e\u0440\u043e\u043b\u0435\u0432\u0441\u0442\u0432\u0430"
        },
        "spa": {
            "common": "Jordania",
            "official": "Reino Hachemita de Jordania"
        }
    },
    "coordinate": {
        "latitude": 31,
        "longitude": 36
    }
}