{
    "_id": "JPN",
    "altSpellings": [
        "JP",
        "Nippon",
        "Nihon"
    ],
    "area": 377930,
    "borders": [],
    "callingCode": [
        "81"
    ],
    "capital": "Tokyo",
    "cca2": "JP",
    "cca3": "JPN",
    "ccn3": "392",
    "cioc": "JPN",
    "currency": [
        "JPY"
    ],
    "demonym": "Japanese",
    "landlocked": false,
    "languages": {
        "jpn": "Japanese"
    },
    "latlng": [
        36,
        138
    ],
    "name": {
        "common": "Japan",
        "native": {
            "jpn": {
                "common": "\u65e5\u672c",
                "official": "\u65e5\u672c"
            }
        },
        "official": "Japan"
    },
    "region": "Asia",
    "subregion": "Eastern Asia",
    "tld": [
        ".jp",
        ".\u307f\u3093\u306a"
    ],
    "translations": {
        "deu": {
            "common": "Japan",
            "official": "Japan"
        },
        "fin": {
            "common": "Japani",
            "official": "Japani"
        },
        "fra": {
            "common": "Japon",
            "official": "Japon"
        },
        "hrv": {
            "common": "Japan",
            "official": "Japan"
        },
        "ita": {
            "common": "Giappone",
            "official": "Giappone"
        },
        "jpn": {
            "common": "\u65e5\u672c",
            "official": "\u65e5\u672c"
        },
        "nld": {
            "common": "Japan",
            "official": "Japan"
        },
        "por": {
            "common": "Jap\u00e3o",
            "official": "Jap\u00e3o"
        },
        "rus": {
            "common": "\u042f\u043f\u043e\u043d\u0438\u044f",
            "official": "\u042f\u043f\u043e\u043d\u0438\u044f"
        },
        "spa": {
            "common": "Jap\u00f3n",
            "official": "Jap\u00f3n"
        }
    },
    "coordinate": {
        "latitude": 36,
        "longitude": 138
    }
}