{
    "_id": "KAZ",
    "altSpellings": [
        "KZ",
        "Qazaqstan",
        "\u041a\u0430\u0437\u0430\u0445\u0441\u0442\u0430\u043d",
        "Republic of Kazakhstan",
        "\u049a\u0430\u0437\u0430\u049b\u0441\u0442\u0430\u043d \u0420\u0435\u0441\u043f\u0443\u0431\u043b\u0438\u043a\u0430\u0441\u044b",
        "Qazaqstan Respubl\u00efkas\u0131",
        "\u0420\u0435\u0441\u043f\u0443\u0431\u043b\u0438\u043a\u0430 \u041a\u0430\u0437\u0430\u0445\u0441\u0442\u0430\u043d",
        "Respublika Kazakhstan"
    ],
    "area": 2724900.0,
    "borders": [
        "CHN",
        "KGZ",
        "RUS",
        "TKM",
        "UZB"
    ],
    "callingCode": [
        "76",
        "77"
    ],
    "capital": "Astana",
    "cca2": "KZ",
    "cca3": "KAZ",
    "ccn3": "398",
    "cioc": "KAZ",
    "currency": [
        "KZT"
    ],
    "demonym": "Kazakhstani",
    "landlocked": true,
    "languages": {
        "kaz": "Kazakh",
        "rus": "Russian"
    },
    "latlng": [
        48,
        68
    ],
    "name": {
        "common": "Kazakhstan",
        "native": {
            "kaz": {
                "common": "\u049a\u0430\u0437\u0430\u049b\u0441\u0442\u0430\u043d",
                "official": "\u049a\u0430\u0437\u0430\u049b\u0441\u0442\u0430\u043d \u0420\u0435\u0441\u043f\u0443\u0431\u043b\u0438\u043a\u0430\u0441\u044b"
            },
            "rus": {
                "common": "\u041a\u0430\u0437\u0430\u0445\u0441\u0442\u0430\u043d",
                "official": "\u0420\u0435\u0441\u043f\u0443\u0431\u043b\u0438\u043a\u0430 \u041a\u0430\u0437\u0430\u0445\u0441\u0442\u0430\u043d"
            }
        },
        "official": "Republic of Kazakhstan"
    },
    "region": "Asia",
    "subregion": "Central Asia",
    "tld": [
        ".kz",
        ".\u049b\u0430\u0437"
    ],
    "translations": {
        "deu": {
            "common": "Kasachstan",
            "official": "Republik Kasachstan"
        },
        "fin": {
            "common": "Kazakstan",
            "official": "Kazakstanin tasavalta"
        },
        "fra": {
            "common": "Kazakhstan",
            "official": "R\u00e9publique du Kazakhstan"
        },
        "hrv": {
            "common": "Kazahstan",
            "official": "Republika Kazahstan"
        },
        "ita": {
            "common": "Kazakistan",
            "official": "Repubblica del Kazakhstan"
        },
        "jpn": {
            "common": "\u30ab\u30b6\u30d5\u30b9\u30bf\u30f3",
            "official": "\u30ab\u30b6\u30d5\u30b9\u30bf\u30f3\u5171\u548c\u56fd"
        },
        "nld": {
            "common": "Kazachstan",
            "official": "Republiek Kazachstan"
        },
        "por": {
            "common": "Cazaquist\u00e3o",
            "official": "Rep\u00fablica do Cazaquist\u00e3o"
        },
        "rus": {
            "common": "\u041a\u0430\u0437\u0430\u0445\u0441\u0442\u0430\u043d",
            "official": "\u0420\u0435\u0441\u043f\u0443\u0431\u043b\u0438\u043a\u0430 \u041a\u0430\u0437\u0430\u0445\u0441\u0442\u0430\u043d"
        },
        "spa": {
            "common": "Kazajist\u00e1n",
            "official": "Rep\u00fablica de Kazajst\u00e1n"
        }
    },
    "coordinate": {
        "latitude": 48,
        "longitude": 68
    }
}