{
    "_id": "KEN",
    "altSpellings": [
        "KE",
        "Republic of Kenya",
        "Jamhuri ya Kenya"
    ],
    "area": 580367,
    "borders": [
        "ETH",
        "SOM",
        "SSD",
        "TZA",
        "UGA"
    ],
    "callingCode": [
        "254"
    ],
    "capital": "Nairobi",
    "cca2": "KE",
    "cca3": "KEN",
    "ccn3": "404",
    "cioc": "KEN",
    "currency": [
        "KES"
    ],
    "demonym": "Kenyan",
    "landlocked": false,
    "languages": {
        "eng": "English",
        "swa": "Swahili"
    },
    "latlng": [
        1,
        38
    ],
    "name": {
        "common": "Kenya",
        "native": {
            "eng": {
                "common": "Kenya",
                "official": "Republic of Kenya"
            },
            "swa": {
                "common": "Kenya",
                "official": "Republic of Kenya"
            }
        },
        "official": "Republic of Kenya"
    },
    "region": "Africa",
    "subregion": "Eastern Africa",
    "tld": [
        ".ke"
    ],
    "translations": {
        "deu": {
            "common": "Kenia",
            "official": "Republik Kenia"
        },
        "fin": {
            "common": "Kenia",
            "official": "Kenian tasavalta"
        },
        "fra": {
            "common": "Kenya",
            "official": "R\u00e9publique du Kenya"
        },
        "hrv": {
            "common": "Kenija",
            "official": "Republika Kenija"
        },
        "ita": {
            "common": "Kenya",
            "official": "Repubblica del Kenya"
        },
        "jpn": {
            "common": "\u30b1\u30cb\u30a2",
            "official": "\u30b1\u30cb\u30a2\u5171\u548c\u56fd"
        },
        "nld": {
            "common": "Kenia",
            "official": "Republiek Kenia"
        },
        "por": {
            "common": "Qu\u00e9nia",
            "official": "Rep\u00fablica do Qu\u00e9nia"
        },
        "rus": {
            "common": "\u041a\u0435\u043d\u0438\u044f",
            "official": "\u0420\u0435\u0441\u043f\u0443\u0431\u043b\u0438\u043a\u0430 \u041a\u0435\u043d\u0438\u044f"
        },
        "spa": {
            "common": "Kenia",
            "official": "Rep\u00fablica de Kenya"
        }
    },
    "coordinate": {
        "latitude": 1,
        "longitude": 38
    }
}