{
    "_id": "KGZ",
    "altSpellings": [
        "KG",
        "\u041a\u0438\u0440\u0433\u0438\u0437\u0438\u044f",
        "Kyrgyz Republic",
        "\u041a\u044b\u0440\u0433\u044b\u0437 \u0420\u0435\u0441\u043f\u0443\u0431\u043b\u0438\u043a\u0430\u0441\u044b",
        "Kyrgyz Respublikasy"
    ],
    "area": 199951,
    "borders": [
        "CHN",
        "KAZ",
        "TJK",
        "UZB"
    ],
    "callingCode": [
        "996"
    ],
    "capital": "Bishkek",
    "cca2": "KG",
    "cca3": "KGZ",
    "ccn3": "417",
    "cioc": "KGZ",
    "currency": [
        "KGS"
    ],
    "demonym": "Kirghiz",
    "landlocked": true,
    "languages": {
        "kir": "Kyrgyz",
        "rus": "Russian"
    },
    "latlng": [
        41,
        75
    ],
    "name": {
        "common": "Kyrgyzstan",
        "native": {
            "kir": {
                "common": "\u041a\u044b\u0440\u0433\u044b\u0437\u0441\u0442\u0430\u043d",
                "official": "\u041a\u044b\u0440\u0433\u044b\u0437 \u0420\u0435\u0441\u043f\u0443\u0431\u043b\u0438\u043a\u0430\u0441\u044b"
            },
            "rus": {
                "common": "\u041a\u0438\u0440\u0433\u0438\u0437\u0438\u044f",
                "official": "\u041a\u044b\u0440\u0433\u044b\u0437\u0441\u043a\u0430\u044f \u0420\u0435\u0441\u043f\u0443\u0431\u043b\u0438\u043a\u0430"
            }
        },
        "official": "Kyrgyz Republic"
    },
    "region": "Asia",
    "subregion": "Central Asia",
    "tld": [
        ".kg"
    ],
    "translations": {
        "deu": {
            "common": "Kirgisistan",
            "official": "Kirgisische Republik"
        },
        "fin": {
            "common": "Kirgisia",
            "official": "Kirgisian tasavalta"
        },
        "fra": {
            "common": "Kirghizistan",
            "official": "R\u00e9publique kirghize"
        },
        "hrv": {
            "common": "Kirgistan",
            "official": "Kirgistanu"
        },
        "ita": {
            "common": "Kirghizistan",
            "official": "Kirghizistan"
        },
        "jpn": {
            "common": "\u30ad\u30eb\u30ae\u30b9",
            "official": "\u30ad\u30eb\u30ae\u30b9\u5171\u548c\u56fd"
        },
        "nld": {
            "common": "Kirgizi\u00eb",
            "official": "Kirgizische Republiek"
        },
        "por": {
            "common": "Quirguist\u00e3o",
            "official": "Rep\u00fablica do Quirguist\u00e3o"
        },
        "rus": {
            "common": "\u041a\u0438\u0440\u0433\u0438\u0437\u0438\u044f",
            "official": "\u041a\u044b\u0440\u0433\u044b\u0437\u0441\u043a\u0430\u044f \u0420\u0435\u0441\u043f\u0443\u0431\u043b\u0438\u043a\u0430"
        },
        "spa": {
            "common": "Kirguizist\u00e1n",
            "official": "Rep\u00fablica Kirguisa"
        }
    },
    "coordinate": {
        "latitude": 41,
        "longitude": 75
    }
}