{
    "_id": "KHM",
    "altSpellings": [
        "KH",
        "Kingdom of Cambodia"
    ],
    "area": 181035,
    "borders": [
        "LAO",
        "THA",
        "VNM"
    ],
    "callingCode": [
        "855"
    ],
    "capital": "Phnom Penh",
    "cca2": "KH",
    "cca3": "KHM",
    "ccn3": "116",
    "cioc": "CAM",
    "currency": [
        "KHR"
    ],
    "demonym": "Cambodian",
    "landlocked": false,
    "languages": {
        "khm": "Khmer"
    },
    "latlng": [
        13,
        105
    ],
    "name": {
        "common": "Cambodia",
        "native": {
            "khm": {
                "common": "K\u00e2mp\u016dch\u00e9a",
                "official": "\u1796\u17d2\u179a\u17c7\u179a\u17b6\u1787\u17b6\u178e\u17b6\u1785\u1780\u17d2\u179a\u1780\u1798\u17d2\u1796\u17bb\u1787\u17b6"
            }
        },
        "official": "Kingdom of Cambodia"
    },
    "region": "Asia",
    "subregion": "South-Eastern Asia",
    "tld": [
        ".kh"
    ],
    "translations": {
        "cym": {
            "common": "Cambodia",
            "official": "Kingdom of Cambodia"
        },
        "deu": {
            "common": "Kambodscha",
            "official": "K\u00f6nigreich Kambodscha"
        },
        "fin": {
            "common": "Kambod\u017ea",
            "official": "Kambod\u017ean kuningaskunta"
        },
        "fra": {
            "common": "Cambodge",
            "official": "Royaume du Cambodge"
        },
        "hrv": {
            "common": "Kambod\u017ea",
            "official": "Kraljevina Kambod\u017ea"
        },
        "ita": {
            "common": "Cambogia",
            "official": "Regno di Cambogia"
        },
        "jpn": {
            "common": "\u30ab\u30f3\u30dc\u30b8\u30a2",
            "official": "\u30ab\u30f3\u30dc\u30b8\u30a2\u738b\u56fd"
        },
        "nld": {
            "common": "Cambodja",
            "official": "Koninkrijk Cambodja"
        },
        "por": {
            "common": "Camboja",
            "official": "Reino do Camboja"
        },
        "rus": {
            "common": "\u041a\u0430\u043c\u0431\u043e\u0434\u0436\u0430",
            "official": "\u041a\u043e\u0440\u043e\u043b\u0435\u0432\u0441\u0442\u0432\u043e \u041a\u0430\u043c\u0431\u043e\u0434\u0436\u0430"
        },
        "spa": {
            "common": "Camboya",
            "official": "Reino de Camboya"
        }
    },
    "coordinate": {
        "latitude": 13,
        "longitude": 105
    }
}