{
    "_id": "KIR",
    "altSpellings": [
        "KI",
        "Republic of Kiribati",
        "Ribaberiki Kiribati"
    ],
    "area": 811,
    "borders": [],
    "callingCode": [
        "686"
    ],
    "capital": "South Tarawa",
    "cca2": "KI",
    "cca3": "KIR",
    "ccn3": "296",
    "cioc": "KIR",
    "currency": [
        "AUD"
    ],
    "demonym": "I-Kiribati",
    "landlocked": false,
    "languages": {
        "eng": "English",
        "gil": "Gilbertese"
    },
    "latlng": [
        1.41666666,
        173
    ],
    "name": {
        "common": "Kiribati",
        "native": {
            "eng": {
                "common": "Kiribati",
                "official": "Independent and Sovereign Republic of Kiribati"
            },
            "gil": {
                "common": "Kiribati",
                "official": "Ribaberiki Kiribati"
            }
        },
        "official": "Independent and Sovereign Republic of Kiribati"
    },
    "region": "Oceania",
    "subregion": "Micronesia",
    "tld": [
        ".ki"
    ],
    "translations": {
        "deu": {
            "common": "Kiribati",
            "official": "Unabh\u00e4ngigen und souver\u00e4nen Republik Kiribati"
        },
        "fin": {
            "common": "Kiribati",
            "official": "Kiribatin tasavalta"
        },
        "fra": {
            "common": "Kiribati",
            "official": "R\u00e9publique ind\u00e9pendante et souveraine de Kiribati"
        },
        "hrv": {
            "common": "Kiribati",
            "official": "Samostalne i suverene Republike Kiribati"
        },
        "ita": {
            "common": "Kiribati",
            "official": "Repubblica indipendente e sovrano di Kiribati"
        },
        "jpn": {
            "common": "\u30ad\u30ea\u30d0\u30b9",
            "official": "\u30ad\u30ea\u30d0\u30b9\u306e\u72ec\u7acb\u3068\u4e3b\u6a29\u5171\u548c\u56fd"
        },
        "nld": {
            "common": "Kiribati",
            "official": "Onafhankelijke en soevereine republiek Kiribati"
        },
        "por": {
            "common": "Kiribati",
            "official": "Independente e soberano Rep\u00fablica de Kiribati"
        },
        "rus": {
            "common": "\u041a\u0438\u0440\u0438\u0431\u0430\u0442\u0438",
            "official": "\u041d\u0435\u0437\u0430\u0432\u0438\u0441\u0438\u043c\u043e\u0439 \u0438 \u0441\u0443\u0432\u0435\u0440\u0435\u043d\u043d\u043e\u0439 \u0420\u0435\u0441\u043f\u0443\u0431\u043b\u0438\u043a\u0438 \u041a\u0438\u0440\u0438\u0431\u0430\u0442\u0438"
        },
        "spa": {
            "common": "Kiribati",
            "official": "Rep\u00fablica Independiente y Soberano de Kiribati"
        }
    },
    "coordinate": {
        "latitude": 1.41666666,
        "longitude": 173
    }
}