{
    "_id": "KNA",
    "altSpellings": [
        "KN",
        "Federation of Saint Christopher and Nevis"
    ],
    "area": 261,
    "borders": [],
    "callingCode": [
        "1869"
    ],
    "capital": "Basseterre",
    "cca2": "KN",
    "cca3": "KNA",
    "ccn3": "659",
    "cioc": "SKN",
    "currency": [
        "XCD"
    ],
    "demonym": "Kittitian or Nevisian",
    "landlocked": false,
    "languages": {
        "eng": "English"
    },
    "latlng": [
        17.33333333,
        -62.75
    ],
    "name": {
        "common": "Saint Kitts and Nevis",
        "native": {
            "eng": {
                "common": "Saint Kitts and Nevis",
                "official": "Federation of Saint Christopher and Nevisa"
            }
        },
        "official": "Federation of Saint Christopher and Nevisa"
    },
    "region": "Americas",
    "subregion": "Caribbean",
    "tld": [
        ".kn"
    ],
    "translations": {
        "deu": {
            "common": "Saint Christopher und Nevis",
            "official": "F\u00f6deration von Saint Kitts und Nevisa"
        },
        "fin": {
            "common": "Saint Kitts ja Nevis",
            "official": "Saint Christopherin ja Nevisin federaatio"
        },
        "fra": {
            "common": "Saint-Christophe-et-Ni\u00e9v\u00e8s",
            "official": "F\u00e9d\u00e9ration de Saint -Christophe-et Nevisa"
        },
        "hrv": {
            "common": "Sveti Kristof i Nevis",
            "official": "Federacija Sv.Kristofora i Nevisa"
        },
        "ita": {
            "common": "Saint Kitts e Nevis",
            "official": "Federazione di Saint Christopher e Nevisa"
        },
        "jpn": {
            "common": "\u30bb\u30f3\u30c8\u30af\u30ea\u30b9\u30c8\u30d5\u30a1\u30fc\u30fb\u30cd\u30a4\u30d3\u30b9",
            "official": "\u30bb\u30f3\u30c8\u30af\u30ea\u30b9\u30c8\u30d5\u30a1\u30fcNevisa\u9023\u76df"
        },
        "nld": {
            "common": "Saint Kitts en Nevis",
            "official": "Federatie van Saint Kitts en Nevisa"
        },
        "por": {
            "common": "S\u00e3o Crist\u00f3v\u00e3o e Nevis",
            "official": "Federa\u00e7\u00e3o de S\u00e3o Crist\u00f3v\u00e3o e Nevisa"
        },
        "rus": {
            "common": "\u0421\u0435\u043d\u0442-\u041a\u0438\u0442\u0441 \u0438 \u041d\u0435\u0432\u0438\u0441",
            "official": "\u0424\u0435\u0434\u0435\u0440\u0430\u0446\u0438\u044f \u0421\u0435\u043d\u0442- \u041a\u0440\u0438\u0441\u0442\u043e\u0444\u0435\u0440 \u0438 Nevisa"
        },
        "spa": {
            "common": "San Crist\u00f3bal y Nieves",
            "official": "Federaci\u00f3n de San Crist\u00f3bal y Nevisa"
        }
    },
    "coordinate": {
        "latitude": 17.33333333,
        "longitude": -62.75
    }
}