{
    "_id": "KOR",
    "altSpellings": [
        "KR",
        "Korea, Republic of",
        "Republic of Korea"
    ],
    "area": 100210,
    "borders": [
        "PRK"
    ],
    "callingCode": [
        "82"
    ],
    "capital": "Seoul",
    "cca2": "KR",
    "cca3": "KOR",
    "ccn3": "410",
    "cioc": "KOR",
    "currency": [
        "KRW"
    ],
    "demonym": "South Korean",
    "landlocked": false,
    "languages": {
        "kor": "Korean"
    },
    "latlng": [
        37,
        127.5
    ],
    "name": {
        "common": "South Korea",
        "native": {
            "kor": {
                "common": "\ub300\ud55c\ubbfc\uad6d",
                "official": "\ud55c\uad6d"
            }
        },
        "official": "Republic of Korea"
    },
    "region": "Asia",
    "subregion": "Eastern Asia",
    "tld": [
        ".kr",
        ".\ud55c\uad6d"
    ],
    "translations": {
        "deu": {
            "common": "S\u00fcdkorea",
            "official": "Republik Korea"
        },
        "fin": {
            "common": "Etel\u00e4-Korea",
            "official": "Korean tasavalta"
        },
        "fra": {
            "common": "Cor\u00e9e du Sud",
            "official": "R\u00e9publique de Cor\u00e9e"
        },
        "hrv": {
            "common": "Ju\u017ena Koreja",
            "official": "Republika Koreja"
        },
        "ita": {
            "common": "Corea del Sud",
            "official": "Repubblica di Corea"
        },
        "jpn": {
            "common": "\u5927\u97d3\u6c11\u56fd",
            "official": "\u5927\u97d3\u6c11\u56fd"
        },
        "nld": {
            "common": "Zuid-Korea",
            "official": "Republiek Korea"
        },
        "por": {
            "common": "Coreia do Sul",
            "official": "Rep\u00fablica da Coreia"
        },
        "rus": {
            "common": "\u042e\u0436\u043d\u0430\u044f \u041a\u043e\u0440\u0435\u044f",
            "official": "\u0420\u0435\u0441\u043f\u0443\u0431\u043b\u0438\u043a\u0430 \u041a\u043e\u0440\u0435\u044f"
        },
        "spa": {
            "common": "Corea del Sur",
            "official": "Rep\u00fablica de Corea"
        }
    },
    "coordinate": {
        "latitude": 37,
        "longitude": 127.5
    }
}