{
    "_id": "KOS",
    "altSpellings": [
        "XK",
        "\u0420\u0435\u043f\u0443\u0431\u043b\u0438\u043a\u0430 \u041a\u043e\u0441\u043e\u0432\u043e"
    ],
    "area": 10908,
    "borders": [
        "ALB",
        "MKD",
        "MNE",
        "SRB"
    ],
    "callingCode": [
        "383"
    ],
    "capital": "Pristina",
    "cca2": "XK",
    "cca3": "KOS",
    "ccn3": "",
    "cioc": "KOS",
    "currency": [
        "EUR"
    ],
    "demonym": "Kosovar",
    "landlocked": true,
    "languages": {
        "sqi": "Albanian",
        "srp": "Serbian"
    },
    "latlng": [
        42.666667,
        21.166667
    ],
    "name": {
        "common": "Kosovo",
        "native": {
            "sqi": {
                "common": "Kosova",
                "official": "Republika e Kosov\u00ebs"
            },
            "srp": {
                "common": "\u041a\u043e\u0441\u043e\u0432\u043e",
                "official": "\u0420\u0435\u043f\u0443\u0431\u043b\u0438\u043a\u0430 \u041a\u043e\u0441\u043e\u0432\u043e"
            }
        },
        "official": "Republic of Kosovo"
    },
    "region": "Europe",
    "subregion": "Eastern Europe",
    "tld": [],
    "translations": {
        "fin": {
            "common": "Kosovo",
            "official": "Kosovon tasavalta"
        },
        "hrv": {
            "common": "Kosovo",
            "official": "Republika Kosovo"
        },
        "por": {
            "common": "Kosovo",
            "official": "Rep\u00fablica do Kosovo"
        },
        "rus": {
            "common": "\u0420\u0435\u0441\u043f\u0443\u0431\u043b\u0438\u043a\u0430 \u041a\u043e\u0441\u043e\u0432\u043e",
            "official": "\u0420\u0435\u0441\u043f\u0443\u0431\u043b\u0438\u043a\u0430 \u041a\u043e\u0441\u043e\u0432\u043e"
        },
        "spa": {
            "common": "Kosovo",
            "official": "Rep\u00fablica de Kosovo"
        }
    },
    "coordinate": {
        "latitude": 42.666667,
        "longitude": 21.166667
    }
}