{
    "_id": "KWT",
    "altSpellings": [
        "KW",
        "State of Kuwait",
        "Dawlat al-Kuwait"
    ],
    "area": 17818,
    "borders": [
        "IRQ",
        "SAU"
    ],
    "callingCode": [
        "965"
    ],
    "capital": "Kuwait City",
    "cca2": "KW",
    "cca3": "KWT",
    "ccn3": "414",
    "cioc": "KUW",
    "currency": [
        "KWD"
    ],
    "demonym": "Kuwaiti",
    "landlocked": false,
    "languages": {
        "ara": "Arabic"
    },
    "latlng": [
        29.5,
        45.75
    ],
    "name": {
        "common": "Kuwait",
        "native": {
            "ara": {
                "common": "\u0627\u0644\u0643\u0648\u064a\u062a",
                "official": "\u062f\u0648\u0644\u0629 \u0627\u0644\u0643\u0648\u064a\u062a"
            }
        },
        "official": "State of Kuwait"
    },
    "region": "Asia",
    "subregion": "Western Asia",
    "tld": [
        ".kw"
    ],
    "translations": {
        "deu": {
            "common": "Kuwait",
            "official": "Staat Kuwait"
        },
        "fin": {
            "common": "Kuwait",
            "official": "Kuwaitin valtio"
        },
        "fra": {
            "common": "Kowe\u00eft",
            "official": "\u00c9tat du Kowe\u00eft"
        },
        "hrv": {
            "common": "Kuvajt",
            "official": "Dr\u017eava Kuvajt"
        },
        "ita": {
            "common": "Kuwait",
            "official": "Stato del Kuwait"
        },
        "jpn": {
            "common": "\u30af\u30a6\u30a7\u30fc\u30c8",
            "official": "\u30af\u30a6\u30a7\u30fc\u30c8\u56fd"
        },
        "nld": {
            "common": "Koeweit",
            "official": "Staat Koeweit"
        },
        "por": {
            "common": "Kuwait",
            "official": "Estado do Kuwait"
        },
        "rus": {
            "common": "\u041a\u0443\u0432\u0435\u0439\u0442",
            "official": "\u0413\u043e\u0441\u0443\u0434\u0430\u0440\u0441\u0442\u0432\u043e \u041a\u0443\u0432\u0435\u0439\u0442"
        },
        "spa": {
            "common": "Kuwait",
            "official": "Estado de Kuwait"
        }
    },
    "coordinate": {
        "latitude": 29.5,
        "longitude": 45.75
    }
}