{
    "_id": "LAO",
    "altSpellings": [
        "LA",
        "Lao",
        "Lao People's Democratic Republic",
        "Sathalanalat Paxathipatai Paxaxon Lao"
    ],
    "area": 236800,
    "borders": [
        "MMR",
        "KHM",
        "CHN",
        "THA",
        "VNM"
    ],
    "callingCode": [
        "856"
    ],
    "capital": "Vientiane",
    "cca2": "LA",
    "cca3": "LAO",
    "ccn3": "418",
    "cioc": "LAO",
    "currency": [
        "LAK"
    ],
    "demonym": "Laotian",
    "landlocked": true,
    "languages": {
        "lao": "Lao"
    },
    "latlng": [
        18,
        105
    ],
    "name": {
        "common": "Laos",
        "native": {
            "lao": {
                "common": "\u0eaa\u0e9b\u0e9b\u0ea5\u0eb2\u0ea7",
                "official": "\u0eaa\u0eb2\u0e97\u0eb2\u0ea5\u0eb0\u0e99\u0eb0 \u0e8a\u0eb2\u0e97\u0eb4\u0e9b\u0eb0\u0ec4\u0e95 \u0e84\u0ebb\u0e99\u0ea5\u0eb2\u0ea7 \u0e82\u0ead\u0e87"
            }
        },
        "official": "Lao People's Democratic Republic"
    },
    "region": "Asia",
    "subregion": "South-Eastern Asia",
    "tld": [
        ".la"
    ],
    "translations": {
        "deu": {
            "common": "Laos",
            "official": "Laos, Demokratische Volksrepublik"
        },
        "fin": {
            "common": "Laos",
            "official": "Laosin demokraattinen kansantasavalta"
        },
        "fra": {
            "common": "Laos",
            "official": "R\u00e9publique d\u00e9mocratique populaire lao"
        },
        "hrv": {
            "common": "Laos",
            "official": "Narodna Demokratska Republika"
        },
        "ita": {
            "common": "Laos",
            "official": "Repubblica democratica popolare del Laos"
        },
        "jpn": {
            "common": "\u30e9\u30aa\u30b9\u4eba\u6c11\u6c11\u4e3b\u5171\u548c\u56fd",
            "official": "\u30e9\u30aa\u30b9\u4eba\u6c11\u6c11\u4e3b\u5171\u548c\u56fd"
        },
        "nld": {
            "common": "Laos",
            "official": "Lao Democratische Volksrepubliek"
        },
        "por": {
            "common": "Laos",
            "official": "Laos, Rep\u00fablica Democr\u00e1tica"
        },
        "rus": {
            "common": "\u041b\u0430\u043e\u0441",
            "official": "\u041b\u0430\u043e\u0441\u0441\u043a\u0430\u044f \u041d\u0430\u0440\u043e\u0434\u043d\u043e-\u0414\u0435\u043c\u043e\u043a\u0440\u0430\u0442\u0438\u0447\u0435\u0441\u043a\u0430\u044f \u0420\u0435\u0441\u043f\u0443\u0431\u043b\u0438\u043a\u0430"
        },
        "spa": {
            "common": "Laos",
            "official": "Rep\u00fablica Democr\u00e1tica Popular Lao"
        }
    },
    "coordinate": {
        "latitude": 18,
        "longitude": 105
    }
}