{
    "_id": "LBN",
    "altSpellings": [
        "LB",
        "Lebanese Republic",
        "Al-Jumh\u016br\u012byah Al-Libn\u0101n\u012byah"
    ],
    "area": 10452,
    "borders": [
        "ISR",
        "SYR"
    ],
    "callingCode": [
        "961"
    ],
    "capital": "Beirut",
    "cca2": "LB",
    "cca3": "LBN",
    "ccn3": "422",
    "cioc": "LIB",
    "currency": [
        "LBP"
    ],
    "demonym": "Lebanese",
    "landlocked": false,
    "languages": {
        "ara": "Arabic",
        "fra": "French"
    },
    "latlng": [
        33.83333333,
        35.83333333
    ],
    "name": {
        "common": "Lebanon",
        "native": {
            "ara": {
                "common": "\u0644\u0628\u0646\u0627\u0646",
                "official": "\u0627\u0644\u062c\u0645\u0647\u0648\u0631\u064a\u0629 \u0627\u0644\u0644\u0628\u0646\u0627\u0646\u064a\u0629"
            },
            "fra": {
                "common": "Liban",
                "official": "R\u00e9publique libanaise"
            }
        },
        "official": "Lebanese Republic"
    },
    "region": "Asia",
    "subregion": "Western Asia",
    "tld": [
        ".lb"
    ],
    "translations": {
        "deu": {
            "common": "Libanon",
            "official": "libanesischen Republik"
        },
        "fin": {
            "common": "Libanon",
            "official": "Libanonin tasavalta"
        },
        "fra": {
            "common": "Liban",
            "official": "R\u00e9publique libanais"
        },
        "hrv": {
            "common": "Libanon",
            "official": "Libanonska Republika"
        },
        "ita": {
            "common": "Libano",
            "official": "Repubblica libanese"
        },
        "jpn": {
            "common": "\u30ec\u30d0\u30ce\u30f3",
            "official": "\u30ec\u30d0\u30ce\u30f3\u5171\u548c\u56fd"
        },
        "nld": {
            "common": "Libanon",
            "official": "Libanese Republiek"
        },
        "por": {
            "common": "L\u00edbano",
            "official": "Rep\u00fablica Libanesa"
        },
        "rus": {
            "common": "\u041b\u0438\u0432\u0430\u043d",
            "official": "\u041b\u0438\u0432\u0430\u043d\u0441\u043a\u0430\u044f \u0420\u0435\u0441\u043f\u0443\u0431\u043b\u0438\u043a\u0430"
        },
        "spa": {
            "common": "L\u00edbano",
            "official": "Rep\u00fablica Libanesa"
        }
    },
    "coordinate": {
        "latitude": 33.83333333,
        "longitude": 35.83333333
    }
}