{
    "_id": "LBR",
    "altSpellings": [
        "LR",
        "Republic of Liberia"
    ],
    "area": 111369,
    "borders": [
        "GIN",
        "CIV",
        "SLE"
    ],
    "callingCode": [
        "231"
    ],
    "capital": "Monrovia",
    "cca2": "LR",
    "cca3": "LBR",
    "ccn3": "430",
    "cioc": "LBR",
    "currency": [
        "LRD"
    ],
    "demonym": "Liberian",
    "landlocked": false,
    "languages": {
        "eng": "English"
    },
    "latlng": [
        6.5,
        -9.5
    ],
    "name": {
        "common": "Liberia",
        "native": {
            "eng": {
                "common": "Liberia",
                "official": "Republic of Liberia"
            }
        },
        "official": "Republic of Liberia"
    },
    "region": "Africa",
    "subregion": "Western Africa",
    "tld": [
        ".lr"
    ],
    "translations": {
        "deu": {
            "common": "Liberia",
            "official": "Republik Liberia"
        },
        "fin": {
            "common": "Liberia",
            "official": "Liberian tasavalta"
        },
        "fra": {
            "common": "Liberia",
            "official": "R\u00e9publique du Lib\u00e9ria"
        },
        "hrv": {
            "common": "Liberija",
            "official": "Republika Liberija"
        },
        "ita": {
            "common": "Liberia",
            "official": "Repubblica di Liberia"
        },
        "jpn": {
            "common": "\u30ea\u30d9\u30ea\u30a2",
            "official": "\u30ea\u30d9\u30ea\u30a2\u5171\u548c\u56fd"
        },
        "nld": {
            "common": "Liberia",
            "official": "Republiek Liberia"
        },
        "por": {
            "common": "Lib\u00e9ria",
            "official": "Rep\u00fablica da Lib\u00e9ria"
        },
        "rus": {
            "common": "\u041b\u0438\u0431\u0435\u0440\u0438\u044f",
            "official": "\u0420\u0435\u0441\u043f\u0443\u0431\u043b\u0438\u043a\u0430 \u041b\u0438\u0431\u0435\u0440\u0438\u044f"
        },
        "spa": {
            "common": "Liberia",
            "official": "Rep\u00fablica de Liberia"
        }
    },
    "coordinate": {
        "latitude": 6.5,
        "longitude": -9.5
    }
}