{
    "_id": "LBY",
    "altSpellings": [
        "LY",
        "State of Libya",
        "Dawlat Libya"
    ],
    "area": 1759540.0,
    "borders": [
        "DZA",
        "TCD",
        "EGY",
        "NER",
        "SDN",
        "TUN"
    ],
    "callingCode": [
        "218"
    ],
    "capital": "Tripoli",
    "cca2": "LY",
    "cca3": "LBY",
    "ccn3": "434",
    "cioc": "LBA",
    "currency": [
        "LYD"
    ],
    "demonym": "Libyan",
    "landlocked": false,
    "languages": {
        "ara": "Arabic"
    },
    "latlng": [
        25,
        17
    ],
    "name": {
        "common": "Libya",
        "native": {
            "ara": {
                "common": "\u200f\u0644\u064a\u0628\u064a\u0627",
                "official": "\u0627\u0644\u062f\u0648\u0644\u0629 \u0644\u064a\u0628\u064a\u0627"
            }
        },
        "official": "State of Libya"
    },
    "region": "Africa",
    "subregion": "Northern Africa",
    "tld": [
        ".ly"
    ],
    "translations": {
        "deu": {
            "common": "Libyen",
            "official": "State of Libya"
        },
        "fin": {
            "common": "Libya",
            "official": "Libyan valtio"
        },
        "fra": {
            "common": "Libye",
            "official": "\u00c9tat de la Libye"
        },
        "hrv": {
            "common": "Libija",
            "official": "Dr\u017eava Libiji"
        },
        "ita": {
            "common": "Libia",
            "official": "Stato della Libia"
        },
        "jpn": {
            "common": "\u30ea\u30d3\u30a2",
            "official": "\u30ea\u30d3\u30a2\u306e\u56fd\u5bb6"
        },
        "nld": {
            "common": "Libi\u00eb",
            "official": "Staat van Libi\u00eb"
        },
        "por": {
            "common": "L\u00edbia",
            "official": "Estado da L\u00edbia"
        },
        "rus": {
            "common": "\u041b\u0438\u0432\u0438\u044f",
            "official": "\u0413\u043e\u0441\u0443\u0434\u0430\u0440\u0441\u0442\u0432\u043e \u041b\u0438\u0432\u0438\u0438"
        },
        "spa": {
            "common": "Libia",
            "official": "Estado de Libia"
        }
    },
    "coordinate": {
        "latitude": 25,
        "longitude": 17
    }
}