{
    "_id": "LCA",
    "altSpellings": [
        "LC"
    ],
    "area": 616,
    "borders": [],
    "callingCode": [
        "1758"
    ],
    "capital": "Castries",
    "cca2": "LC",
    "cca3": "LCA",
    "ccn3": "662",
    "cioc": "LCA",
    "currency": [
        "XCD"
    ],
    "demonym": "Saint Lucian",
    "landlocked": false,
    "languages": {
        "eng": "English"
    },
    "latlng": [
        13.88333333,
        -60.96666666
    ],
    "name": {
        "common": "Saint Lucia",
        "native": {
            "eng": {
                "common": "Saint Lucia",
                "official": "Saint Lucia"
            }
        },
        "official": "Saint Lucia"
    },
    "region": "Americas",
    "subregion": "Caribbean",
    "tld": [
        ".lc"
    ],
    "translations": {
        "deu": {
            "common": "Saint Lucia",
            "official": "St. Lucia"
        },
        "fin": {
            "common": "Saint Lucia",
            "official": "Saint Lucia"
        },
        "fra": {
            "common": "Saint-Lucie",
            "official": "Sainte-Lucie"
        },
        "hrv": {
            "common": "Sveta Lucija",
            "official": "Sveta Lucija"
        },
        "ita": {
            "common": "Santa Lucia",
            "official": "Santa Lucia"
        },
        "jpn": {
            "common": "\u30bb\u30f3\u30c8\u30eb\u30b7\u30a2",
            "official": "\u30bb\u30f3\u30c8\u30eb\u30b7\u30a2"
        },
        "nld": {
            "common": "Saint Lucia",
            "official": "Saint Lucia"
        },
        "por": {
            "common": "Santa L\u00facia",
            "official": "Santa L\u00facia"
        },
        "rus": {
            "common": "\u0421\u0435\u043d\u0442-\u041b\u044e\u0441\u0438\u044f",
            "official": "\u0421\u0435\u043d\u0442-\u041b\u044e\u0441\u0438\u044f"
        },
        "spa": {
            "common": "Santa Luc\u00eda",
            "official": "Santa Luc\u00eda"
        }
    },
    "coordinate": {
        "latitude": 13.88333333,
        "longitude": -60.96666666
    }
}