{
    "_id": "LIE",
    "altSpellings": [
        "LI",
        "Principality of Liechtenstein",
        "F\u00fcrstentum Liechtenstein"
    ],
    "area": 160,
    "borders": [
        "AUT",
        "CHE"
    ],
    "callingCode": [
        "423"
    ],
    "capital": "Vaduz",
    "cca2": "LI",
    "cca3": "LIE",
    "ccn3": "438",
    "cioc": "LIE",
    "currency": [
        "CHF"
    ],
    "demonym": "Liechtensteiner",
    "landlocked": true,
    "languages": {
        "deu": "German"
    },
    "latlng": [
        47.26666666,
        9.53333333
    ],
    "name": {
        "common": "Liechtenstein",
        "native": {
            "deu": {
                "common": "Liechtenstein",
                "official": "F\u00fcrstentum Liechtenstein"
            }
        },
        "official": "Principality of Liechtenstein"
    },
    "region": "Europe",
    "subregion": "Western Europe",
    "tld": [
        ".li"
    ],
    "translations": {
        "deu": {
            "common": "Liechtenstein",
            "official": "F\u00fcrstentum Liechtenstein"
        },
        "fin": {
            "common": "Liechenstein",
            "official": "Liechensteinin ruhtinaskunta"
        },
        "fra": {
            "common": "Liechtenstein",
            "official": "Principaut\u00e9 de Liechtenstein"
        },
        "hrv": {
            "common": "Lihten\u0161tajn",
            "official": "Kne\u017eevina Lihten\u0161tajn"
        },
        "ita": {
            "common": "Liechtenstein",
            "official": "Principato del Liechtenstein"
        },
        "jpn": {
            "common": "\u30ea\u30d2\u30c6\u30f3\u30b7\u30e5\u30bf\u30a4\u30f3",
            "official": "\u30ea\u30d2\u30c6\u30f3\u30b7\u30e5\u30bf\u30a4\u30f3\u516c\u56fd"
        },
        "nld": {
            "common": "Liechtenstein",
            "official": "Vorstendom Liechtenstein"
        },
        "por": {
            "common": "Liechtenstein",
            "official": "Principado de Liechtenstein"
        },
        "rus": {
            "common": "\u041b\u0438\u0445\u0442\u0435\u043d\u0448\u0442\u0435\u0439\u043d",
            "official": "\u041a\u043d\u044f\u0436\u0435\u0441\u0442\u0432\u043e \u041b\u0438\u0445\u0442\u0435\u043d\u0448\u0442\u0435\u0439\u043d"
        },
        "spa": {
            "common": "Liechtenstein",
            "official": "Principado de Liechtenstein"
        }
    },
    "coordinate": {
        "latitude": 47.26666666,
        "longitude": 9.53333333
    }
}