{
    "_id": "LKA",
    "altSpellings": [
        "LK",
        "ila\u1e45kai",
        "Democratic Socialist Republic of Sri Lanka"
    ],
    "area": 65610,
    "borders": [
        "IND"
    ],
    "callingCode": [
        "94"
    ],
    "capital": "Colombo",
    "cca2": "LK",
    "cca3": "LKA",
    "ccn3": "144",
    "cioc": "SRI",
    "currency": [
        "LKR"
    ],
    "demonym": "Sri Lankan",
    "landlocked": false,
    "languages": {
        "sin": "Sinhala",
        "tam": "Tamil"
    },
    "latlng": [
        7,
        81
    ],
    "name": {
        "common": "Sri Lanka",
        "native": {
            "sin": {
                "common": "\u0dc1\u0dca\u200d\u0dbb\u0dd3 \u0dbd\u0d82\u0d9a\u0dcf\u0dc0",
                "official": "\u0dc1\u0dca\u200d\u0dbb\u0dd3 \u0dbd\u0d82\u0d9a\u0dcf \u0db4\u0dca\u200d\u0dbb\u0da2\u0dcf\u0dad\u0dcf\u0db1\u0dca\u0dad\u0dca\u200d\u0dbb\u0dd2\u0d9a \u0dc3\u0db8\u0dcf\u0da2\u0dc0\u0dcf\u0daf\u0dd3 \u0da2\u0db1\u0dbb\u0da2\u0dba"
            },
            "tam": {
                "common": "\u0b87\u0bb2\u0b99\u0bcd\u0b95\u0bc8",
                "official": "\u0b87\u0bb2\u0b99\u0bcd\u0b95\u0bc8 \u0b9a\u0ba9\u0ba8\u0bbe\u0baf\u0b95 \u0b9a\u0bcb\u0b9a\u0bb2\u0bbf\u0b9a\u0b95\u0bcd \u0b95\u0bc1\u0b9f\u0bbf\u0baf\u0bb0\u0b9a\u0bc1"
            }
        },
        "official": "Democratic Socialist Republic of Sri Lanka"
    },
    "region": "Asia",
    "subregion": "Southern Asia",
    "tld": [
        ".lk",
        ".\u0b87\u0bb2\u0b99\u0bcd\u0b95\u0bc8",
        ".\u0dbd\u0d82\u0d9a\u0dcf"
    ],
    "translations": {
        "deu": {
            "common": "Sri Lanka",
            "official": "Demokratischen Sozialistischen Republik Sri Lanka"
        },
        "fin": {
            "common": "Sri Lanka",
            "official": "Sri Lankan demokraattinen sosialistinen tasavalta"
        },
        "fra": {
            "common": "Sri Lanka",
            "official": "R\u00e9publique socialiste d\u00e9mocratique de Sri Lanka"
        },
        "hrv": {
            "common": "\u0160ri Lanka",
            "official": "Demokratska Socijalisti\u010dke Republike \u0160ri Lanke"
        },
        "ita": {
            "common": "Sri Lanka",
            "official": "Repubblica democratica socialista dello Sri Lanka"
        },
        "jpn": {
            "common": "\u30b9\u30ea\u30e9\u30f3\u30ab",
            "official": "\u30b9\u30ea\u30e9\u30f3\u30ab\u6c11\u4e3b\u793e\u4f1a\u4e3b\u7fa9\u5171\u548c\u56fd"
        },
        "nld": {
            "common": "Sri Lanka",
            "official": "Democratische Socialistische Republiek Sri Lanka"
        },
        "por": {
            "common": "Sri Lanka",
            "official": "Rep\u00fablica Democr\u00e1tica Socialista do Sri Lanka"
        },
        "rus": {
            "common": "\u0428\u0440\u0438-\u041b\u0430\u043d\u043a\u0430",
            "official": "\u0414\u0435\u043c\u043e\u043a\u0440\u0430\u0442\u0438\u0447\u0435\u0441\u043a\u0430\u044f \u0421\u043e\u0446\u0438\u0430\u043b\u0438\u0441\u0442\u0438\u0447\u0435\u0441\u043a\u0430\u044f \u0420\u0435\u0441\u043f\u0443\u0431\u043b\u0438\u043a\u0430 \u0428\u0440\u0438-\u041b\u0430\u043d\u043a\u0430"
        },
        "spa": {
            "common": "Sri Lanka",
            "official": "Rep\u00fablica Democr\u00e1tica Socialista de Sri Lanka"
        }
    },
    "coordinate": {
        "latitude": 7,
        "longitude": 81
    }
}