{
    "_id": "LSO",
    "altSpellings": [
        "LS",
        "Kingdom of Lesotho",
        "Muso oa Lesotho"
    ],
    "area": 30355,
    "borders": [
        "ZAF"
    ],
    "callingCode": [
        "266"
    ],
    "capital": "Maseru",
    "cca2": "LS",
    "cca3": "LSO",
    "ccn3": "426",
    "cioc": "LES",
    "currency": [
        "LSL",
        "ZAR"
    ],
    "demonym": "Mosotho",
    "landlocked": true,
    "languages": {
        "eng": "English",
        "sot": "Sotho"
    },
    "latlng": [
        -29.5,
        28.5
    ],
    "name": {
        "common": "Lesotho",
        "native": {
            "eng": {
                "common": "Lesotho",
                "official": "Kingdom of Lesotho"
            },
            "sot": {
                "common": "Lesotho",
                "official": "Kingdom of Lesotho"
            }
        },
        "official": "Kingdom of Lesotho"
    },
    "region": "Africa",
    "subregion": "Southern Africa",
    "tld": [
        ".ls"
    ],
    "translations": {
        "deu": {
            "common": "Lesotho",
            "official": "K\u00f6nigreich Lesotho"
        },
        "fin": {
            "common": "Lesotho",
            "official": "Lesothon kuningaskunta"
        },
        "fra": {
            "common": "Lesotho",
            "official": "Royaume du Lesotho"
        },
        "hrv": {
            "common": "Lesoto",
            "official": "Kraljevina Lesoto"
        },
        "ita": {
            "common": "Lesotho",
            "official": "Regno del Lesotho"
        },
        "jpn": {
            "common": "\u30ec\u30bd\u30c8",
            "official": "\u30ec\u30bd\u30c8\u738b\u56fd"
        },
        "nld": {
            "common": "Lesotho",
            "official": "Koninkrijk Lesotho"
        },
        "por": {
            "common": "Lesoto",
            "official": "Reino do Lesoto"
        },
        "rus": {
            "common": "\u041b\u0435\u0441\u043e\u0442\u043e",
            "official": "\u041a\u043e\u0440\u043e\u043b\u0435\u0432\u0441\u0442\u0432\u043e \u041b\u0435\u0441\u043e\u0442\u043e"
        },
        "spa": {
            "common": "Lesotho",
            "official": "Reino de Lesotho"
        }
    },
    "coordinate": {
        "latitude": -29.5,
        "longitude": 28.5
    }
}