{
    "_id": "LTU",
    "altSpellings": [
        "LT",
        "Republic of Lithuania",
        "Lietuvos Respublika"
    ],
    "area": 65300,
    "borders": [
        "BLR",
        "LVA",
        "POL",
        "RUS"
    ],
    "callingCode": [
        "370"
    ],
    "capital": "Vilnius",
    "cca2": "LT",
    "cca3": "LTU",
    "ccn3": "440",
    "cioc": "LTU",
    "currency": [
        "EUR"
    ],
    "demonym": "Lithuanian",
    "landlocked": false,
    "languages": {
        "lit": "Lithuanian"
    },
    "latlng": [
        56,
        24
    ],
    "name": {
        "common": "Lithuania",
        "native": {
            "lit": {
                "common": "Lietuva",
                "official": "Lietuvos Respublikos"
            }
        },
        "official": "Republic of Lithuania"
    },
    "region": "Europe",
    "subregion": "Northern Europe",
    "tld": [
        ".lt"
    ],
    "translations": {
        "deu": {
            "common": "Litauen",
            "official": "Republik Litauen"
        },
        "fin": {
            "common": "Liettua",
            "official": "Liettuan tasavalta"
        },
        "fra": {
            "common": "Lituanie",
            "official": "R\u00e9publique de Lituanie"
        },
        "hrv": {
            "common": "Litva",
            "official": "Republika Litva"
        },
        "ita": {
            "common": "Lituania",
            "official": "Repubblica di Lituania"
        },
        "jpn": {
            "common": "\u30ea\u30c8\u30a2\u30cb\u30a2",
            "official": "\u30ea\u30c8\u30a2\u30cb\u30a2\u5171\u548c\u56fd"
        },
        "nld": {
            "common": "Litouwen",
            "official": "Republiek Litouwen"
        },
        "por": {
            "common": "Litu\u00e2nia",
            "official": "Rep\u00fablica da Litu\u00e2nia"
        },
        "rus": {
            "common": "\u041b\u0438\u0442\u0432\u0430",
            "official": "\u041b\u0438\u0442\u043e\u0432\u0441\u043a\u0430\u044f \u0420\u0435\u0441\u043f\u0443\u0431\u043b\u0438\u043a\u0430"
        },
        "spa": {
            "common": "Lituania",
            "official": "Rep\u00fablica de Lituania"
        }
    },
    "coordinate": {
        "latitude": 56,
        "longitude": 24
    }
}