{
    "_id": "LUX",
    "altSpellings": [
        "LU",
        "Grand Duchy of Luxembourg",
        "Grand-Duch\u00e9 de Luxembourg",
        "Gro\u00dfherzogtum Luxemburg",
        "Groussherzogtum L\u00ebtzebuerg"
    ],
    "area": 2586,
    "borders": [
        "BEL",
        "FRA",
        "DEU"
    ],
    "callingCode": [
        "352"
    ],
    "capital": "Luxembourg",
    "cca2": "LU",
    "cca3": "LUX",
    "ccn3": "442",
    "cioc": "LUX",
    "currency": [
        "EUR"
    ],
    "demonym": "Luxembourger",
    "landlocked": true,
    "languages": {
        "deu": "German",
        "fra": "French",
        "ltz": "Luxembourgish"
    },
    "latlng": [
        49.75,
        6.16666666
    ],
    "name": {
        "common": "Luxembourg",
        "native": {
            "deu": {
                "common": "Luxemburg",
                "official": "Gro\u00dfherzogtum Luxemburg"
            },
            "fra": {
                "common": "Luxembourg",
                "official": "Grand-Duch\u00e9 de Luxembourg"
            },
            "ltz": {
                "common": "L\u00ebtzebuerg",
                "official": "Groussherzogtum L\u00ebtzebuerg"
            }
        },
        "official": "Grand Duchy of Luxembourg"
    },
    "region": "Europe",
    "subregion": "Western Europe",
    "tld": [
        ".lu"
    ],
    "translations": {
        "deu": {
            "common": "Luxemburg",
            "official": "Gro\u00dfherzogtum Luxemburg,"
        },
        "fin": {
            "common": "Luxemburg",
            "official": "Luxemburgin suurherttuakunta"
        },
        "fra": {
            "common": "Luxembourg",
            "official": "Grand-Duch\u00e9 de Luxembourg"
        },
        "hrv": {
            "common": "Luksemburg",
            "official": "Veliko Vojvodstvo Luksemburg"
        },
        "ita": {
            "common": "Lussemburgo",
            "official": "Granducato di Lussemburgo"
        },
        "jpn": {
            "common": "\u30eb\u30af\u30bb\u30f3\u30d6\u30eb\u30af",
            "official": "\u30eb\u30af\u30bb\u30f3\u30d6\u30eb\u30af\u5927\u516c\u56fd"
        },
        "nld": {
            "common": "Luxemburg",
            "official": "Groothertogdom Luxemburg"
        },
        "por": {
            "common": "Luxemburgo",
            "official": "Gr\u00e3o-Ducado do Luxemburgo"
        },
        "rus": {
            "common": "\u041b\u044e\u043a\u0441\u0435\u043c\u0431\u0443\u0440\u0433",
            "official": "\u0412\u0435\u043b\u0438\u043a\u043e\u0435 \u0413\u0435\u0440\u0446\u043e\u0433\u0441\u0442\u0432\u043e \u041b\u044e\u043a\u0441\u0435\u043c\u0431\u0443\u0440\u0433"
        },
        "spa": {
            "common": "Luxemburgo",
            "official": "Gran Ducado de Luxemburgo"
        }
    },
    "coordinate": {
        "latitude": 49.75,
        "longitude": 6.16666666
    }
}