{
    "_id": "LVA",
    "altSpellings": [
        "LV",
        "Republic of Latvia",
        "Latvijas Republika"
    ],
    "area": 64559,
    "borders": [
        "BLR",
        "EST",
        "LTU",
        "RUS"
    ],
    "callingCode": [
        "371"
    ],
    "capital": "Riga",
    "cca2": "LV",
    "cca3": "LVA",
    "ccn3": "428",
    "cioc": "LAT",
    "currency": [
        "EUR"
    ],
    "demonym": "Latvian",
    "landlocked": false,
    "languages": {
        "lav": "Latvian"
    },
    "latlng": [
        57,
        25
    ],
    "name": {
        "common": "Latvia",
        "native": {
            "lav": {
                "common": "Latvija",
                "official": "Latvijas Republikas"
            }
        },
        "official": "Republic of Latvia"
    },
    "region": "Europe",
    "subregion": "Northern Europe",
    "tld": [
        ".lv"
    ],
    "translations": {
        "deu": {
            "common": "Lettland",
            "official": "Republik Lettland"
        },
        "fin": {
            "common": "Latvia",
            "official": "Latvian tasavalta"
        },
        "fra": {
            "common": "Lettonie",
            "official": "R\u00e9publique de Lettonie"
        },
        "hrv": {
            "common": "Latvija",
            "official": "Republika Latvija"
        },
        "ita": {
            "common": "Lettonia",
            "official": "Repubblica di Lettonia"
        },
        "jpn": {
            "common": "\u30e9\u30c8\u30d3\u30a2",
            "official": "\u30e9\u30c8\u30d3\u30a2\u5171\u548c\u56fd"
        },
        "nld": {
            "common": "Letland",
            "official": "Republiek Letland"
        },
        "por": {
            "common": "Let\u00f3nia",
            "official": "Rep\u00fablica da Let\u00f3nia"
        },
        "rus": {
            "common": "\u041b\u0430\u0442\u0432\u0438\u044f",
            "official": "\u041b\u0430\u0442\u0432\u0438\u0439\u0441\u043a\u0430\u044f \u0420\u0435\u0441\u043f\u0443\u0431\u043b\u0438\u043a\u0430"
        },
        "spa": {
            "common": "Letonia",
            "official": "Rep\u00fablica de Letonia"
        }
    },
    "coordinate": {
        "latitude": 57,
        "longitude": 25
    }
}