{
    "_id": "MAC",
    "altSpellings": [
        "MO",
        "\u6fb3\u95e8",
        "Macao",
        "Macao Special Administrative Region of the People's Republic of China",
        "\u4e2d\u83ef\u4eba\u6c11\u5171\u548c\u570b\u6fb3\u9580\u7279\u5225\u884c\u653f\u5340",
        "Regi\u00e3o Administrativa Especial de Macau da Rep\u00fablica Popular da China"
    ],
    "area": 30,
    "borders": [
        "CHN"
    ],
    "callingCode": [
        "853"
    ],
    "capital": "",
    "cca2": "MO",
    "cca3": "MAC",
    "ccn3": "446",
    "cioc": "",
    "currency": [
        "MOP"
    ],
    "demonym": "Chinese",
    "landlocked": false,
    "languages": {
        "por": "Portuguese",
        "zho": "Chinese"
    },
    "latlng": [
        22.16666666,
        113.55
    ],
    "name": {
        "common": "Macau",
        "native": {
            "por": {
                "common": "Macau",
                "official": "Regi\u00e3o Administrativa Especial de Macau da Rep\u00fablica Popular da China"
            },
            "zho": {
                "common": "\u6fb3\u9580",
                "official": "\u6fb3\u95e8\u7279\u522b\u884c\u653f\u533a\u4e2d\u56fd\u4eba\u6c11\u5171\u548c\u56fd"
            }
        },
        "official": "Macao Special Administrative Region of the People's Republic of China"
    },
    "region": "Asia",
    "subregion": "Eastern Asia",
    "tld": [
        ".mo"
    ],
    "translations": {
        "deu": {
            "common": "Macao",
            "official": "Sonderverwaltungsregion Macau der Volksrepublik China"
        },
        "fin": {
            "common": "Macao",
            "official": "Macaon Kiinan kansantasavallan erityishallintoalue"
        },
        "fra": {
            "common": "Macao",
            "official": "Macao r\u00e9gion administrative sp\u00e9ciale de la R\u00e9publique populaire de Chine"
        },
        "hrv": {
            "common": "Makao",
            "official": "Makao Posebnog upravnog podru\u010djaNarodne Republike Kine"
        },
        "ita": {
            "common": "Macao",
            "official": "Macao Regione amministrativa speciale della Repubblica Popolare Cinese"
        },
        "jpn": {
            "common": "\u30de\u30ab\u30aa",
            "official": "\u4e2d\u83ef\u4eba\u6c11\u5171\u548c\u56fd\u30de\u30ab\u30aa\u7279\u5225\u884c\u653f\u533a"
        },
        "nld": {
            "common": "Macao",
            "official": "Speciale Administratieve Regio Macau van de Volksrepubliek China"
        },
        "por": {
            "common": "Macau",
            "official": "Macau Regi\u00e3o Administrativa Especial da Rep\u00fablica Popular da China"
        },
        "rus": {
            "common": "\u041c\u0430\u043a\u0430\u043e",
            "official": "\u0421\u043f\u0435\u0446\u0438\u0430\u043b\u044c\u043d\u044b\u0439 \u0430\u0434\u043c\u0438\u043d\u0438\u0441\u0442\u0440\u0430\u0442\u0438\u0432\u043d\u044b\u0439 \u0440\u0430\u0439\u043e\u043d \u041c\u0430\u043a\u0430\u043e \u041a\u0438\u0442\u0430\u0439\u0441\u043a\u043e\u0439 \u041d\u0430\u0440\u043e\u0434\u043d\u043e\u0439 \u0420\u0435\u0441\u043f\u0443\u0431\u043b\u0438\u043a\u0438 \u041a\u0438\u0442\u0430\u0439"
        },
        "spa": {
            "common": "Macao",
            "official": "Macao, Regi\u00f3n Administrativa Especial de la Rep\u00fablica Popular China"
        }
    },
    "coordinate": {
        "latitude": 22.16666666,
        "longitude": 113.55
    }
}