{
    "_id": "MAF",
    "altSpellings": [
        "MF",
        "Collectivity of Saint Martin",
        "Collectivit\u00e9 de Saint-Martin",
        "Saint Martin (French part)"
    ],
    "area": 53,
    "borders": [
        "SXM"
    ],
    "callingCode": [
        "590"
    ],
    "capital": "Marigot",
    "cca2": "MF",
    "cca3": "MAF",
    "ccn3": "663",
    "cioc": "",
    "currency": [
        "EUR"
    ],
    "demonym": "Saint Martin Islander",
    "landlocked": false,
    "languages": {
        "fra": "French"
    },
    "latlng": [
        18.08333333,
        -63.95
    ],
    "name": {
        "common": "Saint Martin",
        "native": {
            "fra": {
                "common": "Saint-Martin",
                "official": "Saint-Martin"
            }
        },
        "official": "Saint Martin"
    },
    "region": "Americas",
    "subregion": "Caribbean",
    "tld": [
        ".fr",
        ".gp"
    ],
    "translations": {
        "deu": {
            "common": "Saint Martin",
            "official": "saint Martin"
        },
        "fin": {
            "common": "Saint-Martin",
            "official": "Saint-Martin"
        },
        "fra": {
            "common": "Saint-Martin",
            "official": "Saint Martin"
        },
        "hrv": {
            "common": "Sveti Martin",
            "official": "Saint Martin"
        },
        "ita": {
            "common": "Saint Martin",
            "official": "saint Martin"
        },
        "jpn": {
            "common": "\u30b5\u30f3\u30fb\u30de\u30eb\u30bf\u30f3\uff08\u30d5\u30e9\u30f3\u30b9\u9818\uff09",
            "official": "\u30b5\u30f3\u30de\u30eb\u30bf\u30f3\u5cf6"
        },
        "nld": {
            "common": "Saint-Martin",
            "official": "Saint Martin"
        },
        "por": {
            "common": "S\u00e3o Martinho",
            "official": "saint Martin"
        },
        "rus": {
            "common": "\u0421\u0435\u043d-\u041c\u0430\u0440\u0442\u0435\u043d",
            "official": "\u0421\u0435\u043d-\u041c\u0430\u0440\u0442\u0435\u043d"
        },
        "spa": {
            "common": "Saint Martin",
            "official": "Saint Martin"
        }
    },
    "coordinate": {
        "latitude": 18.08333333,
        "longitude": -63.95
    }
}