{
    "_id": "MAR",
    "altSpellings": [
        "MA",
        "Kingdom of Morocco",
        "Al-Mamlakah al-Ma\u0121ribiyah"
    ],
    "area": 446550,
    "borders": [
        "DZA",
        "ESH",
        "ESP"
    ],
    "callingCode": [
        "212"
    ],
    "capital": "Rabat",
    "cca2": "MA",
    "cca3": "MAR",
    "ccn3": "504",
    "cioc": "MAR",
    "currency": [
        "MAD"
    ],
    "demonym": "Moroccan",
    "landlocked": false,
    "languages": {
        "ara": "Arabic",
        "ber": "Berber"
    },
    "latlng": [
        32,
        -5
    ],
    "name": {
        "common": "Morocco",
        "native": {
            "ara": {
                "common": "\u0627\u0644\u0645\u063a\u0631\u0628",
                "official": "\u0627\u0644\u0645\u0645\u0644\u0643\u0629 \u0627\u0644\u0645\u063a\u0631\u0628\u064a\u0629"
            },
            "ber": {
                "common": "\u2d4d\u2d4e\u2d30\u2d56\u2d54\u2d49\u2d31",
                "official": "\u2d5c\u2d30\u2d33\u2d4d\u2d37\u2d49\u2d5c \u2d4f \u2d4d\u2d4e\u2d56\u2d54\u2d49\u2d31"
            }
        },
        "official": "Kingdom of Morocco"
    },
    "region": "Africa",
    "subregion": "Northern Africa",
    "tld": [
        ".ma",
        "\u0627\u0644\u0645\u063a\u0631\u0628."
    ],
    "translations": {
        "deu": {
            "common": "Marokko",
            "official": "K\u00f6nigreich Marokko"
        },
        "fin": {
            "common": "Marokko",
            "official": "Marokon kuningaskunta"
        },
        "fra": {
            "common": "Maroc",
            "official": "Royaume du Maroc"
        },
        "hrv": {
            "common": "Maroko",
            "official": "Kraljevina Maroko"
        },
        "ita": {
            "common": "Marocco",
            "official": "Regno del Marocco"
        },
        "jpn": {
            "common": "\u30e2\u30ed\u30c3\u30b3",
            "official": "\u30e2\u30ed\u30c3\u30b3\u738b\u56fd"
        },
        "nld": {
            "common": "Marokko",
            "official": "Koninkrijk Marokko"
        },
        "por": {
            "common": "Marrocos",
            "official": "Reino de Marrocos"
        },
        "rus": {
            "common": "\u041c\u0430\u0440\u043e\u043a\u043a\u043e",
            "official": "\u041a\u043e\u0440\u043e\u043b\u0435\u0432\u0441\u0442\u0432\u043e \u041c\u0430\u0440\u043e\u043a\u043a\u043e"
        },
        "spa": {
            "common": "Marruecos",
            "official": "Reino de Marruecos"
        }
    },
    "coordinate": {
        "latitude": 32,
        "longitude": -5
    }
}