{
    "_id": "MCO",
    "altSpellings": [
        "MC",
        "Principality of Monaco",
        "Principaut\u00e9 de Monaco"
    ],
    "area": 2.02,
    "borders": [
        "FRA"
    ],
    "callingCode": [
        "377"
    ],
    "capital": "Monaco",
    "cca2": "MC",
    "cca3": "MCO",
    "ccn3": "492",
    "cioc": "MON",
    "currency": [
        "EUR"
    ],
    "demonym": "Monegasque",
    "landlocked": false,
    "languages": {
        "fra": "French"
    },
    "latlng": [
        43.73333333,
        7.4
    ],
    "name": {
        "common": "Monaco",
        "native": {
            "fra": {
                "common": "Monaco",
                "official": "Principaut\u00e9 de Monaco"
            }
        },
        "official": "Principality of Monaco"
    },
    "region": "Europe",
    "subregion": "Western Europe",
    "tld": [
        ".mc"
    ],
    "translations": {
        "deu": {
            "common": "Monaco",
            "official": "F\u00fcrstentum Monaco"
        },
        "fin": {
            "common": "Monaco",
            "official": "Monacon ruhtinaskunta"
        },
        "fra": {
            "common": "Monaco",
            "official": "Principaut\u00e9 de Monaco"
        },
        "hrv": {
            "common": "Monako",
            "official": "Kne\u017eevina Monako"
        },
        "ita": {
            "common": "Principato di Monaco",
            "official": "Principato di Monaco"
        },
        "jpn": {
            "common": "\u30e2\u30ca\u30b3",
            "official": "\u30e2\u30ca\u30b3\u516c\u56fd"
        },
        "nld": {
            "common": "Monaco",
            "official": "Vorstendom Monaco"
        },
        "por": {
            "common": "M\u00f3naco",
            "official": "Principado do M\u00f3naco"
        },
        "rus": {
            "common": "\u041c\u043e\u043d\u0430\u043a\u043e",
            "official": "\u041a\u043d\u044f\u0436\u0435\u0441\u0442\u0432\u043e \u041c\u043e\u043d\u0430\u043a\u043e"
        },
        "spa": {
            "common": "M\u00f3naco",
            "official": "Principado de M\u00f3naco"
        }
    },
    "coordinate": {
        "latitude": 43.73333333,
        "longitude": 7.4
    }
}