{
    "_id": "MDA",
    "altSpellings": [
        "MD",
        "Moldova, Republic of",
        "Republic of Moldova",
        "Republica Moldova"
    ],
    "area": 33846,
    "borders": [
        "ROU",
        "UKR"
    ],
    "callingCode": [
        "373"
    ],
    "capital": "Chi\u0219in\u0103u",
    "cca2": "MD",
    "cca3": "MDA",
    "ccn3": "498",
    "cioc": "MDA",
    "currency": [
        "MDL"
    ],
    "demonym": "Moldovan",
    "landlocked": true,
    "languages": {
        "ron": "Moldavian"
    },
    "latlng": [
        47,
        29
    ],
    "name": {
        "common": "Moldova",
        "native": {
            "ron": {
                "common": "Moldova",
                "official": "Republica Moldova"
            }
        },
        "official": "Republic of Moldova"
    },
    "region": "Europe",
    "subregion": "Eastern Europe",
    "tld": [
        ".md"
    ],
    "translations": {
        "deu": {
            "common": "Moldawie",
            "official": "Republik Moldau"
        },
        "fin": {
            "common": "Moldova",
            "official": "Moldovan tasavalta"
        },
        "fra": {
            "common": "Moldavie",
            "official": "R\u00e9publique de Moldova"
        },
        "hrv": {
            "common": "Moldova",
            "official": "Moldavija"
        },
        "ita": {
            "common": "Moldavia",
            "official": "Repubblica di Moldova"
        },
        "jpn": {
            "common": "\u30e2\u30eb\u30c9\u30d0\u5171\u548c\u56fd",
            "official": "\u30e2\u30eb\u30c9\u30d0\u5171\u548c\u56fd"
        },
        "nld": {
            "common": "Moldavi\u00eb",
            "official": "Republiek Moldavi\u00eb"
        },
        "por": {
            "common": "Mold\u00e1via",
            "official": "Rep\u00fablica da Mold\u00e1via"
        },
        "rus": {
            "common": "\u041c\u043e\u043b\u0434\u0430\u0432\u0438\u044f",
            "official": "\u041c\u043e\u043b\u0434\u043e\u0432\u0430"
        },
        "spa": {
            "common": "Moldavia",
            "official": "Rep\u00fablica de Moldova"
        }
    },
    "coordinate": {
        "latitude": 47,
        "longitude": 29
    }
}