{
    "_id": "MDG",
    "altSpellings": [
        "MG",
        "Republic of Madagascar",
        "Repoblikan'i Madagasikara",
        "R\u00e9publique de Madagascar"
    ],
    "area": 587041,
    "borders": [],
    "callingCode": [
        "261"
    ],
    "capital": "Antananarivo",
    "cca2": "MG",
    "cca3": "MDG",
    "ccn3": "450",
    "cioc": "MAD",
    "currency": [
        "MGA"
    ],
    "demonym": "Malagasy",
    "landlocked": false,
    "languages": {
        "fra": "French",
        "mlg": "Malagasy"
    },
    "latlng": [
        -20,
        47
    ],
    "name": {
        "common": "Madagascar",
        "native": {
            "fra": {
                "common": "Madagascar",
                "official": "R\u00e9publique de Madagascar"
            },
            "mlg": {
                "common": "Madagasikara",
                "official": "Repoblikan'i Madagasikara"
            }
        },
        "official": "Republic of Madagascar"
    },
    "region": "Africa",
    "subregion": "Eastern Africa",
    "tld": [
        ".mg"
    ],
    "translations": {
        "deu": {
            "common": "Madagaskar",
            "official": "Republik Madagaskar"
        },
        "fin": {
            "common": "Madagaskar",
            "official": "Madagaskarin tasavalta"
        },
        "fra": {
            "common": "Madagascar",
            "official": "R\u00e9publique de Madagascar"
        },
        "hrv": {
            "common": "Madagaskar",
            "official": "Republika Madagaskar"
        },
        "ita": {
            "common": "Madagascar",
            "official": "Repubblica del Madagascar"
        },
        "jpn": {
            "common": "\u30de\u30c0\u30ac\u30b9\u30ab\u30eb",
            "official": "\u30de\u30c0\u30ac\u30b9\u30ab\u30eb\u5171\u548c\u56fd"
        },
        "nld": {
            "common": "Madagaskar",
            "official": "Republiek Madagaskar"
        },
        "por": {
            "common": "Madag\u00e1scar",
            "official": "Rep\u00fablica de Madag\u00e1scar"
        },
        "rus": {
            "common": "\u041c\u0430\u0434\u0430\u0433\u0430\u0441\u043a\u0430\u0440",
            "official": "\u0420\u0435\u0441\u043f\u0443\u0431\u043b\u0438\u043a\u0430 \u041c\u0430\u0434\u0430\u0433\u0430\u0441\u043a\u0430\u0440"
        },
        "spa": {
            "common": "Madagascar",
            "official": "Rep\u00fablica de Madagascar"
        }
    },
    "coordinate": {
        "latitude": -20,
        "longitude": 47
    }
}