{
    "_id": "MDV",
    "altSpellings": [
        "MV",
        "Maldive Islands",
        "Republic of the Maldives",
        "Dhivehi Raajjeyge Jumhooriyya"
    ],
    "area": 300,
    "borders": [],
    "callingCode": [
        "960"
    ],
    "capital": "Mal\u00e9",
    "cca2": "MV",
    "cca3": "MDV",
    "ccn3": "462",
    "cioc": "MDV",
    "currency": [
        "MVR"
    ],
    "demonym": "Maldivan",
    "landlocked": false,
    "languages": {
        "div": "Maldivian"
    },
    "latlng": [
        3.25,
        73
    ],
    "name": {
        "common": "Maldives",
        "native": {
            "div": {
                "common": "\u078b\u07a8\u0788\u07ac\u0780\u07a8\u0783\u07a7\u0787\u07b0\u0796\u07ad\u078e\u07ac",
                "official": "\u078b\u07a8\u0788\u07ac\u0780\u07a8\u0783\u07a7\u0787\u07b0\u0796\u07ad\u078e\u07ac \u0796\u07aa\u0789\u07b0\u0780\u07ab\u0783\u07a8\u0787\u07b0\u0794\u07a7"
            }
        },
        "official": "Republic of the Maldives"
    },
    "region": "Asia",
    "subregion": "Southern Asia",
    "tld": [
        ".mv"
    ],
    "translations": {
        "deu": {
            "common": "Malediven",
            "official": "Republik Malediven"
        },
        "fin": {
            "common": "Malediivit",
            "official": "Malediivien tasavalta"
        },
        "fra": {
            "common": "Maldives",
            "official": "R\u00e9publique des Maldives"
        },
        "hrv": {
            "common": "Maldivi",
            "official": "Republika Maldivi"
        },
        "ita": {
            "common": "Maldive",
            "official": "Repubblica delle Maldive"
        },
        "jpn": {
            "common": "\u30e2\u30eb\u30c7\u30a3\u30d6",
            "official": "\u30e2\u30eb\u30c7\u30a3\u30d6\u5171\u548c\u56fd"
        },
        "nld": {
            "common": "Maldiven",
            "official": "Republiek van de Malediven"
        },
        "por": {
            "common": "Maldivas",
            "official": "Rep\u00fablica das Maldivas"
        },
        "rus": {
            "common": "\u041c\u0430\u043b\u044c\u0434\u0438\u0432\u044b",
            "official": "\u0420\u0435\u0441\u043f\u0443\u0431\u043b\u0438\u043a\u0430 \u041c\u0430\u043b\u044c\u0434\u0438\u0432\u044b"
        },
        "spa": {
            "common": "Maldivas",
            "official": "Rep\u00fablica de las Maldivas"
        }
    },
    "coordinate": {
        "latitude": 3.25,
        "longitude": 73
    }
}