{
    "_id": "MEX",
    "altSpellings": [
        "MX",
        "Mexicanos",
        "United Mexican States",
        "Estados Unidos Mexicanos"
    ],
    "area": 1964375.0,
    "borders": [
        "BLZ",
        "GTM",
        "USA"
    ],
    "callingCode": [
        "52"
    ],
    "capital": "Mexico City",
    "cca2": "MX",
    "cca3": "MEX",
    "ccn3": "484",
    "cioc": "MEX",
    "currency": [
        "MXN"
    ],
    "demonym": "Mexican",
    "landlocked": false,
    "languages": {
        "spa": "Spanish"
    },
    "latlng": [
        23,
        -102
    ],
    "name": {
        "common": "Mexico",
        "native": {
            "spa": {
                "common": "M\u00e9xico",
                "official": "Estados Unidos Mexicanos"
            }
        },
        "official": "United Mexican States"
    },
    "region": "Americas",
    "subregion": "Central America",
    "tld": [
        ".mx"
    ],
    "translations": {
        "deu": {
            "common": "Mexiko",
            "official": "Vereinigten Mexikanischen Staaten"
        },
        "fin": {
            "common": "Meksiko",
            "official": "Meksikon yhdysvallat"
        },
        "fra": {
            "common": "Mexique",
            "official": "\u00c9tats-Unis mexicains"
        },
        "hrv": {
            "common": "Meksiko",
            "official": "Sjedinjene Meksi\u010dke Dr\u017eave"
        },
        "ita": {
            "common": "Messico",
            "official": "Stati Uniti del Messico"
        },
        "jpn": {
            "common": "\u30e1\u30ad\u30b7\u30b3",
            "official": "\u30e1\u30ad\u30b7\u30b3\u5408\u8846\u56fd"
        },
        "nld": {
            "common": "Mexico",
            "official": "Verenigde Mexicaanse Staten"
        },
        "por": {
            "common": "M\u00e9xico",
            "official": "Estados Unidos Mexicanos"
        },
        "rus": {
            "common": "\u041c\u0435\u043a\u0441\u0438\u043a\u0430",
            "official": "\u041c\u0435\u043a\u0441\u0438\u043a\u0430\u043d\u0441\u043a\u0438\u0445 \u0421\u043e\u0435\u0434\u0438\u043d\u0435\u043d\u043d\u044b\u0445 \u0428\u0442\u0430\u0442\u043e\u0432"
        },
        "spa": {
            "common": "M\u00e9xico",
            "official": "Estados Unidos Mexicanos"
        }
    },
    "coordinate": {
        "latitude": 23,
        "longitude": -102
    }
}