{
    "_id": "MHL",
    "altSpellings": [
        "MH",
        "Republic of the Marshall Islands",
        "Aolep\u0101n Aor\u014dkin M\u0327aje\u013c"
    ],
    "area": 181,
    "borders": [],
    "callingCode": [
        "692"
    ],
    "capital": "Majuro",
    "cca2": "MH",
    "cca3": "MHL",
    "ccn3": "584",
    "cioc": "MHL",
    "currency": [
        "USD"
    ],
    "demonym": "Marshallese",
    "landlocked": false,
    "languages": {
        "eng": "English",
        "mah": "Marshallese"
    },
    "latlng": [
        9,
        168
    ],
    "name": {
        "common": "Marshall Islands",
        "native": {
            "eng": {
                "common": "Marshall Islands",
                "official": "Republic of the Marshall Islands"
            },
            "mah": {
                "common": "M\u0327aje\u013c",
                "official": "Republic of the Marshall Islands"
            }
        },
        "official": "Republic of the Marshall Islands"
    },
    "region": "Oceania",
    "subregion": "Micronesia",
    "tld": [
        ".mh"
    ],
    "translations": {
        "deu": {
            "common": "Marshallinseln",
            "official": "Republik der Marshall-Inseln"
        },
        "fin": {
            "common": "Marshallinsaaret",
            "official": "Marshallinsaarten tasavalta"
        },
        "fra": {
            "common": "\u00celes Marshall",
            "official": "R\u00e9publique des \u00celes Marshall"
        },
        "hrv": {
            "common": "Mar\u0161alovi Otoci",
            "official": "Republika Mar\u0161alovi Otoci"
        },
        "ita": {
            "common": "Isole Marshall",
            "official": "Repubblica delle Isole Marshall"
        },
        "jpn": {
            "common": "\u30de\u30fc\u30b7\u30e3\u30eb\u8af8\u5cf6",
            "official": "\u30de\u30fc\u30b7\u30e3\u30eb\u8af8\u5cf6\u5171\u548c\u56fd"
        },
        "nld": {
            "common": "Marshalleilanden",
            "official": "Republiek van de Marshall-eilanden"
        },
        "por": {
            "common": "Ilhas Marshall",
            "official": "Rep\u00fablica das Ilhas Marshall"
        },
        "rus": {
            "common": "\u041c\u0430\u0440\u0448\u0430\u043b\u043b\u043e\u0432\u044b \u041e\u0441\u0442\u0440\u043e\u0432\u0430",
            "official": "\u0420\u0435\u0441\u043f\u0443\u0431\u043b\u0438\u043a\u0430 \u041c\u0430\u0440\u0448\u0430\u043b\u043b\u043e\u0432\u044b \u043e\u0441\u0442\u0440\u043e\u0432\u0430"
        },
        "spa": {
            "common": "Islas Marshall",
            "official": "Rep\u00fablica de las Islas Marshall"
        }
    },
    "coordinate": {
        "latitude": 9,
        "longitude": 168
    }
}