{
    "_id": "MKD",
    "altSpellings": [
        "MK",
        "Macedonia, the Former Yugoslav Republic of",
        "Republic of Macedonia",
        "\u0420\u0435\u043f\u0443\u0431\u043b\u0438\u043a\u0430 \u041c\u0430\u043a\u0435\u0434\u043e\u043d\u0438\u0458\u0430"
    ],
    "area": 25713,
    "borders": [
        "ALB",
        "BGR",
        "GRC",
        "KOS",
        "SRB"
    ],
    "callingCode": [
        "389"
    ],
    "capital": "Skopje",
    "cca2": "MK",
    "cca3": "MKD",
    "ccn3": "807",
    "cioc": "MKD",
    "currency": [
        "MKD"
    ],
    "demonym": "Macedonian",
    "landlocked": true,
    "languages": {
        "mkd": "Macedonian"
    },
    "latlng": [
        41.83333333,
        22
    ],
    "name": {
        "common": "Macedonia",
        "native": {
            "mkd": {
                "common": "\u041c\u0430\u043a\u0435\u0434\u043e\u043d\u0438\u0458\u0430",
                "official": "\u0420\u0435\u043f\u0443\u0431\u043b\u0438\u043a\u0430 \u041c\u0430\u043a\u0435\u0434\u043e\u043d\u0438\u0458\u0430"
            }
        },
        "official": "Republic of Macedonia"
    },
    "region": "Europe",
    "subregion": "Southern Europe",
    "tld": [
        ".mk"
    ],
    "translations": {
        "deu": {
            "common": "Mazedonien",
            "official": "Republik Mazedonien"
        },
        "fin": {
            "common": "Makedonia",
            "official": "Makedonian tasavalta"
        },
        "fra": {
            "common": "Mac\u00e9doine",
            "official": "R\u00e9publique de Mac\u00e9doine"
        },
        "hrv": {
            "common": "Makedonija",
            "official": "Republika Makedonija"
        },
        "ita": {
            "common": "Macedonia",
            "official": "Repubblica di Macedonia"
        },
        "jpn": {
            "common": "\u30de\u30b1\u30c9\u30cb\u30a2\u65e7\u30e6\u30fc\u30b4\u30b9\u30e9\u30d3\u30a2\u5171\u548c\u56fd",
            "official": "\u30de\u30b1\u30c9\u30cb\u30a2\u5171\u548c\u56fd"
        },
        "nld": {
            "common": "Macedoni\u00eb",
            "official": "Republic of Macedonia"
        },
        "por": {
            "common": "Maced\u00f3nia",
            "official": "Rep\u00fablica da Maced\u00f3nia"
        },
        "rus": {
            "common": "\u0420\u0435\u0441\u043f\u0443\u0431\u043b\u0438\u043a\u0430 \u041c\u0430\u043a\u0435\u0434\u043e\u043d\u0438\u044f",
            "official": "\u0420\u0435\u0441\u043f\u0443\u0431\u043b\u0438\u043a\u0430 \u041c\u0430\u043a\u0435\u0434\u043e\u043d\u0438\u044f"
        },
        "spa": {
            "common": "Macedonia",
            "official": "Rep\u00fablica de Macedonia"
        }
    },
    "coordinate": {
        "latitude": 41.83333333,
        "longitude": 22
    }
}