{
    "_id": "MLI",
    "altSpellings": [
        "ML",
        "Republic of Mali",
        "R\u00e9publique du Mali"
    ],
    "area": 1240192.0,
    "borders": [
        "DZA",
        "BFA",
        "GIN",
        "CIV",
        "MRT",
        "NER",
        "SEN"
    ],
    "callingCode": [
        "223"
    ],
    "capital": "Bamako",
    "cca2": "ML",
    "cca3": "MLI",
    "ccn3": "466",
    "cioc": "MLI",
    "currency": [
        "XOF"
    ],
    "demonym": "Malian",
    "landlocked": true,
    "languages": {
        "fra": "French"
    },
    "latlng": [
        17,
        -4
    ],
    "name": {
        "common": "Mali",
        "native": {
            "fra": {
                "common": "Mali",
                "official": "R\u00e9publique du Mali"
            }
        },
        "official": "Republic of Mali"
    },
    "region": "Africa",
    "subregion": "Western Africa",
    "tld": [
        ".ml"
    ],
    "translations": {
        "deu": {
            "common": "Mali",
            "official": "Republik Mali"
        },
        "fin": {
            "common": "Mali",
            "official": "Malin tasavalta"
        },
        "fra": {
            "common": "Mali",
            "official": "R\u00e9publique du Mali"
        },
        "hrv": {
            "common": "Mali",
            "official": "Republika Mali"
        },
        "ita": {
            "common": "Mali",
            "official": "Repubblica del Mali"
        },
        "jpn": {
            "common": "\u30de\u30ea",
            "official": "\u30de\u30ea\u5171\u548c\u56fd"
        },
        "nld": {
            "common": "Mali",
            "official": "Republiek Mali"
        },
        "por": {
            "common": "Mali",
            "official": "Rep\u00fablica do Mali"
        },
        "rus": {
            "common": "\u041c\u0430\u043b\u0438",
            "official": "\u0420\u0435\u0441\u043f\u0443\u0431\u043b\u0438\u043a\u0430 \u041c\u0430\u043b\u0438"
        },
        "spa": {
            "common": "Mali",
            "official": "Rep\u00fablica de Mal\u00ed"
        }
    },
    "coordinate": {
        "latitude": 17,
        "longitude": -4
    }
}