{
    "_id": "MLT",
    "altSpellings": [
        "MT",
        "Republic of Malta",
        "Repubblika ta' Malta"
    ],
    "area": 316,
    "borders": [],
    "callingCode": [
        "356"
    ],
    "capital": "Valletta",
    "cca2": "MT",
    "cca3": "MLT",
    "ccn3": "470",
    "cioc": "MLT",
    "currency": [
        "EUR"
    ],
    "demonym": "Maltese",
    "landlocked": false,
    "languages": {
        "eng": "English",
        "mlt": "Maltese"
    },
    "latlng": [
        35.83333333,
        14.58333333
    ],
    "name": {
        "common": "Malta",
        "native": {
            "eng": {
                "common": "Malta",
                "official": "Republic of Malta"
            },
            "mlt": {
                "common": "Malta",
                "official": "Repubblika ta ' Malta"
            }
        },
        "official": "Republic of Malta"
    },
    "region": "Europe",
    "subregion": "Southern Europe",
    "tld": [
        ".mt"
    ],
    "translations": {
        "deu": {
            "common": "Malta",
            "official": "Republik Malta"
        },
        "fin": {
            "common": "Malta",
            "official": "Maltan tasavalta"
        },
        "fra": {
            "common": "Malte",
            "official": "R\u00e9publique de Malte"
        },
        "hrv": {
            "common": "Malta",
            "official": "Republika Malta"
        },
        "ita": {
            "common": "Malta",
            "official": "Repubblica di Malta"
        },
        "jpn": {
            "common": "\u30de\u30eb\u30bf",
            "official": "\u30de\u30eb\u30bf\u5171\u548c\u56fd"
        },
        "nld": {
            "common": "Malta",
            "official": "Republiek Malta"
        },
        "por": {
            "common": "Malta",
            "official": "Rep\u00fablica de Malta"
        },
        "rus": {
            "common": "\u041c\u0430\u043b\u044c\u0442\u0430",
            "official": "\u0420\u0435\u0441\u043f\u0443\u0431\u043b\u0438\u043a\u0430 \u041c\u0430\u043b\u044c\u0442\u0430"
        },
        "spa": {
            "common": "Malta",
            "official": "Rep\u00fablica de Malta"
        }
    },
    "coordinate": {
        "latitude": 35.83333333,
        "longitude": 14.58333333
    }
}