{
    "_id": "MMR",
    "altSpellings": [
        "MM",
        "Burma",
        "Republic of the Union of Myanmar",
        "Pyidaunzu Thanm\u0103da My\u0103ma Nainngandaw"
    ],
    "area": 676578,
    "borders": [
        "BGD",
        "CHN",
        "IND",
        "LAO",
        "THA"
    ],
    "callingCode": [
        "95"
    ],
    "capital": "Naypyidaw",
    "cca2": "MM",
    "cca3": "MMR",
    "ccn3": "104",
    "cioc": "MYA",
    "currency": [
        "MMK"
    ],
    "demonym": "Bamar",
    "landlocked": false,
    "languages": {
        "mya": "Burmese"
    },
    "latlng": [
        22,
        98
    ],
    "name": {
        "common": "Myanmar",
        "native": {
            "mya": {
                "common": "\u1019\u103c\u1014\u103a\u1019\u102c",
                "official": "\u1015\u103c\u100a\u103a\u1011\u1031\u102c\u1004\u103a\u1005\u102f \u101e\u1019\u1039\u1019\u1010 \u1019\u103c\u1014\u103a\u1019\u102c\u1014\u102d\u102f\u1004\u103a\u1004\u1036\u1010\u1031\u102c\u103a"
            }
        },
        "official": "Republic of the Union of Myanmar"
    },
    "region": "Asia",
    "subregion": "South-Eastern Asia",
    "tld": [
        ".mm"
    ],
    "translations": {
        "deu": {
            "common": "Myanmar",
            "official": "Republik der Union von Myanmar"
        },
        "fin": {
            "common": "Myanmar",
            "official": "Myanmarin liiton tasavalta"
        },
        "fra": {
            "common": "Myanmar",
            "official": "R\u00e9publique de l'Union du Myanmar"
        },
        "hrv": {
            "common": "Mijanmar",
            "official": "Republika Unije Mijanmar"
        },
        "ita": {
            "common": "Birmania",
            "official": "Repubblica dell'Unione di Myanmar"
        },
        "jpn": {
            "common": "\u30df\u30e3\u30f3\u30de\u30fc",
            "official": "\u30df\u30e3\u30f3\u30de\u30fc\u9023\u90a6\u5171\u548c\u56fd"
        },
        "nld": {
            "common": "Myanmar",
            "official": "Republiek van de Unie van Myanmar"
        },
        "por": {
            "common": "Myanmar",
            "official": "Rep\u00fablica da Uni\u00e3o de Myanmar"
        },
        "rus": {
            "common": "\u041c\u044c\u044f\u043d\u043c\u0430",
            "official": "\u0420\u0435\u0441\u043f\u0443\u0431\u043b\u0438\u043a\u0430 \u0421\u043e\u044e\u0437\u0430 \u041c\u044c\u044f\u043d\u043c\u0430"
        },
        "spa": {
            "common": "Myanmar",
            "official": "Rep\u00fablica de la Uni\u00f3n de Myanmar"
        }
    },
    "coordinate": {
        "latitude": 22,
        "longitude": 98
    }
}