{
    "_id": "MNE",
    "altSpellings": [
        "ME",
        "Crna Gora"
    ],
    "area": 13812,
    "borders": [
        "ALB",
        "BIH",
        "HRV",
        "KOS",
        "SRB"
    ],
    "callingCode": [
        "382"
    ],
    "capital": "Podgorica",
    "cca2": "ME",
    "cca3": "MNE",
    "ccn3": "499",
    "cioc": "MNE",
    "currency": [
        "EUR"
    ],
    "demonym": "Montenegrin",
    "landlocked": false,
    "languages": {
        "srp": "Montenegrin"
    },
    "latlng": [
        42.5,
        19.3
    ],
    "name": {
        "common": "Montenegro",
        "native": {
            "srp": {
                "common": "\u0426\u0440\u043d\u0430 \u0413\u043e\u0440\u0430",
                "official": "\u0426\u0440\u043d\u0430 \u0413\u043e\u0440\u0430"
            }
        },
        "official": "Montenegro"
    },
    "region": "Europe",
    "subregion": "Southern Europe",
    "tld": [
        ".me"
    ],
    "translations": {
        "deu": {
            "common": "Montenegro",
            "official": "Montenegro"
        },
        "fin": {
            "common": "Montenegro",
            "official": "Montenegro"
        },
        "fra": {
            "common": "Mont\u00e9n\u00e9gro",
            "official": "Mont\u00e9n\u00e9gro"
        },
        "hrv": {
            "common": "Crna Gora",
            "official": "Crna Gora"
        },
        "ita": {
            "common": "Montenegro",
            "official": "Montenegro"
        },
        "jpn": {
            "common": "\u30e2\u30f3\u30c6\u30cd\u30b0\u30ed",
            "official": "\u30e2\u30f3\u30c6\u30cd\u30b0\u30ed"
        },
        "nld": {
            "common": "Montenegro",
            "official": "Montenegro"
        },
        "por": {
            "common": "Montenegro",
            "official": "Montenegro"
        },
        "rus": {
            "common": "\u0427\u0435\u0440\u043d\u043e\u0433\u043e\u0440\u0438\u044f",
            "official": "\u0427\u0435\u0440\u043d\u043e\u0433\u043e\u0440\u0438\u044f"
        },
        "spa": {
            "common": "Montenegro",
            "official": "Montenegro"
        }
    },
    "coordinate": {
        "latitude": 42.5,
        "longitude": 19.3
    }
}