{
    "_id": "MNG",
    "altSpellings": [
        "MN"
    ],
    "area": 1564110.0,
    "borders": [
        "CHN",
        "RUS"
    ],
    "callingCode": [
        "976"
    ],
    "capital": "Ulan Bator",
    "cca2": "MN",
    "cca3": "MNG",
    "ccn3": "496",
    "cioc": "MGL",
    "currency": [
        "MNT"
    ],
    "demonym": "Mongolian",
    "landlocked": true,
    "languages": {
        "mon": "Mongolian"
    },
    "latlng": [
        46,
        105
    ],
    "name": {
        "common": "Mongolia",
        "native": {
            "mon": {
                "common": "\u041c\u043e\u043d\u0433\u043e\u043b \u0443\u043b\u0441",
                "official": "\u041c\u043e\u043d\u0433\u043e\u043b \u0443\u043b\u0441"
            }
        },
        "official": "Mongolia"
    },
    "region": "Asia",
    "subregion": "Eastern Asia",
    "tld": [
        ".mn"
    ],
    "translations": {
        "deu": {
            "common": "Mongolei",
            "official": "Mongolei"
        },
        "fin": {
            "common": "Mongolia",
            "official": "Mongolian tasavalta"
        },
        "fra": {
            "common": "Mongolie",
            "official": "Mongolie"
        },
        "hrv": {
            "common": "Mongolija",
            "official": "Mongolija"
        },
        "ita": {
            "common": "Mongolia",
            "official": "Mongolia"
        },
        "jpn": {
            "common": "\u30e2\u30f3\u30b4\u30eb",
            "official": "\u30e2\u30f3\u30b4\u30eb"
        },
        "nld": {
            "common": "Mongoli\u00eb",
            "official": "Mongoli\u00eb"
        },
        "por": {
            "common": "Mong\u00f3lia",
            "official": "Mong\u00f3lia"
        },
        "rus": {
            "common": "\u041c\u043e\u043d\u0433\u043e\u043b\u0438\u044f",
            "official": "\u041c\u043e\u043d\u0433\u043e\u043b\u0438\u044f"
        },
        "spa": {
            "common": "Mongolia",
            "official": "Mongolia"
        }
    },
    "coordinate": {
        "latitude": 46,
        "longitude": 105
    }
}