{
    "_id": "MNP",
    "altSpellings": [
        "MP",
        "Commonwealth of the Northern Mariana Islands",
        "Sankattan Siha Na Islas Mari\u00e5nas"
    ],
    "area": 464,
    "borders": [],
    "callingCode": [
        "1670"
    ],
    "capital": "Saipan",
    "cca2": "MP",
    "cca3": "MNP",
    "ccn3": "580",
    "cioc": "",
    "currency": [
        "USD"
    ],
    "demonym": "American",
    "landlocked": false,
    "languages": {
        "cal": "Carolinian",
        "cha": "Chamorro",
        "eng": "English"
    },
    "latlng": [
        15.2,
        145.75
    ],
    "name": {
        "common": "Northern Mariana Islands",
        "native": {
            "cal": {
                "common": "Northern Mariana Islands",
                "official": "Commonwealth of the Northern Mariana Islands"
            },
            "cha": {
                "common": "Na Islas Mari\u00e5nas",
                "official": "Sankattan Siha Na Islas Mari\u00e5nas"
            },
            "eng": {
                "common": "Northern Mariana Islands",
                "official": "Commonwealth of the Northern Mariana Islands"
            }
        },
        "official": "Commonwealth of the Northern Mariana Islands"
    },
    "region": "Oceania",
    "subregion": "Micronesia",
    "tld": [
        ".mp"
    ],
    "translations": {
        "deu": {
            "common": "N\u00f6rdliche Marianen",
            "official": "Commonwealth der N\u00f6rdlichen Marianen"
        },
        "fin": {
            "common": "Pohjois-Mariaanit",
            "official": "Pohjois-Mariaanit"
        },
        "fra": {
            "common": "\u00celes Mariannes du Nord",
            "official": "Commonwealth des \u00eeles Mariannes du Nord"
        },
        "hrv": {
            "common": "Sjevernomarijanski otoci",
            "official": "Zajednica je Sjeverni Marijanski otoci"
        },
        "ita": {
            "common": "Isole Marianne Settentrionali",
            "official": "Commonwealth delle Isole Marianne Settentrionali"
        },
        "jpn": {
            "common": "\u5317\u30de\u30ea\u30a2\u30ca\u8af8\u5cf6",
            "official": "\u5317\u30de\u30ea\u30a2\u30ca\u8af8\u5cf6"
        },
        "nld": {
            "common": "Noordelijke Marianeneilanden",
            "official": "Commonwealth van de Noordelijke Marianen"
        },
        "por": {
            "common": "Marianas Setentrionais",
            "official": "Comunidade das Ilhas Marianas do Norte"
        },
        "rus": {
            "common": "\u0421\u0435\u0432\u0435\u0440\u043d\u044b\u0435 \u041c\u0430\u0440\u0438\u0430\u043d\u0441\u043a\u0438\u0435 \u043e\u0441\u0442\u0440\u043e\u0432\u0430",
            "official": "\u0421\u043e\u0434\u0440\u0443\u0436\u0435\u0441\u0442\u0432\u043e \u0421\u0435\u0432\u0435\u0440\u043d\u044b\u0445 \u041c\u0430\u0440\u0438\u0430\u043d\u0441\u043a\u0438\u0445 \u043e\u0441\u0442\u0440\u043e\u0432\u043e\u0432"
        },
        "spa": {
            "common": "Islas Marianas del Norte",
            "official": "Mancomunidad de las Islas Marianas del Norte"
        }
    },
    "coordinate": {
        "latitude": 15.2,
        "longitude": 145.75
    }
}