{
    "_id": "MOZ",
    "altSpellings": [
        "MZ",
        "Republic of Mozambique",
        "Rep\u00fablica de Mo\u00e7ambique"
    ],
    "area": 801590,
    "borders": [
        "MWI",
        "ZAF",
        "SWZ",
        "TZA",
        "ZMB",
        "ZWE"
    ],
    "callingCode": [
        "258"
    ],
    "capital": "Maputo",
    "cca2": "MZ",
    "cca3": "MOZ",
    "ccn3": "508",
    "cioc": "MOZ",
    "currency": [
        "MZN"
    ],
    "demonym": "Mozambican",
    "landlocked": false,
    "languages": {
        "por": "Portuguese"
    },
    "latlng": [
        -18.25,
        35
    ],
    "name": {
        "common": "Mozambique",
        "native": {
            "por": {
                "common": "Mo\u00e7ambique",
                "official": "Rep\u00fablica de Mo\u00e7ambique"
            }
        },
        "official": "Republic of Mozambique"
    },
    "region": "Africa",
    "subregion": "Eastern Africa",
    "tld": [
        ".mz"
    ],
    "translations": {
        "deu": {
            "common": "Mosambik",
            "official": "Republik Mosambik"
        },
        "fin": {
            "common": "Mosambik",
            "official": "Mosambikin tasavalta"
        },
        "fra": {
            "common": "Mozambique",
            "official": "R\u00e9publique du Mozambique"
        },
        "hrv": {
            "common": "Mozambik",
            "official": "Republika Mozambiku"
        },
        "ita": {
            "common": "Mozambico",
            "official": "Repubblica del Mozambico"
        },
        "jpn": {
            "common": "\u30e2\u30b6\u30f3\u30d3\u30fc\u30af",
            "official": "\u30e2\u30b6\u30f3\u30d3\u30fc\u30af\u5171\u548c\u56fd"
        },
        "nld": {
            "common": "Mozambique",
            "official": "Republiek Mozambique"
        },
        "por": {
            "common": "Mo\u00e7ambique",
            "official": "Rep\u00fablica de Mo\u00e7ambique"
        },
        "rus": {
            "common": "\u041c\u043e\u0437\u0430\u043c\u0431\u0438\u043a",
            "official": "\u0420\u0435\u0441\u043f\u0443\u0431\u043b\u0438\u043a\u0430 \u041c\u043e\u0437\u0430\u043c\u0431\u0438\u043a"
        },
        "spa": {
            "common": "Mozambique",
            "official": "Rep\u00fablica de Mozambique"
        }
    },
    "coordinate": {
        "latitude": -18.25,
        "longitude": 35
    }
}