{
    "_id": "MRT",
    "altSpellings": [
        "MR",
        "Islamic Republic of Mauritania",
        "al-Jumh\u016briyyah al-\u02beIsl\u0101miyyah al-M\u016br\u012bt\u0101niyyah"
    ],
    "area": 1030700.0,
    "borders": [
        "DZA",
        "MLI",
        "SEN",
        "ESH"
    ],
    "callingCode": [
        "222"
    ],
    "capital": "Nouakchott",
    "cca2": "MR",
    "cca3": "MRT",
    "ccn3": "478",
    "cioc": "MTN",
    "currency": [
        "MRO"
    ],
    "demonym": "Mauritanian",
    "landlocked": false,
    "languages": {
        "ara": "Arabic"
    },
    "latlng": [
        20,
        -12
    ],
    "name": {
        "common": "Mauritania",
        "native": {
            "ara": {
                "common": "\u0645\u0648\u0631\u064a\u062a\u0627\u0646\u064a\u0627",
                "official": "\u0627\u0644\u062c\u0645\u0647\u0648\u0631\u064a\u0629 \u0627\u0644\u0625\u0633\u0644\u0627\u0645\u064a\u0629 \u0627\u0644\u0645\u0648\u0631\u064a\u062a\u0627\u0646\u064a\u0629"
            }
        },
        "official": "Islamic Republic of Mauritania"
    },
    "region": "Africa",
    "subregion": "Western Africa",
    "tld": [
        ".mr"
    ],
    "translations": {
        "deu": {
            "common": "Mauretanien",
            "official": "Islamischen Republik Mauretanien"
        },
        "fin": {
            "common": "Mauritania",
            "official": "Mauritanian islamilainen tasavalta"
        },
        "fra": {
            "common": "Mauritanie",
            "official": "R\u00e9publique islamique de Mauritanie"
        },
        "hrv": {
            "common": "Mauritanija",
            "official": "Islamska Republika Mauritanija"
        },
        "ita": {
            "common": "Mauritania",
            "official": "Repubblica islamica di Mauritania"
        },
        "jpn": {
            "common": "\u30e2\u30fc\u30ea\u30bf\u30cb\u30a2",
            "official": "\u30e2\u30fc\u30ea\u30bf\u30cb\u30a2\u00b7\u30a4\u30b9\u30e9\u30e0\u5171\u548c\u56fd"
        },
        "nld": {
            "common": "Mauritani\u00eb",
            "official": "Islamitische Republiek Mauritani\u00eb"
        },
        "por": {
            "common": "Maurit\u00e2nia",
            "official": "Rep\u00fablica Isl\u00e2mica da Maurit\u00e2nia"
        },
        "rus": {
            "common": "\u041c\u0430\u0432\u0440\u0438\u0442\u0430\u043d\u0438\u044f",
            "official": "\u0418\u0441\u043b\u0430\u043c\u0441\u043a\u0430\u044f \u0420\u0435\u0441\u043f\u0443\u0431\u043b\u0438\u043a\u0430 \u041c\u0430\u0432\u0440\u0438\u0442\u0430\u043d\u0438\u044f"
        },
        "spa": {
            "common": "Mauritania",
            "official": "Rep\u00fablica Isl\u00e1mica de Mauritania"
        }
    },
    "coordinate": {
        "latitude": 20,
        "longitude": -12
    }
}