{
    "_id": "MSR",
    "altSpellings": [
        "MS"
    ],
    "area": 102,
    "borders": [],
    "callingCode": [
        "1664"
    ],
    "capital": "Plymouth",
    "cca2": "MS",
    "cca3": "MSR",
    "ccn3": "500",
    "cioc": "",
    "currency": [
        "XCD"
    ],
    "demonym": "Montserratian",
    "landlocked": false,
    "languages": {
        "eng": "English"
    },
    "latlng": [
        16.75,
        -62.2
    ],
    "name": {
        "common": "Montserrat",
        "native": {
            "eng": {
                "common": "Montserrat",
                "official": "Montserrat"
            }
        },
        "official": "Montserrat"
    },
    "region": "Americas",
    "subregion": "Caribbean",
    "tld": [
        ".ms"
    ],
    "translations": {
        "deu": {
            "common": "Montserrat",
            "official": "Montserrat"
        },
        "fin": {
            "common": "Montserrat",
            "official": "Montserrat"
        },
        "fra": {
            "common": "Montserrat",
            "official": "Montserrat"
        },
        "hrv": {
            "common": "Montserrat",
            "official": "Montserrat"
        },
        "ita": {
            "common": "Montserrat",
            "official": "Montserrat"
        },
        "jpn": {
            "common": "\u30e2\u30f3\u30c8\u30bb\u30e9\u30c8",
            "official": "\u30e2\u30f3\u30c8\u30bb\u30e9\u30c8"
        },
        "nld": {
            "common": "Montserrat",
            "official": "Montserrat"
        },
        "por": {
            "common": "Montserrat",
            "official": "Montserrat"
        },
        "rus": {
            "common": "\u041c\u043e\u043d\u0442\u0441\u0435\u0440\u0440\u0430\u0442",
            "official": "\u041c\u043e\u043d\u0442\u0441\u0435\u0440\u0440\u0430\u0442"
        },
        "spa": {
            "common": "Montserrat",
            "official": "Montserrat"
        }
    },
    "coordinate": {
        "latitude": 16.75,
        "longitude": -62.2
    }
}