{
    "_id": "MTQ",
    "altSpellings": [
        "MQ"
    ],
    "area": 1128,
    "borders": [],
    "callingCode": [
        "596"
    ],
    "capital": "Fort-de-France",
    "cca2": "MQ",
    "cca3": "MTQ",
    "ccn3": "474",
    "cioc": "",
    "currency": [
        "EUR"
    ],
    "demonym": "French",
    "landlocked": false,
    "languages": {
        "fra": "French"
    },
    "latlng": [
        14.666667,
        -61
    ],
    "name": {
        "common": "Martinique",
        "native": {
            "fra": {
                "common": "Martinique",
                "official": "Martinique"
            }
        },
        "official": "Martinique"
    },
    "region": "Americas",
    "subregion": "Caribbean",
    "tld": [
        ".mq"
    ],
    "translations": {
        "deu": {
            "common": "Martinique",
            "official": "Martinique"
        },
        "fin": {
            "common": "Martinique",
            "official": "Martinique"
        },
        "fra": {
            "common": "Martinique",
            "official": "Martinique"
        },
        "hrv": {
            "common": "Martinique",
            "official": "Martinique"
        },
        "ita": {
            "common": "Martinica",
            "official": "Martinique"
        },
        "jpn": {
            "common": "\u30de\u30eb\u30c6\u30a3\u30cb\u30fc\u30af",
            "official": "\u30de\u30eb\u30c6\u30a3\u30cb\u30fc\u30af\u5cf6"
        },
        "nld": {
            "common": "Martinique",
            "official": "Martinique"
        },
        "por": {
            "common": "Martinica",
            "official": "Martinique"
        },
        "rus": {
            "common": "\u041c\u0430\u0440\u0442\u0438\u043d\u0438\u043a\u0430",
            "official": "\u041c\u0430\u0440\u0442\u0438\u043d\u0438\u043a\u0430"
        },
        "spa": {
            "common": "Martinica",
            "official": "Martinica"
        }
    },
    "coordinate": {
        "latitude": 14.666667,
        "longitude": -61
    }
}