{
    "_id": "MUS",
    "altSpellings": [
        "MU",
        "Republic of Mauritius",
        "R\u00e9publique de Maurice"
    ],
    "area": 2040,
    "borders": [],
    "callingCode": [
        "230"
    ],
    "capital": "Port Louis",
    "cca2": "MU",
    "cca3": "MUS",
    "ccn3": "480",
    "cioc": "MRI",
    "currency": [
        "MUR"
    ],
    "demonym": "Mauritian",
    "landlocked": false,
    "languages": {
        "eng": "English",
        "fra": "French",
        "mfe": "Mauritian Creole"
    },
    "latlng": [
        -20.28333333,
        57.55
    ],
    "name": {
        "common": "Mauritius",
        "native": {
            "eng": {
                "common": "Mauritius",
                "official": "Republic of Mauritius"
            },
            "fra": {
                "common": "Maurice",
                "official": "R\u00e9publique de Maurice"
            },
            "mfe": {
                "common": "Moris",
                "official": "Republik Moris"
            }
        },
        "official": "Republic of Mauritius"
    },
    "region": "Africa",
    "subregion": "Eastern Africa",
    "tld": [
        ".mu"
    ],
    "translations": {
        "deu": {
            "common": "Mauritius",
            "official": "Republik Mauritius"
        },
        "fin": {
            "common": "Mauritius",
            "official": "Mauritiuksen tasavalta"
        },
        "fra": {
            "common": "\u00cele Maurice",
            "official": "R\u00e9publique de Maurice"
        },
        "hrv": {
            "common": "Mauricijus",
            "official": "Republika Mauricijus"
        },
        "ita": {
            "common": "Mauritius",
            "official": "Repubblica di Mauritius"
        },
        "jpn": {
            "common": "\u30e2\u30fc\u30ea\u30b7\u30e3\u30b9",
            "official": "\u30e2\u30fc\u30ea\u30b7\u30e3\u30b9\u5171\u548c\u56fd"
        },
        "nld": {
            "common": "Mauritius",
            "official": "Republiek Mauritius"
        },
        "por": {
            "common": "Maur\u00edcio",
            "official": "Rep\u00fablica das Maur\u00edcias"
        },
        "rus": {
            "common": "\u041c\u0430\u0432\u0440\u0438\u043a\u0438\u0439",
            "official": "\u0420\u0435\u0441\u043f\u0443\u0431\u043b\u0438\u043a\u0430 \u041c\u0430\u0432\u0440\u0438\u043a\u0438\u0439"
        },
        "spa": {
            "common": "Mauricio",
            "official": "Rep\u00fablica de Mauricio"
        }
    },
    "coordinate": {
        "latitude": -20.28333333,
        "longitude": 57.55
    }
}