{
    "_id": "MWI",
    "altSpellings": [
        "MW",
        "Republic of Malawi"
    ],
    "area": 118484,
    "borders": [
        "MOZ",
        "TZA",
        "ZMB"
    ],
    "callingCode": [
        "265"
    ],
    "capital": "Lilongwe",
    "cca2": "MW",
    "cca3": "MWI",
    "ccn3": "454",
    "cioc": "MAW",
    "currency": [
        "MWK"
    ],
    "demonym": "Malawian",
    "landlocked": true,
    "languages": {
        "eng": "English",
        "nya": "Chewa"
    },
    "latlng": [
        -13.5,
        34
    ],
    "name": {
        "common": "Malawi",
        "native": {
            "eng": {
                "common": "Malawi",
                "official": "Republic of Malawi"
            },
            "nya": {
                "common": "Mala\u0175i",
                "official": "Chalo cha Malawi, Dziko la Mala\u0175i"
            }
        },
        "official": "Republic of Malawi"
    },
    "region": "Africa",
    "subregion": "Eastern Africa",
    "tld": [
        ".mw"
    ],
    "translations": {
        "deu": {
            "common": "Malawi",
            "official": "Republik Malawi"
        },
        "fin": {
            "common": "Malawi",
            "official": "Malawin tasavalta"
        },
        "fra": {
            "common": "Malawi",
            "official": "R\u00e9publique du Malawi"
        },
        "hrv": {
            "common": "Malavi",
            "official": "Republika Malavi"
        },
        "ita": {
            "common": "Malawi",
            "official": "Repubblica del Malawi"
        },
        "jpn": {
            "common": "\u30de\u30e9\u30a6\u30a4",
            "official": "\u30de\u30e9\u30a6\u30a4\u5171\u548c\u56fd"
        },
        "nld": {
            "common": "Malawi",
            "official": "Republiek Malawi"
        },
        "por": {
            "common": "Malawi",
            "official": "Rep\u00fablica do Malawi"
        },
        "rus": {
            "common": "\u041c\u0430\u043b\u0430\u0432\u0438",
            "official": "\u0420\u0435\u0441\u043f\u0443\u0431\u043b\u0438\u043a\u0430 \u041c\u0430\u043b\u0430\u0432\u0438"
        },
        "spa": {
            "common": "Malawi",
            "official": "Rep\u00fablica de Malawi"
        }
    },
    "coordinate": {
        "latitude": -13.5,
        "longitude": 34
    }
}