{
    "_id": "MYS",
    "altSpellings": [
        "MY"
    ],
    "area": 330803,
    "borders": [
        "BRN",
        "IDN",
        "THA"
    ],
    "callingCode": [
        "60"
    ],
    "capital": "Kuala Lumpur",
    "cca2": "MY",
    "cca3": "MYS",
    "ccn3": "458",
    "cioc": "MAS",
    "currency": [
        "MYR"
    ],
    "demonym": "Malaysian",
    "landlocked": false,
    "languages": {
        "eng": "English",
        "msa": "Malay"
    },
    "latlng": [
        2.5,
        112.5
    ],
    "name": {
        "common": "Malaysia",
        "native": {
            "eng": {
                "common": "Malaysia",
                "official": "Malaysia"
            },
            "msa": {
                "common": "\u0645\u0644\u064a\u0633\u064a\u0627",
                "official": "\u0645\u0644\u064a\u0633\u064a\u0627"
            }
        },
        "official": "Malaysia"
    },
    "region": "Asia",
    "subregion": "South-Eastern Asia",
    "tld": [
        ".my"
    ],
    "translations": {
        "deu": {
            "common": "Malaysia",
            "official": "Malaysia"
        },
        "fin": {
            "common": "Malesia",
            "official": "Malesia"
        },
        "fra": {
            "common": "Malaisie",
            "official": "Malaisie"
        },
        "hrv": {
            "common": "Malezija",
            "official": "Malezija"
        },
        "ita": {
            "common": "Malesia",
            "official": "Malaysia"
        },
        "jpn": {
            "common": "\u30de\u30ec\u30fc\u30b7\u30a2",
            "official": "\u30de\u30ec\u30fc\u30b7\u30a2"
        },
        "nld": {
            "common": "Maleisi\u00eb",
            "official": "Maleisi\u00eb"
        },
        "por": {
            "common": "Mal\u00e1sia",
            "official": "Mal\u00e1sia"
        },
        "rus": {
            "common": "\u041c\u0430\u043b\u0430\u0439\u0437\u0438\u044f",
            "official": "\u041c\u0430\u043b\u0430\u0439\u0437\u0438\u044f"
        },
        "spa": {
            "common": "Malasia",
            "official": "Malasia"
        }
    },
    "coordinate": {
        "latitude": 2.5,
        "longitude": 112.5
    }
}