{
    "_id": "MYT",
    "altSpellings": [
        "YT",
        "Department of Mayotte",
        "D\u00e9partement de Mayotte"
    ],
    "area": 374,
    "borders": [],
    "callingCode": [
        "262"
    ],
    "capital": "Mamoudzou",
    "cca2": "YT",
    "cca3": "MYT",
    "ccn3": "175",
    "cioc": "",
    "currency": [
        "EUR"
    ],
    "demonym": "Mahoran",
    "landlocked": false,
    "languages": {
        "fra": "French"
    },
    "latlng": [
        -12.83333333,
        45.16666666
    ],
    "name": {
        "common": "Mayotte",
        "native": {
            "fra": {
                "common": "Mayotte",
                "official": "D\u00e9partement de Mayotte"
            }
        },
        "official": "Department of Mayotte"
    },
    "region": "Africa",
    "subregion": "Eastern Africa",
    "tld": [
        ".yt"
    ],
    "translations": {
        "deu": {
            "common": "Mayotte",
            "official": "Department of Mayotte"
        },
        "fin": {
            "common": "Mayotte",
            "official": "Mayotte"
        },
        "fra": {
            "common": "Mayotte",
            "official": "D\u00e9partement de Mayotte"
        },
        "hrv": {
            "common": "Mayotte",
            "official": "Odjel Mayotte"
        },
        "ita": {
            "common": "Mayotte",
            "official": "Dipartimento di Mayotte"
        },
        "jpn": {
            "common": "\u30de\u30e8\u30c3\u30c8",
            "official": "\u30de\u30e8\u30c3\u30c8\u79d1"
        },
        "nld": {
            "common": "Mayotte",
            "official": "Afdeling Mayotte"
        },
        "por": {
            "common": "Mayotte",
            "official": "Departamento de Mayotte"
        },
        "rus": {
            "common": "\u041c\u0430\u0439\u043e\u0442\u0442\u0430",
            "official": "\u0414\u0435\u043f\u0430\u0440\u0442\u0430\u043c\u0435\u043d\u0442 \u041c\u0430\u0439\u043e\u0442\u0442\u0430"
        },
        "spa": {
            "common": "Mayotte",
            "official": "Departamento de Mayotte"
        }
    },
    "coordinate": {
        "latitude": -12.83333333,
        "longitude": 45.16666666
    }
}