{
    "_id": "NAM",
    "altSpellings": [
        "NA",
        "Namibi\u00eb",
        "Republic of Namibia"
    ],
    "area": 825615,
    "borders": [
        "AGO",
        "BWA",
        "ZAF",
        "ZMB"
    ],
    "callingCode": [
        "264"
    ],
    "capital": "Windhoek",
    "cca2": "NA",
    "cca3": "NAM",
    "ccn3": "516",
    "cioc": "NAM",
    "currency": [
        "NAD",
        "ZAR"
    ],
    "demonym": "Namibian",
    "landlocked": false,
    "languages": {
        "afr": "Afrikaans",
        "deu": "German",
        "eng": "English",
        "her": "Herero",
        "hgm": "Khoekhoe",
        "kwn": "Kwangali",
        "loz": "Lozi",
        "ndo": "Ndonga",
        "tsn": "Tswana"
    },
    "latlng": [
        -22,
        17
    ],
    "name": {
        "common": "Namibia",
        "native": {
            "afr": {
                "common": "Namibi\u00eb",
                "official": "Republiek van Namibi\u00eb"
            },
            "deu": {
                "common": "Namibia",
                "official": "Republik Namibia"
            },
            "eng": {
                "common": "Namibia",
                "official": "Republic of Namibia"
            },
            "her": {
                "common": "Namibia",
                "official": "Republic of Namibia"
            },
            "hgm": {
                "common": "Namibia",
                "official": "Republic of Namibia"
            },
            "kwn": {
                "common": "Namibia",
                "official": "Republic of Namibia"
            },
            "loz": {
                "common": "Namibia",
                "official": "Republic of Namibia"
            },
            "ndo": {
                "common": "Namibia",
                "official": "Republic of Namibia"
            },
            "tsn": {
                "common": "Namibia",
                "official": "Lefatshe la Namibia"
            }
        },
        "official": "Republic of Namibia"
    },
    "region": "Africa",
    "subregion": "Southern Africa",
    "tld": [
        ".na"
    ],
    "translations": {
        "deu": {
            "common": "Namibia",
            "official": "Republik Namibia"
        },
        "fin": {
            "common": "Namibia",
            "official": "Namibian tasavalta"
        },
        "fra": {
            "common": "Namibie",
            "official": "R\u00e9publique de Namibie"
        },
        "hrv": {
            "common": "Namibija",
            "official": "Republika Namibija"
        },
        "ita": {
            "common": "Namibia",
            "official": "Repubblica di Namibia"
        },
        "jpn": {
            "common": "\u30ca\u30df\u30d3\u30a2",
            "official": "\u30ca\u30df\u30d3\u30a2\u5171\u548c\u56fd"
        },
        "nld": {
            "common": "Namibi\u00eb",
            "official": "Republiek Namibi\u00eb"
        },
        "por": {
            "common": "Nam\u00edbia",
            "official": "Rep\u00fablica da Nam\u00edbia"
        },
        "rus": {
            "common": "\u041d\u0430\u043c\u0438\u0431\u0438\u044f",
            "official": "\u0420\u0435\u0441\u043f\u0443\u0431\u043b\u0438\u043a\u0430 \u041d\u0430\u043c\u0438\u0431\u0438\u044f"
        },
        "spa": {
            "common": "Namibia",
            "official": "Rep\u00fablica de Namibia"
        }
    },
    "coordinate": {
        "latitude": -22,
        "longitude": 17
    }
}