{
    "_id": "NCL",
    "altSpellings": [
        "NC"
    ],
    "area": 18575,
    "borders": [],
    "callingCode": [
        "687"
    ],
    "capital": "Noum\u00e9a",
    "cca2": "NC",
    "cca3": "NCL",
    "ccn3": "540",
    "cioc": "",
    "currency": [
        "XPF"
    ],
    "demonym": "New Caledonian",
    "landlocked": false,
    "languages": {
        "fra": "French"
    },
    "latlng": [
        -21.5,
        165.5
    ],
    "name": {
        "common": "New Caledonia",
        "native": {
            "fra": {
                "common": "Nouvelle-Cal\u00e9donie",
                "official": "Nouvelle-Cal\u00e9donie"
            }
        },
        "official": "New Caledonia"
    },
    "region": "Oceania",
    "subregion": "Melanesia",
    "tld": [
        ".nc"
    ],
    "translations": {
        "deu": {
            "common": "Neukaledonien",
            "official": "Neukaledonien"
        },
        "fin": {
            "common": "Uusi-Kaledonia",
            "official": "Uusi-Kaledonia"
        },
        "fra": {
            "common": "Nouvelle-Cal\u00e9donie",
            "official": "Nouvelle-Cal\u00e9donie"
        },
        "hrv": {
            "common": "Nova Kaledonija",
            "official": "Nova Kaledonija"
        },
        "ita": {
            "common": "Nuova Caledonia",
            "official": "Nuova Caledonia"
        },
        "jpn": {
            "common": "\u30cb\u30e5\u30fc\u30ab\u30ec\u30c9\u30cb\u30a2",
            "official": "\u30cb\u30e5\u30fc\u30ab\u30ec\u30c9\u30cb\u30a2"
        },
        "nld": {
            "common": "Nieuw-Caledoni\u00eb",
            "official": "nieuw -Caledoni\u00eb"
        },
        "por": {
            "common": "Nova Caled\u00f3nia",
            "official": "New Caledonia"
        },
        "rus": {
            "common": "\u041d\u043e\u0432\u0430\u044f \u041a\u0430\u043b\u0435\u0434\u043e\u043d\u0438\u044f",
            "official": "\u041d\u043e\u0432\u0430\u044f \u041a\u0430\u043b\u0435\u0434\u043e\u043d\u0438\u044f"
        },
        "spa": {
            "common": "Nueva Caledonia",
            "official": "nueva Caledonia"
        }
    },
    "coordinate": {
        "latitude": -21.5,
        "longitude": 165.5
    }
}