{
    "_id": "NER",
    "altSpellings": [
        "NE",
        "Nijar"
    ],
    "area": 1267000.0,
    "borders": [
        "DZA",
        "BEN",
        "BFA",
        "TCD",
        "LBY",
        "MLI",
        "NGA"
    ],
    "callingCode": [
        "227"
    ],
    "capital": "Niamey",
    "cca2": "NE",
    "cca3": "NER",
    "ccn3": "562",
    "cioc": "NIG",
    "currency": [
        "XOF"
    ],
    "demonym": "Nigerien",
    "landlocked": true,
    "languages": {
        "fra": "French"
    },
    "latlng": [
        16,
        8
    ],
    "name": {
        "common": "Niger",
        "native": {
            "fra": {
                "common": "Niger",
                "official": "R\u00e9publique du Niger"
            }
        },
        "official": "Republic of Niger"
    },
    "region": "Africa",
    "subregion": "Western Africa",
    "tld": [
        ".ne"
    ],
    "translations": {
        "deu": {
            "common": "Niger",
            "official": "Republik Niger"
        },
        "fin": {
            "common": "Niger",
            "official": "Nigerin tasavalta"
        },
        "fra": {
            "common": "Niger",
            "official": "R\u00e9publique du Niger"
        },
        "hrv": {
            "common": "Niger",
            "official": "Republika Niger"
        },
        "ita": {
            "common": "Niger",
            "official": "Repubblica del Niger"
        },
        "jpn": {
            "common": "\u30cb\u30b8\u30a7\u30fc\u30eb",
            "official": "\u30cb\u30b8\u30a7\u30fc\u30eb\u5171\u548c\u56fd"
        },
        "nld": {
            "common": "Niger",
            "official": "Republiek Niger"
        },
        "por": {
            "common": "N\u00edger",
            "official": "Rep\u00fablica do N\u00edger"
        },
        "rus": {
            "common": "\u041d\u0438\u0433\u0435\u0440",
            "official": "\u0420\u0435\u0441\u043f\u0443\u0431\u043b\u0438\u043a\u0430 \u041d\u0438\u0433\u0435\u0440"
        },
        "spa": {
            "common": "N\u00edger",
            "official": "Rep\u00fablica de N\u00edger"
        }
    },
    "coordinate": {
        "latitude": 16,
        "longitude": 8
    }
}