{
    "_id": "NFK",
    "altSpellings": [
        "NF",
        "Territory of Norfolk Island",
        "Teratri of Norf'k Ailen"
    ],
    "area": 36,
    "borders": [],
    "callingCode": [
        "672"
    ],
    "capital": "Kingston",
    "cca2": "NF",
    "cca3": "NFK",
    "ccn3": "574",
    "cioc": "",
    "currency": [
        "AUD"
    ],
    "demonym": "Norfolk Islander",
    "landlocked": false,
    "languages": {
        "eng": "English",
        "pih": "Norfuk"
    },
    "latlng": [
        -29.03333333,
        167.95
    ],
    "name": {
        "common": "Norfolk Island",
        "native": {
            "eng": {
                "common": "Norfolk Island",
                "official": "Territory of Norfolk Island"
            },
            "pih": {
                "common": "Norf'k Ailen",
                "official": "Teratri of Norf'k Ailen"
            }
        },
        "official": "Territory of Norfolk Island"
    },
    "region": "Oceania",
    "subregion": "Australia and New Zealand",
    "tld": [
        ".nf"
    ],
    "translations": {
        "deu": {
            "common": "Norfolkinsel",
            "official": "Gebiet der Norfolk-Insel"
        },
        "fin": {
            "common": "Norfolkinsaari",
            "official": "Norfolkinsaaren territorio"
        },
        "fra": {
            "common": "\u00cele de Norfolk",
            "official": "Territoire de l'\u00eele Norfolk"
        },
        "hrv": {
            "common": "Otok Norfolk",
            "official": "Teritorij Norfolk Island"
        },
        "ita": {
            "common": "Isola Norfolk",
            "official": "Territorio di Norfolk Island"
        },
        "jpn": {
            "common": "\u30ce\u30fc\u30d5\u30a9\u30fc\u30af\u5cf6",
            "official": "\u30ce\u30fc\u30d5\u30a9\u30fc\u30af\u5cf6\u306e\u9818\u571f"
        },
        "nld": {
            "common": "Norfolkeiland",
            "official": "Grondgebied van Norfolk Island"
        },
        "por": {
            "common": "Ilha Norfolk",
            "official": "Territ\u00f3rio da Ilha Norfolk"
        },
        "rus": {
            "common": "\u041d\u043e\u0440\u0444\u043e\u043b\u043a",
            "official": "\u0422\u0435\u0440\u0440\u0438\u0442\u043e\u0440\u0438\u044f \u043e\u0441\u0442\u0440\u043e\u0432\u0430 \u041d\u043e\u0440\u0444\u043e\u043b\u043a"
        },
        "spa": {
            "common": "Isla de Norfolk",
            "official": "Territorio de la Isla Norfolk"
        }
    },
    "coordinate": {
        "latitude": -29.03333333,
        "longitude": 167.95
    }
}