{
    "_id": "NGA",
    "altSpellings": [
        "NG",
        "Nijeriya",
        "Na\u00edj\u00edr\u00ed\u00e0",
        "Federal Republic of Nigeria"
    ],
    "area": 923768,
    "borders": [
        "BEN",
        "CMR",
        "TCD",
        "NER"
    ],
    "callingCode": [
        "234"
    ],
    "capital": "Abuja",
    "cca2": "NG",
    "cca3": "NGA",
    "ccn3": "566",
    "cioc": "NGR",
    "currency": [
        "NGN"
    ],
    "demonym": "Nigerian",
    "landlocked": false,
    "languages": {
        "eng": "English"
    },
    "latlng": [
        10,
        8
    ],
    "name": {
        "common": "Nigeria",
        "native": {
            "eng": {
                "common": "Nigeria",
                "official": "Federal Republic of Nigeria"
            }
        },
        "official": "Federal Republic of Nigeria"
    },
    "region": "Africa",
    "subregion": "Western Africa",
    "tld": [
        ".ng"
    ],
    "translations": {
        "deu": {
            "common": "Nigeria",
            "official": "Bundesrepublik Nigeria"
        },
        "fin": {
            "common": "Nigeria",
            "official": "Nigerian liittotasavalta"
        },
        "fra": {
            "common": "Nig\u00e9ria",
            "official": "R\u00e9publique f\u00e9d\u00e9rale du Nigeria"
        },
        "hrv": {
            "common": "Nigerija",
            "official": "Savezna Republika Nigerija"
        },
        "ita": {
            "common": "Nigeria",
            "official": "Repubblica federale di Nigeria"
        },
        "jpn": {
            "common": "\u30ca\u30a4\u30b8\u30a7\u30ea\u30a2",
            "official": "\u30ca\u30a4\u30b8\u30a7\u30ea\u30a2\u9023\u90a6\u5171\u548c\u56fd"
        },
        "nld": {
            "common": "Nigeria",
            "official": "Federale Republiek Nigeria"
        },
        "por": {
            "common": "Nig\u00e9ria",
            "official": "Rep\u00fablica Federal da Nig\u00e9ria"
        },
        "rus": {
            "common": "\u041d\u0438\u0433\u0435\u0440\u0438\u044f",
            "official": "\u0424\u0435\u0434\u0435\u0440\u0430\u0442\u0438\u0432\u043d\u0430\u044f \u0420\u0435\u0441\u043f\u0443\u0431\u043b\u0438\u043a\u0430 \u041d\u0438\u0433\u0435\u0440\u0438\u044f"
        },
        "spa": {
            "common": "Nigeria",
            "official": "Rep\u00fablica Federal de Nigeria"
        }
    },
    "coordinate": {
        "latitude": 10,
        "longitude": 8
    }
}