{
    "_id": "NIC",
    "altSpellings": [
        "NI",
        "Republic of Nicaragua",
        "Rep\u00fablica de Nicaragua"
    ],
    "area": 130373,
    "borders": [
        "CRI",
        "HND"
    ],
    "callingCode": [
        "505"
    ],
    "capital": "Managua",
    "cca2": "NI",
    "cca3": "NIC",
    "ccn3": "558",
    "cioc": "NCA",
    "currency": [
        "NIO"
    ],
    "demonym": "Nicaraguan",
    "landlocked": false,
    "languages": {
        "spa": "Spanish"
    },
    "latlng": [
        13,
        -85
    ],
    "name": {
        "common": "Nicaragua",
        "native": {
            "spa": {
                "common": "Nicaragua",
                "official": "Rep\u00fablica de Nicaragua"
            }
        },
        "official": "Republic of Nicaragua"
    },
    "region": "Americas",
    "subregion": "Central America",
    "tld": [
        ".ni"
    ],
    "translations": {
        "deu": {
            "common": "Nicaragua",
            "official": "Republik Nicaragua"
        },
        "fin": {
            "common": "Nicaragua",
            "official": "Nicaraguan tasavalta"
        },
        "fra": {
            "common": "Nicaragua",
            "official": "R\u00e9publique du Nicaragua"
        },
        "hrv": {
            "common": "Nikaragva",
            "official": "Republika Nikaragva"
        },
        "ita": {
            "common": "Nicaragua",
            "official": "Repubblica del Nicaragua"
        },
        "jpn": {
            "common": "\u30cb\u30ab\u30e9\u30b0\u30a2",
            "official": "\u30cb\u30ab\u30e9\u30b0\u30a2\u5171\u548c\u56fd"
        },
        "nld": {
            "common": "Nicaragua",
            "official": "Republiek Nicaragua"
        },
        "por": {
            "common": "Nicar\u00e1gua",
            "official": "Rep\u00fablica da Nicar\u00e1gua"
        },
        "rus": {
            "common": "\u041d\u0438\u043a\u0430\u0440\u0430\u0433\u0443\u0430",
            "official": "\u0420\u0435\u0441\u043f\u0443\u0431\u043b\u0438\u043a\u0430 \u041d\u0438\u043a\u0430\u0440\u0430\u0433\u0443\u0430"
        },
        "spa": {
            "common": "Nicaragua",
            "official": "Rep\u00fablica de Nicaragua"
        }
    },
    "coordinate": {
        "latitude": 13,
        "longitude": -85
    }
}