{
    "_id": "NIU",
    "altSpellings": [
        "NU"
    ],
    "area": 260,
    "borders": [],
    "callingCode": [
        "683"
    ],
    "capital": "Alofi",
    "cca2": "NU",
    "cca3": "NIU",
    "ccn3": "570",
    "cioc": "",
    "currency": [
        "NZD"
    ],
    "demonym": "Niuean",
    "landlocked": false,
    "languages": {
        "eng": "English",
        "niu": "Niuean"
    },
    "latlng": [
        -19.03333333,
        -169.86666666
    ],
    "name": {
        "common": "Niue",
        "native": {
            "eng": {
                "common": "Niue",
                "official": "Niue"
            },
            "niu": {
                "common": "Niu\u0113",
                "official": "Niu\u0113"
            }
        },
        "official": "Niue"
    },
    "region": "Oceania",
    "subregion": "Polynesia",
    "tld": [
        ".nu"
    ],
    "translations": {
        "deu": {
            "common": "Niue",
            "official": "Niue"
        },
        "fin": {
            "common": "Niue",
            "official": "Niue"
        },
        "fra": {
            "common": "Niue",
            "official": "Niue"
        },
        "hrv": {
            "common": "Niue",
            "official": "Niue"
        },
        "ita": {
            "common": "Niue",
            "official": "Niue"
        },
        "jpn": {
            "common": "\u30cb\u30a6\u30a8",
            "official": "\u30cb\u30a6\u30a8"
        },
        "nld": {
            "common": "Niue",
            "official": "Niue"
        },
        "por": {
            "common": "Niue",
            "official": "Niue"
        },
        "rus": {
            "common": "\u041d\u0438\u0443\u044d",
            "official": "\u041d\u0438\u0443\u044d"
        },
        "spa": {
            "common": "Niue",
            "official": "Niue"
        }
    },
    "coordinate": {
        "latitude": -19.03333333,
        "longitude": -169.86666666
    }
}