{
    "_id": "NLD",
    "altSpellings": [
        "NL",
        "Holland",
        "Nederland"
    ],
    "area": 41850,
    "borders": [
        "BEL",
        "DEU"
    ],
    "callingCode": [
        "31"
    ],
    "capital": "Amsterdam",
    "cca2": "NL",
    "cca3": "NLD",
    "ccn3": "528",
    "cioc": "NED",
    "currency": [
        "EUR"
    ],
    "demonym": "Dutch",
    "landlocked": false,
    "languages": {
        "nld": "Dutch"
    },
    "latlng": [
        52.5,
        5.75
    ],
    "name": {
        "common": "Netherlands",
        "native": {
            "nld": {
                "common": "Nederland",
                "official": "Nederland"
            }
        },
        "official": "Netherlands"
    },
    "region": "Europe",
    "subregion": "Western Europe",
    "tld": [
        ".nl"
    ],
    "translations": {
        "deu": {
            "common": "Niederlande",
            "official": "Niederlande"
        },
        "fin": {
            "common": "Alankomaat",
            "official": "Alankomaat"
        },
        "fra": {
            "common": "Pays-Bas",
            "official": "Pays-Bas"
        },
        "hrv": {
            "common": "Nizozemska",
            "official": "Holandija"
        },
        "ita": {
            "common": "Paesi Bassi",
            "official": "Paesi Bassi"
        },
        "jpn": {
            "common": "\u30aa\u30e9\u30f3\u30c0",
            "official": "\u30aa\u30e9\u30f3\u30c0"
        },
        "nld": {
            "common": "Nederland",
            "official": "Nederland"
        },
        "por": {
            "common": "Holanda",
            "official": "Holanda"
        },
        "rus": {
            "common": "\u041d\u0438\u0434\u0435\u0440\u043b\u0430\u043d\u0434\u044b",
            "official": "\u041d\u0438\u0434\u0435\u0440\u043b\u0430\u043d\u0434\u044b"
        },
        "spa": {
            "common": "Pa\u00edses Bajos",
            "official": "Pa\u00edses Bajos"
        }
    },
    "coordinate": {
        "latitude": 52.5,
        "longitude": 5.75
    }
}