{
    "_id": "NOR",
    "altSpellings": [
        "NO",
        "Norge",
        "Noreg",
        "Kingdom of Norway",
        "Kongeriket Norge",
        "Kongeriket Noreg"
    ],
    "area": 323802,
    "borders": [
        "FIN",
        "SWE",
        "RUS"
    ],
    "callingCode": [
        "47"
    ],
    "capital": "Oslo",
    "cca2": "NO",
    "cca3": "NOR",
    "ccn3": "578",
    "cioc": "NOR",
    "currency": [
        "NOK"
    ],
    "demonym": "Norwegian",
    "landlocked": false,
    "languages": {
        "nno": "Norwegian Nynorsk",
        "nob": "Norwegian Bokm\u00e5l",
        "smi": "Sami"
    },
    "latlng": [
        62,
        10
    ],
    "name": {
        "common": "Norway",
        "native": {
            "nno": {
                "common": "Noreg",
                "official": "Kongeriket Noreg"
            },
            "nob": {
                "common": "Norge",
                "official": "Kongeriket Norge"
            },
            "smi": {
                "common": "Norgga",
                "official": "Norgga gonagasriika"
            }
        },
        "official": "Kingdom of Norway"
    },
    "region": "Europe",
    "subregion": "Northern Europe",
    "tld": [
        ".no"
    ],
    "translations": {
        "deu": {
            "common": "Norwegen",
            "official": "K\u00f6nigreich Norwegen"
        },
        "fin": {
            "common": "Norja",
            "official": "Norjan kuningaskunta"
        },
        "fra": {
            "common": "Norv\u00e8ge",
            "official": "Royaume de Norv\u00e8ge"
        },
        "hrv": {
            "common": "Norve\u0161ka",
            "official": "Kraljevina Norve\u0161ka"
        },
        "ita": {
            "common": "Norvegia",
            "official": "Regno di Norvegia"
        },
        "jpn": {
            "common": "\u30ce\u30eb\u30a6\u30a7\u30fc",
            "official": "\u30ce\u30eb\u30a6\u30a7\u30fc\u738b\u56fd"
        },
        "nld": {
            "common": "Noorwegen",
            "official": "Koninkrijk Noorwegen"
        },
        "por": {
            "common": "Noruega",
            "official": "Reino da Noruega"
        },
        "rus": {
            "common": "\u041d\u043e\u0440\u0432\u0435\u0433\u0438\u044f",
            "official": "\u041a\u043e\u0440\u043e\u043b\u0435\u0432\u0441\u0442\u0432\u043e \u041d\u043e\u0440\u0432\u0435\u0433\u0438\u044f"
        },
        "spa": {
            "common": "Noruega",
            "official": "Reino de Noruega"
        }
    },
    "coordinate": {
        "latitude": 62,
        "longitude": 10
    }
}