{
    "_id": "NPL",
    "altSpellings": [
        "NP",
        "Federal Democratic Republic of Nepal",
        "Lokt\u0101ntrik Ganatantra Nep\u0101l"
    ],
    "area": 147181,
    "borders": [
        "CHN",
        "IND"
    ],
    "callingCode": [
        "977"
    ],
    "capital": "Kathmandu",
    "cca2": "NP",
    "cca3": "NPL",
    "ccn3": "524",
    "cioc": "NEP",
    "currency": [
        "NPR"
    ],
    "demonym": "Nepalese",
    "landlocked": true,
    "languages": {
        "nep": "Nepali"
    },
    "latlng": [
        28,
        84
    ],
    "name": {
        "common": "Nepal",
        "native": {
            "nep": {
                "common": "\u0928\u092a\u0932",
                "official": "\u0928\u0947\u092a\u093e\u0932 \u0938\u0902\u0918\u0940\u092f \u0932\u094b\u0915\u0924\u093e\u0928\u094d\u0924\u094d\u0930\u093f\u0915 \u0917\u0923\u0924\u0928\u094d\u0924\u094d\u0930"
            }
        },
        "official": "Federal Democratic Republic of Nepal"
    },
    "region": "Asia",
    "subregion": "Southern Asia",
    "tld": [
        ".np"
    ],
    "translations": {
        "deu": {
            "common": "N\u00e9pal",
            "official": "Demokratischen Bundesrepublik Nepal"
        },
        "fin": {
            "common": "Nepal",
            "official": "Nepalin demokraattinen liittotasavalta"
        },
        "fra": {
            "common": "N\u00e9pal",
            "official": "R\u00e9publique d\u00e9mocratique f\u00e9d\u00e9rale du N\u00e9pal"
        },
        "hrv": {
            "common": "Nepal",
            "official": "Savezna Demokratska Republika Nepal"
        },
        "ita": {
            "common": "Nepal",
            "official": "Repubblica federale democratica del Nepal"
        },
        "jpn": {
            "common": "\u30cd\u30d1\u30fc\u30eb",
            "official": "\u30cd\u30d1\u30fc\u30eb\u9023\u90a6\u6c11\u4e3b\u5171\u548c\u56fd"
        },
        "nld": {
            "common": "Nepal",
            "official": "Federale Democratische Republiek Nepal"
        },
        "por": {
            "common": "Nepal",
            "official": "Rep\u00fablica Democr\u00e1tica Federal do Nepal"
        },
        "rus": {
            "common": "\u041d\u0435\u043f\u0430\u043b",
            "official": "\u0424\u0435\u0434\u0435\u0440\u0430\u0442\u0438\u0432\u043d\u0430\u044f \u0414\u0435\u043c\u043e\u043a\u0440\u0430\u0442\u0438\u0447\u0435\u0441\u043a\u0430\u044f \u0420\u0435\u0441\u043f\u0443\u0431\u043b\u0438\u043a\u0430 \u041d\u0435\u043f\u0430\u043b"
        },
        "spa": {
            "common": "Nepal",
            "official": "Rep\u00fablica Democr\u00e1tica Federal de Nepal"
        }
    },
    "coordinate": {
        "latitude": 28,
        "longitude": 84
    }
}