{
    "_id": "NRU",
    "altSpellings": [
        "NR",
        "Naoero",
        "Pleasant Island",
        "Republic of Nauru",
        "Ripublik Naoero"
    ],
    "area": 21,
    "borders": [],
    "callingCode": [
        "674"
    ],
    "capital": "Yaren",
    "cca2": "NR",
    "cca3": "NRU",
    "ccn3": "520",
    "cioc": "NRU",
    "currency": [
        "AUD"
    ],
    "demonym": "Nauruan",
    "landlocked": false,
    "languages": {
        "eng": "English",
        "nau": "Nauru"
    },
    "latlng": [
        -0.53333333,
        166.91666666
    ],
    "name": {
        "common": "Nauru",
        "native": {
            "eng": {
                "common": "Nauru",
                "official": "Republic of Nauru"
            },
            "nau": {
                "common": "Nauru",
                "official": "Republic of Nauru"
            }
        },
        "official": "Republic of Nauru"
    },
    "region": "Oceania",
    "subregion": "Micronesia",
    "tld": [
        ".nr"
    ],
    "translations": {
        "deu": {
            "common": "Nauru",
            "official": "Republik Nauru"
        },
        "fin": {
            "common": "Nauru",
            "official": "Naurun tasavalta"
        },
        "fra": {
            "common": "Nauru",
            "official": "R\u00e9publique de Nauru"
        },
        "hrv": {
            "common": "Nauru",
            "official": "Republika Nauru"
        },
        "ita": {
            "common": "Nauru",
            "official": "Repubblica di Nauru"
        },
        "jpn": {
            "common": "\u30ca\u30a6\u30eb",
            "official": "\u30ca\u30a6\u30eb\u5171\u548c\u56fd"
        },
        "nld": {
            "common": "Nauru",
            "official": "Republiek Nauru"
        },
        "por": {
            "common": "Nauru",
            "official": "Rep\u00fablica de Nauru"
        },
        "rus": {
            "common": "\u041d\u0430\u0443\u0440\u0443",
            "official": "\u0420\u0435\u0441\u043f\u0443\u0431\u043b\u0438\u043a\u0430 \u041d\u0430\u0443\u0440\u0443"
        },
        "spa": {
            "common": "Nauru",
            "official": "Rep\u00fablica de Nauru"
        }
    },
    "coordinate": {
        "latitude": -0.53333333,
        "longitude": 166.91666666
    }
}