{
    "_id": "NZL",
    "altSpellings": [
        "NZ",
        "Aotearoa"
    ],
    "area": 270467,
    "borders": [],
    "callingCode": [
        "64"
    ],
    "capital": "Wellington",
    "cca2": "NZ",
    "cca3": "NZL",
    "ccn3": "554",
    "cioc": "NZL",
    "currency": [
        "NZD"
    ],
    "demonym": "New Zealander",
    "landlocked": false,
    "languages": {
        "eng": "English",
        "mri": "M\u0101ori",
        "nzs": "New Zealand Sign Language"
    },
    "latlng": [
        -41,
        174
    ],
    "name": {
        "common": "New Zealand",
        "native": {
            "eng": {
                "common": "New Zealand",
                "official": "New Zealand"
            },
            "mri": {
                "common": "Aotearoa",
                "official": "Aotearoa"
            },
            "nzs": {
                "common": "New Zealand",
                "official": "New Zealand"
            }
        },
        "official": "New Zealand"
    },
    "region": "Oceania",
    "subregion": "Australia and New Zealand",
    "tld": [
        ".nz"
    ],
    "translations": {
        "deu": {
            "common": "Neuseeland",
            "official": "Neuseeland"
        },
        "fin": {
            "common": "Uusi-Seelanti",
            "official": "Uusi-Seelanti"
        },
        "fra": {
            "common": "Nouvelle-Z\u00e9lande",
            "official": "Nouvelle-Z\u00e9lande"
        },
        "hrv": {
            "common": "Novi Zeland",
            "official": "Novi Zeland"
        },
        "ita": {
            "common": "Nuova Zelanda",
            "official": "Nuova Zelanda"
        },
        "jpn": {
            "common": "\u30cb\u30e5\u30fc\u30b8\u30fc\u30e9\u30f3\u30c9",
            "official": "\u30cb\u30e5\u30fc\u30b8\u30fc\u30e9\u30f3\u30c9"
        },
        "nld": {
            "common": "Nieuw-Zeeland",
            "official": "Nieuw Zeeland"
        },
        "por": {
            "common": "Nova Zel\u00e2ndia",
            "official": "nova Zel\u00e2ndia"
        },
        "rus": {
            "common": "\u041d\u043e\u0432\u0430\u044f \u0417\u0435\u043b\u0430\u043d\u0434\u0438\u044f",
            "official": "\u041d\u043e\u0432\u0430\u044f \u0417\u0435\u043b\u0430\u043d\u0434\u0438\u044f"
        },
        "spa": {
            "common": "Nueva Zelanda",
            "official": "nueva Zelanda"
        }
    },
    "coordinate": {
        "latitude": -41,
        "longitude": 174
    }
}