{
    "_id": "OMN",
    "altSpellings": [
        "OM",
        "Sultanate of Oman",
        "Sal\u1e6danat \u02bbUm\u0101n"
    ],
    "area": 309500,
    "borders": [
        "SAU",
        "ARE",
        "YEM"
    ],
    "callingCode": [
        "968"
    ],
    "capital": "Muscat",
    "cca2": "OM",
    "cca3": "OMN",
    "ccn3": "512",
    "cioc": "OMA",
    "currency": [
        "OMR"
    ],
    "demonym": "Omani",
    "landlocked": false,
    "languages": {
        "ara": "Arabic"
    },
    "latlng": [
        21,
        57
    ],
    "name": {
        "common": "Oman",
        "native": {
            "ara": {
                "common": "\u0639\u0645\u0627\u0646",
                "official": "\u0633\u0644\u0637\u0646\u0629 \u0639\u0645\u0627\u0646"
            }
        },
        "official": "Sultanate of Oman"
    },
    "region": "Asia",
    "subregion": "Western Asia",
    "tld": [
        ".om"
    ],
    "translations": {
        "deu": {
            "common": "Oman",
            "official": "Sultanat Oman"
        },
        "fin": {
            "common": "Oman",
            "official": "Omanin sulttaanikunta"
        },
        "fra": {
            "common": "Oman",
            "official": "Sultanat d'Oman"
        },
        "hrv": {
            "common": "Oman",
            "official": "Sultanat Oman"
        },
        "ita": {
            "common": "oman",
            "official": "Sultanato dell'Oman"
        },
        "jpn": {
            "common": "\u30aa\u30de\u30fc\u30f3",
            "official": "\u30aa\u30de\u30fc\u30f3\u00b7\u30b9\u30eb\u30bf\u30f3\u56fd"
        },
        "nld": {
            "common": "Oman",
            "official": "Sultanaat van Oman"
        },
        "por": {
            "common": "Om\u00e3",
            "official": "Sultanato de Om\u00e3"
        },
        "rus": {
            "common": "\u041e\u043c\u0430\u043d",
            "official": "\u0421\u0443\u043b\u0442\u0430\u043d\u0430\u0442 \u041e\u043c\u0430\u043d"
        },
        "spa": {
            "common": "Om\u00e1n",
            "official": "Sultanato de Om\u00e1n"
        }
    },
    "coordinate": {
        "latitude": 21,
        "longitude": 57
    }
}