{
    "_id": "PAK",
    "altSpellings": [
        "PK",
        "P\u0101kist\u0101n",
        "Islamic Republic of Pakistan",
        "Isl\u0101m\u012b Jumh\u016briya'eh P\u0101kist\u0101n"
    ],
    "area": 881912,
    "borders": [
        "AFG",
        "CHN",
        "IND",
        "IRN"
    ],
    "callingCode": [
        "92"
    ],
    "capital": "Islamabad",
    "cca2": "PK",
    "cca3": "PAK",
    "ccn3": "586",
    "cioc": "PAK",
    "currency": [
        "PKR"
    ],
    "demonym": "Pakistani",
    "landlocked": false,
    "languages": {
        "eng": "English",
        "urd": "Urdu"
    },
    "latlng": [
        30,
        70
    ],
    "name": {
        "common": "Pakistan",
        "native": {
            "eng": {
                "common": "Pakistan",
                "official": "Islamic Republic of Pakistan"
            },
            "urd": {
                "common": "\u067e\u0627\u0643\u0633\u062a\u0627\u0646",
                "official": "\u0627\u0633\u0644\u0627\u0645\u06cc \u062c\u0645\u06c1\u0648\u0631\u06cc\u06c2 \u067e\u0627\u0643\u0633\u062a\u0627\u0646"
            }
        },
        "official": "Islamic Republic of Pakistan"
    },
    "region": "Asia",
    "subregion": "Southern Asia",
    "tld": [
        ".pk"
    ],
    "translations": {
        "deu": {
            "common": "Pakistan",
            "official": "Islamischen Republik Pakistan"
        },
        "fin": {
            "common": "Pakistan",
            "official": "Pakistanin islamilainen tasavalta"
        },
        "fra": {
            "common": "Pakistan",
            "official": "R\u00e9publique islamique du Pakistan"
        },
        "hrv": {
            "common": "Pakistan",
            "official": "Islamska Republika Pakistan"
        },
        "ita": {
            "common": "Pakistan",
            "official": "Repubblica islamica del Pakistan"
        },
        "jpn": {
            "common": "\u30d1\u30ad\u30b9\u30bf\u30f3",
            "official": "\u30d1\u30ad\u30b9\u30bf\u30f3"
        },
        "nld": {
            "common": "Pakistan",
            "official": "Islamitische Republiek Pakistan"
        },
        "por": {
            "common": "Paquist\u00e3o",
            "official": "Rep\u00fablica Isl\u00e2mica do Paquist\u00e3o"
        },
        "rus": {
            "common": "\u041f\u0430\u043a\u0438\u0441\u0442\u0430\u043d",
            "official": "\u0418\u0441\u043b\u0430\u043c\u0441\u043a\u0430\u044f \u0420\u0435\u0441\u043f\u0443\u0431\u043b\u0438\u043a\u0430 \u041f\u0430\u043a\u0438\u0441\u0442\u0430\u043d"
        },
        "spa": {
            "common": "Pakist\u00e1n",
            "official": "Rep\u00fablica Isl\u00e1mica de Pakist\u00e1n"
        }
    },
    "coordinate": {
        "latitude": 30,
        "longitude": 70
    }
}