{
    "_id": "PAN",
    "altSpellings": [
        "PA",
        "Republic of Panama",
        "Rep\u00fablica de Panam\u00e1"
    ],
    "area": 75417,
    "borders": [
        "COL",
        "CRI"
    ],
    "callingCode": [
        "507"
    ],
    "capital": "Panama City",
    "cca2": "PA",
    "cca3": "PAN",
    "ccn3": "591",
    "cioc": "PAN",
    "currency": [
        "PAB",
        "USD"
    ],
    "demonym": "Panamanian",
    "landlocked": false,
    "languages": {
        "spa": "Spanish"
    },
    "latlng": [
        9,
        -80
    ],
    "name": {
        "common": "Panama",
        "native": {
            "spa": {
                "common": "Panam\u00e1",
                "official": "Rep\u00fablica de Panam\u00e1"
            }
        },
        "official": "Republic of Panama"
    },
    "region": "Americas",
    "subregion": "Central America",
    "tld": [
        ".pa"
    ],
    "translations": {
        "deu": {
            "common": "Panama",
            "official": "Republik Panama"
        },
        "fin": {
            "common": "Panama",
            "official": "Panaman tasavalta"
        },
        "fra": {
            "common": "Panama",
            "official": "R\u00e9publique du Panama"
        },
        "hrv": {
            "common": "Panama",
            "official": "Republika Panama"
        },
        "ita": {
            "common": "Panama",
            "official": "Repubblica di Panama"
        },
        "jpn": {
            "common": "\u30d1\u30ca\u30de",
            "official": "\u30d1\u30ca\u30de\u5171\u548c\u56fd"
        },
        "nld": {
            "common": "Panama",
            "official": "Republiek Panama"
        },
        "por": {
            "common": "Panam\u00e1",
            "official": "Rep\u00fablica do Panam\u00e1"
        },
        "rus": {
            "common": "\u041f\u0430\u043d\u0430\u043c\u0430",
            "official": "\u0420\u0435\u0441\u043f\u0443\u0431\u043b\u0438\u043a\u0430 \u041f\u0430\u043d\u0430\u043c\u0430"
        },
        "spa": {
            "common": "Panam\u00e1",
            "official": "Rep\u00fablica de Panam\u00e1"
        }
    },
    "coordinate": {
        "latitude": 9,
        "longitude": -80
    }
}