{
    "_id": "PCN",
    "altSpellings": [
        "PN",
        "Pitcairn",
        "Pitcairn Henderson Ducie and Oeno Islands"
    ],
    "area": 47,
    "borders": [],
    "callingCode": [
        "64"
    ],
    "capital": "Adamstown",
    "cca2": "PN",
    "cca3": "PCN",
    "ccn3": "612",
    "cioc": "",
    "currency": [
        "NZD"
    ],
    "demonym": "Pitcairn Islander",
    "landlocked": false,
    "languages": {
        "eng": "English"
    },
    "latlng": [
        -25.06666666,
        -130.1
    ],
    "name": {
        "common": "Pitcairn Islands",
        "native": {
            "eng": {
                "common": "Pitcairn Islands",
                "official": "Pitcairn Group of Islands"
            }
        },
        "official": "Pitcairn Group of Islands"
    },
    "region": "Oceania",
    "subregion": "Polynesia",
    "tld": [
        ".pn"
    ],
    "translations": {
        "deu": {
            "common": "Pitcairn",
            "official": "Pitcairn Inselgruppe"
        },
        "fin": {
            "common": "Pitcairn",
            "official": "Pitcairn"
        },
        "fra": {
            "common": "\u00celes Pitcairn",
            "official": "Pitcairn groupe d'\u00eeles"
        },
        "hrv": {
            "common": "Pitcairnovo oto\u010dje",
            "official": "Pitcairn skupine otoka"
        },
        "ita": {
            "common": "Isole Pitcairn",
            "official": "Pitcairn gruppo di isole"
        },
        "jpn": {
            "common": "\u30d4\u30c8\u30b1\u30a2\u30f3",
            "official": "\u5cf6\u306e\u30d4\u30c8\u30b1\u30a2\u30f3\u30b0\u30eb\u30fc\u30d7"
        },
        "nld": {
            "common": "Pitcairneilanden",
            "official": "Pitcairn groep eilanden"
        },
        "por": {
            "common": "Ilhas Pitcairn",
            "official": "Pitcairn grupo de ilhas"
        },
        "rus": {
            "common": "\u041e\u0441\u0442\u0440\u043e\u0432\u0430 \u041f\u0438\u0442\u043a\u044d\u0440\u043d",
            "official": "\u041f\u0438\u0442\u043a\u044d\u0440\u043d \u0433\u0440\u0443\u043f\u043f\u0430 \u043e\u0441\u0442\u0440\u043e\u0432\u043e\u0432"
        },
        "spa": {
            "common": "Islas Pitcairn",
            "official": "Grupo de Islas Pitcairn"
        }
    },
    "coordinate": {
        "latitude": -25.06666666,
        "longitude": -130.1
    }
}