{
    "_id": "PER",
    "altSpellings": [
        "PE",
        "Republic of Peru",
        "Rep\u00fablica del Per\u00fa"
    ],
    "area": 1285216.0,
    "borders": [
        "BOL",
        "BRA",
        "CHL",
        "COL",
        "ECU"
    ],
    "callingCode": [
        "51"
    ],
    "capital": "Lima",
    "cca2": "PE",
    "cca3": "PER",
    "ccn3": "604",
    "cioc": "PER",
    "currency": [
        "PEN"
    ],
    "demonym": "Peruvian",
    "landlocked": false,
    "languages": {
        "aym": "Aymara",
        "que": "Quechua",
        "spa": "Spanish"
    },
    "latlng": [
        -10,
        -76
    ],
    "name": {
        "common": "Peru",
        "native": {
            "aym": {
                "common": "Piruw",
                "official": "Piruw Suyu"
            },
            "que": {
                "common": "Piruw",
                "official": "Piruw Ripuwlika"
            },
            "spa": {
                "common": "Per\u00fa",
                "official": "Rep\u00fablica del Per\u00fa"
            }
        },
        "official": "Republic of Peru"
    },
    "region": "Americas",
    "subregion": "South America",
    "tld": [
        ".pe"
    ],
    "translations": {
        "deu": {
            "common": "Peru",
            "official": "Republik Peru"
        },
        "fin": {
            "common": "Peru",
            "official": "Perun tasavalta"
        },
        "fra": {
            "common": "P\u00e9rou",
            "official": "R\u00e9publique du P\u00e9rou"
        },
        "hrv": {
            "common": "Peru",
            "official": "Republika Peru"
        },
        "ita": {
            "common": "Per\u00f9",
            "official": "Repubblica del Per\u00f9"
        },
        "jpn": {
            "common": "\u30da\u30eb\u30fc",
            "official": "\u30da\u30eb\u30fc\u5171\u548c\u56fd"
        },
        "nld": {
            "common": "Peru",
            "official": "Republiek Peru"
        },
        "por": {
            "common": "Per\u00fa",
            "official": "Rep\u00fablica do Peru"
        },
        "rus": {
            "common": "\u041f\u0435\u0440\u0443",
            "official": "\u0420\u0435\u0441\u043f\u0443\u0431\u043b\u0438\u043a\u0430 \u041f\u0435\u0440\u0443"
        },
        "spa": {
            "common": "Per\u00fa",
            "official": "Rep\u00fablica de Per\u00fa"
        }
    },
    "coordinate": {
        "latitude": -10,
        "longitude": -76
    }
}