{
    "_id": "PHL",
    "altSpellings": [
        "PH",
        "Republic of the Philippines",
        "Rep\u00fablika ng Pilipinas"
    ],
    "area": 342353,
    "borders": [],
    "callingCode": [
        "63"
    ],
    "capital": "Manila",
    "cca2": "PH",
    "cca3": "PHL",
    "ccn3": "608",
    "cioc": "PHI",
    "currency": [
        "PHP"
    ],
    "demonym": "Filipino",
    "landlocked": false,
    "languages": {
        "eng": "English",
        "fil": "Filipino"
    },
    "latlng": [
        13,
        122
    ],
    "name": {
        "common": "Philippines",
        "native": {
            "eng": {
                "common": "Philippines",
                "official": "Republic of the Philippines"
            },
            "fil": {
                "common": "Pilipinas",
                "official": "Republic of the Philippines"
            }
        },
        "official": "Republic of the Philippines"
    },
    "region": "Asia",
    "subregion": "South-Eastern Asia",
    "tld": [
        ".ph"
    ],
    "translations": {
        "deu": {
            "common": "Philippinen",
            "official": "Republik der Philippinen"
        },
        "fin": {
            "common": "Filippiinit",
            "official": "Filippiinien tasavalta"
        },
        "fra": {
            "common": "Philippines",
            "official": "R\u00e9publique des Philippines"
        },
        "hrv": {
            "common": "Filipini",
            "official": "Republika Filipini"
        },
        "ita": {
            "common": "Filippine",
            "official": "Repubblica delle Filippine"
        },
        "jpn": {
            "common": "\u30d5\u30a3\u30ea\u30d4\u30f3",
            "official": "\u30d5\u30a3\u30ea\u30d4\u30f3\u5171\u548c\u56fd"
        },
        "nld": {
            "common": "Filipijnen",
            "official": "Republiek der Filipijnen"
        },
        "por": {
            "common": "Filipinas",
            "official": "Rep\u00fablica das Filipinas"
        },
        "rus": {
            "common": "\u0424\u0438\u043b\u0438\u043f\u043f\u0438\u043d\u044b",
            "official": "\u0420\u0435\u0441\u043f\u0443\u0431\u043b\u0438\u043a\u0430 \u0424\u0438\u043b\u0438\u043f\u043f\u0438\u043d\u044b"
        },
        "spa": {
            "common": "Filipinas",
            "official": "Rep\u00fablica de las Filipinas"
        }
    },
    "coordinate": {
        "latitude": 13,
        "longitude": 122
    }
}