{
    "_id": "PLW",
    "altSpellings": [
        "PW",
        "Republic of Palau",
        "Beluu er a Belau"
    ],
    "area": 459,
    "borders": [],
    "callingCode": [
        "680"
    ],
    "capital": "Ngerulmud",
    "cca2": "PW",
    "cca3": "PLW",
    "ccn3": "585",
    "cioc": "PLW",
    "currency": [
        "USD"
    ],
    "demonym": "Palauan",
    "landlocked": false,
    "languages": {
        "eng": "English",
        "pau": "Palauan"
    },
    "latlng": [
        7.5,
        134.5
    ],
    "name": {
        "common": "Palau",
        "native": {
            "eng": {
                "common": "Palau",
                "official": "Republic of Palau"
            },
            "pau": {
                "common": "Belau",
                "official": "Beluu er a Belau"
            }
        },
        "official": "Republic of Palau"
    },
    "region": "Oceania",
    "subregion": "Micronesia",
    "tld": [
        ".pw"
    ],
    "translations": {
        "deu": {
            "common": "Palau",
            "official": "Palau"
        },
        "fin": {
            "common": "Palau",
            "official": "Palaun tasavalta"
        },
        "fra": {
            "common": "Palaos",
            "official": "R\u00e9publique de Palau"
        },
        "hrv": {
            "common": "Palau",
            "official": "Republika Palau"
        },
        "ita": {
            "common": "Palau",
            "official": "Repubblica di Palau"
        },
        "jpn": {
            "common": "\u30d1\u30e9\u30aa",
            "official": "\u30d1\u30e9\u30aa\u5171\u548c\u56fd"
        },
        "nld": {
            "common": "Palau",
            "official": "Republiek van Palau"
        },
        "por": {
            "common": "Palau",
            "official": "Rep\u00fablica de Palau"
        },
        "rus": {
            "common": "\u041f\u0430\u043b\u0430\u0443",
            "official": "\u0420\u0435\u0441\u043f\u0443\u0431\u043b\u0438\u043a\u0430 \u041f\u0430\u043b\u0430\u0443"
        },
        "spa": {
            "common": "Palau",
            "official": "Rep\u00fablica de Palau"
        }
    },
    "coordinate": {
        "latitude": 7.5,
        "longitude": 134.5
    }
}