{
    "_id": "PNG",
    "altSpellings": [
        "PG",
        "Independent State of Papua New Guinea",
        "Independen Stet bilong Papua Niugini"
    ],
    "area": 462840,
    "borders": [
        "IDN"
    ],
    "callingCode": [
        "675"
    ],
    "capital": "Port Moresby",
    "cca2": "PG",
    "cca3": "PNG",
    "ccn3": "598",
    "cioc": "PNG",
    "currency": [
        "PGK"
    ],
    "demonym": "Papua New Guinean",
    "landlocked": false,
    "languages": {
        "eng": "English",
        "hmo": "Hiri Motu",
        "tpi": "Tok Pisin"
    },
    "latlng": [
        -6,
        147
    ],
    "name": {
        "common": "Papua New Guinea",
        "native": {
            "eng": {
                "common": "Papua New Guinea",
                "official": "Independent State of Papua New Guinea"
            },
            "hmo": {
                "common": "Papua Niu Gini",
                "official": "Independen Stet bilong Papua Niugini"
            },
            "tpi": {
                "common": "Papua Niugini",
                "official": "Independen Stet bilong Papua Niugini"
            }
        },
        "official": "Independent State of Papua New Guinea"
    },
    "region": "Oceania",
    "subregion": "Melanesia",
    "tld": [
        ".pg"
    ],
    "translations": {
        "deu": {
            "common": "Papua-Neuguinea",
            "official": "Unabh\u00e4ngige Staat Papua-Neuguinea"
        },
        "fin": {
            "common": "Papua-Uusi-Guinea",
            "official": "Papua-Uuden-Guinean Itsen\u00e4inen valtio"
        },
        "fra": {
            "common": "Papouasie-Nouvelle-Guin\u00e9e",
            "official": "\u00c9tat ind\u00e9pendant de Papouasie- Nouvelle-Guin\u00e9e"
        },
        "hrv": {
            "common": "Papua Nova Gvineja",
            "official": "Nezavisna Dr\u017eava Papui Novoj Gvineji"
        },
        "ita": {
            "common": "Papua Nuova Guinea",
            "official": "Stato indipendente di Papua Nuova Guinea"
        },
        "jpn": {
            "common": "\u30d1\u30d7\u30a2\u30cb\u30e5\u30fc\u30ae\u30cb\u30a2",
            "official": "\u30d1\u30d7\u30a2\u30cb\u30e5\u30fc\u30ae\u30cb\u30a2\u72ec\u7acb\u56fd"
        },
        "nld": {
            "common": "Papoea-Nieuw-Guinea",
            "official": "Onafhankelijke Staat Papoea -Nieuw-Guinea"
        },
        "por": {
            "common": "Papua Nova Guin\u00e9",
            "official": "Estado Independente da Papua Nova Guin\u00e9"
        },
        "rus": {
            "common": "\u041f\u0430\u043f\u0443\u0430 \u2014 \u041d\u043e\u0432\u0430\u044f \u0413\u0432\u0438\u043d\u0435\u044f",
            "official": "\u041d\u0435\u0437\u0430\u0432\u0438\u0441\u0438\u043c\u043e\u0435 \u0413\u043e\u0441\u0443\u0434\u0430\u0440\u0441\u0442\u0432\u043e \u041f\u0430\u043f\u0443\u0430-\u041d\u043e\u0432\u043e\u0439 \u0413\u0432\u0438\u043d\u0435\u0438"
        },
        "spa": {
            "common": "Pap\u00faa Nueva Guinea",
            "official": "Estado Independiente de Pap\u00faa Nueva Guinea"
        }
    },
    "coordinate": {
        "latitude": -6,
        "longitude": 147
    }
}