{
    "_id": "POL",
    "altSpellings": [
        "PL",
        "Republic of Poland",
        "Rzeczpospolita Polska"
    ],
    "area": 312679,
    "borders": [
        "BLR",
        "CZE",
        "DEU",
        "LTU",
        "RUS",
        "SVK",
        "UKR"
    ],
    "callingCode": [
        "48"
    ],
    "capital": "Warsaw",
    "cca2": "PL",
    "cca3": "POL",
    "ccn3": "616",
    "cioc": "POL",
    "currency": [
        "PLN"
    ],
    "demonym": "Polish",
    "landlocked": false,
    "languages": {
        "pol": "Polish"
    },
    "latlng": [
        52,
        20
    ],
    "name": {
        "common": "Poland",
        "native": {
            "pol": {
                "common": "Polska",
                "official": "Rzeczpospolita Polska"
            }
        },
        "official": "Republic of Poland"
    },
    "region": "Europe",
    "subregion": "Eastern Europe",
    "tld": [
        ".pl"
    ],
    "translations": {
        "deu": {
            "common": "Polen",
            "official": "Republik Polen"
        },
        "fin": {
            "common": "Puola",
            "official": "Puolan tasavalta"
        },
        "fra": {
            "common": "Pologne",
            "official": "R\u00e9publique de Pologne"
        },
        "hrv": {
            "common": "Poljska",
            "official": "Republika Poljska"
        },
        "ita": {
            "common": "Polonia",
            "official": "Repubblica di Polonia"
        },
        "jpn": {
            "common": "\u30dd\u30fc\u30e9\u30f3\u30c9",
            "official": "\u30dd\u30fc\u30e9\u30f3\u30c9\u5171\u548c\u56fd"
        },
        "nld": {
            "common": "Polen",
            "official": "Republiek Polen"
        },
        "por": {
            "common": "Pol\u00f3nia",
            "official": "Rep\u00fablica da Pol\u00f3nia"
        },
        "rus": {
            "common": "\u041f\u043e\u043b\u044c\u0448\u0430",
            "official": "\u0420\u0435\u0441\u043f\u0443\u0431\u043b\u0438\u043a\u0430 \u041f\u043e\u043b\u044c\u0448\u0430"
        },
        "spa": {
            "common": "Polonia",
            "official": "Rep\u00fablica de Polonia"
        }
    },
    "coordinate": {
        "latitude": 52,
        "longitude": 20
    }
}