{
    "_id": "PRI",
    "altSpellings": [
        "PR",
        "Commonwealth of Puerto Rico",
        "Estado Libre Asociado de Puerto Rico"
    ],
    "area": 8870,
    "borders": [],
    "callingCode": [
        "1787",
        "1939"
    ],
    "capital": "San Juan",
    "cca2": "PR",
    "cca3": "PRI",
    "ccn3": "630",
    "cioc": "PUR",
    "currency": [
        "USD"
    ],
    "demonym": "Puerto Rican",
    "landlocked": false,
    "languages": {
        "eng": "English",
        "spa": "Spanish"
    },
    "latlng": [
        18.25,
        -66.5
    ],
    "name": {
        "common": "Puerto Rico",
        "native": {
            "eng": {
                "common": "Puerto Rico",
                "official": "Commonwealth of Puerto Rico"
            },
            "spa": {
                "common": "Puerto Rico",
                "official": "Estado Libre Asociado de Puerto Rico"
            }
        },
        "official": "Commonwealth of Puerto Rico"
    },
    "region": "Americas",
    "subregion": "Caribbean",
    "tld": [
        ".pr"
    ],
    "translations": {
        "deu": {
            "common": "Puerto Rico",
            "official": "Commonwealth von Puerto Rico"
        },
        "fin": {
            "common": "Puerto Rico",
            "official": "Puerto Rico"
        },
        "fra": {
            "common": "Porto Rico",
            "official": "Commonwealth de Porto Rico"
        },
        "hrv": {
            "common": "Portoriko",
            "official": "Zajednica Puerto Rico"
        },
        "ita": {
            "common": "Porto Rico",
            "official": "Commonwealth di Porto Rico"
        },
        "jpn": {
            "common": "\u30d7\u30a8\u30eb\u30c8\u30ea\u30b3",
            "official": "\u30d7\u30a8\u30eb\u30c8\u30ea\u30b3\u306e\u30b3\u30e2\u30f3\u30a6\u30a7\u30eb\u30b9"
        },
        "nld": {
            "common": "Puerto Rico",
            "official": "Gemenebest van Puerto Rico"
        },
        "por": {
            "common": "Porto Rico",
            "official": "Commonwealth of Puerto Rico"
        },
        "rus": {
            "common": "\u041f\u0443\u044d\u0440\u0442\u043e-\u0420\u0438\u043a\u043e",
            "official": "\u0421\u043e\u0434\u0440\u0443\u0436\u0435\u0441\u0442\u0432\u043e \u041f\u0443\u044d\u0440\u0442\u043e- \u0420\u0438\u043a\u043e"
        },
        "spa": {
            "common": "Puerto Rico",
            "official": "Asociado de Puerto Rico"
        }
    },
    "coordinate": {
        "latitude": 18.25,
        "longitude": -66.5
    }
}