{
    "_id": "PRK",
    "altSpellings": [
        "KP",
        "Democratic People's Republic of Korea",
        "\uc870\uc120\ubbfc\uc8fc\uc8fc\uc758\uc778\ubbfc\uacf5\ud654\uad6d",
        "Chos\u014fn Minjuju\u016di Inmin Konghwaguk",
        "Korea, Democratic People's Republic of"
    ],
    "area": 120538,
    "borders": [
        "CHN",
        "KOR",
        "RUS"
    ],
    "callingCode": [
        "850"
    ],
    "capital": "Pyongyang",
    "cca2": "KP",
    "cca3": "PRK",
    "ccn3": "408",
    "cioc": "PRK",
    "currency": [
        "KPW"
    ],
    "demonym": "North Korean",
    "landlocked": false,
    "languages": {
        "kor": "Korean"
    },
    "latlng": [
        40,
        127
    ],
    "name": {
        "common": "North Korea",
        "native": {
            "kor": {
                "common": "\ubd81\ud55c",
                "official": "\uc870\uc120 \ubbfc\uc8fc\uc8fc\uc758 \uc778\ubbfc \uacf5\ud654\uad6d"
            }
        },
        "official": "Democratic People's Republic of Korea"
    },
    "region": "Asia",
    "subregion": "Eastern Asia",
    "tld": [
        ".kp"
    ],
    "translations": {
        "deu": {
            "common": "Nordkorea",
            "official": "Demokratische Volksrepublik Korea"
        },
        "fin": {
            "common": "Pohjois-Korea",
            "official": "Korean demokraattinen kansantasavalta"
        },
        "fra": {
            "common": "Cor\u00e9e du Nord",
            "official": "R\u00e9publique populaire d\u00e9mocratique de Cor\u00e9e"
        },
        "hrv": {
            "common": "Sjeverna Koreja",
            "official": "Demokratska Narodna Republika Koreja"
        },
        "ita": {
            "common": "Corea del Nord",
            "official": "Repubblica democratica popolare di Corea"
        },
        "jpn": {
            "common": "\u671d\u9bae\u6c11\u4e3b\u4e3b\u7fa9\u4eba\u6c11\u5171\u548c\u56fd",
            "official": "\u671d\u9bae\u6c11\u4e3b\u4e3b\u7fa9\u4eba\u6c11\u5171\u548c\u56fd"
        },
        "nld": {
            "common": "Noord-Korea",
            "official": "Democratische Volksrepubliek Korea"
        },
        "por": {
            "common": "Coreia do Norte",
            "official": "Rep\u00fablica Popular Democr\u00e1tica da Coreia"
        },
        "rus": {
            "common": "\u0421\u0435\u0432\u0435\u0440\u043d\u0430\u044f \u041a\u043e\u0440\u0435\u044f",
            "official": "\u041a\u043e\u0440\u0435\u0439\u0441\u043a\u0430\u044f \u041d\u0430\u0440\u043e\u0434\u043d\u043e-\u0414\u0435\u043c\u043e\u043a\u0440\u0430\u0442\u0438\u0447\u0435\u0441\u043a\u0430\u044f \u0420\u0435\u0441\u043f\u0443\u0431\u043b\u0438\u043a\u0430 \u041a\u043e\u0440\u0435\u044f"
        },
        "spa": {
            "common": "Corea del Norte",
            "official": "Rep\u00fablica Popular Democr\u00e1tica de Corea"
        }
    },
    "coordinate": {
        "latitude": 40,
        "longitude": 127
    }
}