{
    "_id": "PRT",
    "altSpellings": [
        "PT",
        "Portuguesa",
        "Portuguese Republic",
        "Rep\u00fablica Portuguesa"
    ],
    "area": 92090,
    "borders": [
        "ESP"
    ],
    "callingCode": [
        "351"
    ],
    "capital": "Lisbon",
    "cca2": "PT",
    "cca3": "PRT",
    "ccn3": "620",
    "cioc": "POR",
    "currency": [
        "EUR"
    ],
    "demonym": "Portuguese",
    "landlocked": false,
    "languages": {
        "por": "Portuguese"
    },
    "latlng": [
        39.5,
        -8
    ],
    "name": {
        "common": "Portugal",
        "native": {
            "por": {
                "common": "Portugal",
                "official": "Rep\u00fablica portugu\u00eas"
            }
        },
        "official": "Portuguese Republic"
    },
    "region": "Europe",
    "subregion": "Southern Europe",
    "tld": [
        ".pt"
    ],
    "translations": {
        "deu": {
            "common": "Portugal",
            "official": "portugiesische Republik"
        },
        "fin": {
            "common": "Portugali",
            "official": "Portugalin tasavalta"
        },
        "fra": {
            "common": "Portugal",
            "official": "R\u00e9publique portugaise"
        },
        "hrv": {
            "common": "Portugal",
            "official": "Portugalska Republika"
        },
        "ita": {
            "common": "Portogallo",
            "official": "Repubblica portoghese"
        },
        "jpn": {
            "common": "\u30dd\u30eb\u30c8\u30ac\u30eb",
            "official": "\u30dd\u30eb\u30c8\u30ac\u30eb\u5171\u548c\u56fd"
        },
        "nld": {
            "common": "Portugal",
            "official": "Portugese Republiek"
        },
        "por": {
            "common": "Portugal",
            "official": "Rep\u00fablica portugu\u00eas"
        },
        "rus": {
            "common": "\u041f\u043e\u0440\u0442\u0443\u0433\u0430\u043b\u0438\u044f",
            "official": "\u041f\u043e\u0440\u0442\u0443\u0433\u0430\u043b\u044c\u0441\u043a\u0430\u044f \u0420\u0435\u0441\u043f\u0443\u0431\u043b\u0438\u043a\u0430"
        },
        "spa": {
            "common": "Portugal",
            "official": "Rep\u00fablica Portuguesa"
        }
    },
    "coordinate": {
        "latitude": 39.5,
        "longitude": -8
    }
}