{
    "_id": "PRY",
    "altSpellings": [
        "PY",
        "Republic of Paraguay",
        "Rep\u00fablica del Paraguay",
        "Tet\u00e3 Paragu\u00e1i"
    ],
    "area": 406752,
    "borders": [
        "ARG",
        "BOL",
        "BRA"
    ],
    "callingCode": [
        "595"
    ],
    "capital": "Asunci\u00f3n",
    "cca2": "PY",
    "cca3": "PRY",
    "ccn3": "600",
    "cioc": "PAR",
    "currency": [
        "PYG"
    ],
    "demonym": "Paraguayan",
    "landlocked": true,
    "languages": {
        "grn": "Guaran\u00ed",
        "spa": "Spanish"
    },
    "latlng": [
        -23,
        -58
    ],
    "name": {
        "common": "Paraguay",
        "native": {
            "grn": {
                "common": "Paragu\u00e1i",
                "official": "Tet\u00e3 Paragu\u00e1i"
            },
            "spa": {
                "common": "Paraguay",
                "official": "Rep\u00fablica de Paraguay"
            }
        },
        "official": "Republic of Paraguay"
    },
    "region": "Americas",
    "subregion": "South America",
    "tld": [
        ".py"
    ],
    "translations": {
        "deu": {
            "common": "Paraguay",
            "official": "Republik Paraguay"
        },
        "fin": {
            "common": "Paraguay",
            "official": "Paraguayn tasavalta"
        },
        "fra": {
            "common": "Paraguay",
            "official": "R\u00e9publique du Paraguay"
        },
        "hrv": {
            "common": "Paragvaj",
            "official": "Republika Paragvaj"
        },
        "ita": {
            "common": "Paraguay",
            "official": "Repubblica del Paraguay"
        },
        "jpn": {
            "common": "\u30d1\u30e9\u30b0\u30a2\u30a4",
            "official": "\u30d1\u30e9\u30b0\u30a2\u30a4\u5171\u548c\u56fd"
        },
        "nld": {
            "common": "Paraguay",
            "official": "Republiek Paraguay"
        },
        "por": {
            "common": "Paraguai",
            "official": "Rep\u00fablica do Paraguai"
        },
        "rus": {
            "common": "\u041f\u0430\u0440\u0430\u0433\u0432\u0430\u0439",
            "official": "\u0420\u0435\u0441\u043f\u0443\u0431\u043b\u0438\u043a\u0430 \u041f\u0430\u0440\u0430\u0433\u0432\u0430\u0439"
        },
        "spa": {
            "common": "Paraguay",
            "official": "Rep\u00fablica de Paraguay"
        }
    },
    "coordinate": {
        "latitude": -23,
        "longitude": -58
    }
}