{
    "_id": "PSE",
    "altSpellings": [
        "PS",
        "Palestine, State of",
        "State of Palestine",
        "Dawlat Filas\u1e6din"
    ],
    "area": 6220,
    "borders": [
        "ISR",
        "EGY",
        "JOR"
    ],
    "callingCode": [
        "970"
    ],
    "capital": "Ramallah",
    "cca2": "PS",
    "cca3": "PSE",
    "ccn3": "275",
    "cioc": "PLE",
    "currency": [
        "ILS"
    ],
    "demonym": "Palestinian",
    "landlocked": false,
    "languages": {
        "ara": "Arabic"
    },
    "latlng": [
        31.9,
        35.2
    ],
    "name": {
        "common": "Palestine",
        "native": {
            "ara": {
                "common": "\u0641\u0644\u0633\u0637\u064a\u0646",
                "official": "\u062f\u0648\u0644\u0629 \u0641\u0644\u0633\u0637\u064a\u0646"
            }
        },
        "official": "State of Palestine"
    },
    "region": "Asia",
    "subregion": "Western Asia",
    "tld": [
        ".ps",
        "\u0641\u0644\u0633\u0637\u064a\u0646."
    ],
    "translations": {
        "deu": {
            "common": "Pal\u00e4stina",
            "official": "Staat Pal\u00e4stina"
        },
        "fin": {
            "common": "Palestiina",
            "official": "Palestiinan valtio"
        },
        "fra": {
            "common": "Palestine",
            "official": "Etat de Palestine"
        },
        "hrv": {
            "common": "Palestina",
            "official": "State of Palestine"
        },
        "ita": {
            "common": "Palestina",
            "official": "Stato di Palestina"
        },
        "jpn": {
            "common": "\u30d1\u30ec\u30b9\u30c1\u30ca",
            "official": "\u30d1\u30ec\u30b9\u30c1\u30ca\u81ea\u6cbb\u653f\u5e9c"
        },
        "nld": {
            "common": "Palestijnse gebieden",
            "official": "Staat Palestina"
        },
        "por": {
            "common": "Palestina",
            "official": "Estado da Palestina"
        },
        "rus": {
            "common": "\u041f\u0430\u043b\u0435\u0441\u0442\u0438\u043d\u0430",
            "official": "\u0413\u043e\u0441\u0443\u0434\u0430\u0440\u0441\u0442\u0432\u043e \u041f\u0430\u043b\u0435\u0441\u0442\u0438\u043d\u0430"
        },
        "spa": {
            "common": "Palestina",
            "official": "Estado de Palestina"
        }
    },
    "coordinate": {
        "latitude": 31.9,
        "longitude": 35.2
    }
}