{
    "_id": "PYF",
    "altSpellings": [
        "PF",
        "Polyn\u00e9sie fran\u00e7aise",
        "French Polynesia",
        "P\u014dr\u012bnetia Far\u0101ni"
    ],
    "area": 4167,
    "borders": [],
    "callingCode": [
        "689"
    ],
    "capital": "Papeet\u0113",
    "cca2": "PF",
    "cca3": "PYF",
    "ccn3": "258",
    "cioc": "",
    "currency": [
        "XPF"
    ],
    "demonym": "French Polynesian",
    "landlocked": false,
    "languages": {
        "fra": "French"
    },
    "latlng": [
        -15,
        -140
    ],
    "name": {
        "common": "French Polynesia",
        "native": {
            "fra": {
                "common": "Polyn\u00e9sie fran\u00e7aise",
                "official": "Polyn\u00e9sie fran\u00e7aise"
            }
        },
        "official": "French Polynesia"
    },
    "region": "Oceania",
    "subregion": "Polynesia",
    "tld": [
        ".pf"
    ],
    "translations": {
        "deu": {
            "common": "Franz\u00f6sisch-Polynesien",
            "official": "Franz\u00f6sisch-Polynesien"
        },
        "fin": {
            "common": "Ranskan Polynesia",
            "official": "Ranskan Polynesia"
        },
        "fra": {
            "common": "Polyn\u00e9sie fran\u00e7aise",
            "official": "Polyn\u00e9sie fran\u00e7aise"
        },
        "hrv": {
            "common": "Francuska Polinezija",
            "official": "Francuska Polinezija"
        },
        "ita": {
            "common": "Polinesia Francese",
            "official": "Polinesia Francese"
        },
        "jpn": {
            "common": "\u30d5\u30e9\u30f3\u30b9\u9818\u30dd\u30ea\u30cd\u30b7\u30a2",
            "official": "\u30d5\u30e9\u30f3\u30b9\u9818\u30dd\u30ea\u30cd\u30b7\u30a2"
        },
        "nld": {
            "common": "Frans-Polynesi\u00eb",
            "official": "Frans-Polynesi\u00eb"
        },
        "por": {
            "common": "Polin\u00e9sia Francesa",
            "official": "Polin\u00e9sia Francesa"
        },
        "rus": {
            "common": "\u0424\u0440\u0430\u043d\u0446\u0443\u0437\u0441\u043a\u0430\u044f \u041f\u043e\u043b\u0438\u043d\u0435\u0437\u0438\u044f",
            "official": "\u0424\u0440\u0430\u043d\u0446\u0443\u0437\u0441\u043a\u0430\u044f \u041f\u043e\u043b\u0438\u043d\u0435\u0437\u0438\u044f"
        },
        "spa": {
            "common": "Polinesia Francesa",
            "official": "Polinesia franc\u00e9s"
        }
    },
    "coordinate": {
        "latitude": -15,
        "longitude": -140
    }
}