{
    "_id": "QAT",
    "altSpellings": [
        "QA",
        "State of Qatar",
        "Dawlat Qa\u1e6dar"
    ],
    "area": 11586,
    "borders": [
        "SAU"
    ],
    "callingCode": [
        "974"
    ],
    "capital": "Doha",
    "cca2": "QA",
    "cca3": "QAT",
    "ccn3": "634",
    "cioc": "QAT",
    "currency": [
        "QAR"
    ],
    "demonym": "Qatari",
    "landlocked": false,
    "languages": {
        "ara": "Arabic"
    },
    "latlng": [
        25.5,
        51.25
    ],
    "name": {
        "common": "Qatar",
        "native": {
            "ara": {
                "common": "\u0642\u0637\u0631",
                "official": "\u062f\u0648\u0644\u0629 \u0642\u0637\u0631"
            }
        },
        "official": "State of Qatar"
    },
    "region": "Asia",
    "subregion": "Western Asia",
    "tld": [
        ".qa",
        "\u0642\u0637\u0631."
    ],
    "translations": {
        "deu": {
            "common": "Katar",
            "official": "Staat Katar"
        },
        "fin": {
            "common": "Qatar",
            "official": "Qatarin valtio"
        },
        "fra": {
            "common": "Qatar",
            "official": "\u00c9tat du Qatar"
        },
        "hrv": {
            "common": "Katar",
            "official": "Dr\u017eava Katar"
        },
        "ita": {
            "common": "Qatar",
            "official": "Stato del Qatar"
        },
        "jpn": {
            "common": "\u30ab\u30bf\u30fc\u30eb",
            "official": "\u30ab\u30bf\u30fc\u30eb\u56fd"
        },
        "nld": {
            "common": "Qatar",
            "official": "Staat Qatar"
        },
        "por": {
            "common": "Catar",
            "official": "Estado do Qatar"
        },
        "rus": {
            "common": "\u041a\u0430\u0442\u0430\u0440",
            "official": "\u0413\u043e\u0441\u0443\u0434\u0430\u0440\u0441\u0442\u0432\u043e \u041a\u0430\u0442\u0430\u0440"
        },
        "spa": {
            "common": "Catar",
            "official": "Estado de Qatar"
        }
    },
    "coordinate": {
        "latitude": 25.5,
        "longitude": 51.25
    }
}