{
    "_id": "REU",
    "altSpellings": [
        "RE",
        "Reunion"
    ],
    "area": 2511,
    "borders": [],
    "callingCode": [
        "262"
    ],
    "capital": "Saint-Denis",
    "cca2": "RE",
    "cca3": "REU",
    "ccn3": "638",
    "cioc": "",
    "currency": [
        "EUR"
    ],
    "demonym": "French",
    "landlocked": false,
    "languages": {
        "fra": "French"
    },
    "latlng": [
        -21.15,
        55.5
    ],
    "name": {
        "common": "R\u00e9union",
        "native": {
            "fra": {
                "common": "La R\u00e9union",
                "official": "Ile de la R\u00e9union"
            }
        },
        "official": "R\u00e9union Island"
    },
    "region": "Africa",
    "subregion": "Eastern Africa",
    "tld": [
        ".re"
    ],
    "translations": {
        "deu": {
            "common": "R\u00e9union",
            "official": "R\u00e9union"
        },
        "fin": {
            "common": "R\u00e9union",
            "official": "R\u00e9union"
        },
        "fra": {
            "common": "R\u00e9union",
            "official": "Ile de la R\u00e9union"
        },
        "hrv": {
            "common": "R\u00e9union",
            "official": "R\u00e9union Island"
        },
        "ita": {
            "common": "Riunione",
            "official": "R\u00e9union"
        },
        "jpn": {
            "common": "\u30ec\u30e6\u30cb\u30aa\u30f3",
            "official": "\u30ec\u30e6\u30cb\u30aa\u30f3\u5cf6"
        },
        "nld": {
            "common": "R\u00e9union",
            "official": "R\u00e9union"
        },
        "por": {
            "common": "Reuni\u00e3o",
            "official": "Ilha da Reuni\u00e3o"
        },
        "rus": {
            "common": "\u0420\u0435\u044e\u043d\u044c\u043e\u043d",
            "official": "\u0420\u0435\u044e\u043d\u044c\u043e\u043d"
        },
        "spa": {
            "common": "Reuni\u00f3n",
            "official": "Isla de la Reuni\u00f3n"
        }
    },
    "coordinate": {
        "latitude": -21.15,
        "longitude": 55.5
    }
}