{
    "_id": "ROU",
    "altSpellings": [
        "RO",
        "Rumania",
        "Roumania",
        "Rom\u00e2nia"
    ],
    "area": 238391,
    "borders": [
        "BGR",
        "HUN",
        "MDA",
        "SRB",
        "UKR"
    ],
    "callingCode": [
        "40"
    ],
    "capital": "Bucharest",
    "cca2": "RO",
    "cca3": "ROU",
    "ccn3": "642",
    "cioc": "ROU",
    "currency": [
        "RON"
    ],
    "demonym": "Romanian",
    "landlocked": false,
    "languages": {
        "ron": "Romanian"
    },
    "latlng": [
        46,
        25
    ],
    "name": {
        "common": "Romania",
        "native": {
            "ron": {
                "common": "Rom\u00e2nia",
                "official": "Rom\u00e2nia"
            }
        },
        "official": "Romania"
    },
    "region": "Europe",
    "subregion": "Eastern Europe",
    "tld": [
        ".ro"
    ],
    "translations": {
        "deu": {
            "common": "Rum\u00e4nien",
            "official": "Rum\u00e4nien"
        },
        "fin": {
            "common": "Romania",
            "official": "Romania"
        },
        "fra": {
            "common": "Roumanie",
            "official": "Roumanie"
        },
        "hrv": {
            "common": "Rumunjska",
            "official": "Rumunija"
        },
        "ita": {
            "common": "Romania",
            "official": "Romania"
        },
        "jpn": {
            "common": "\u30eb\u30fc\u30de\u30cb\u30a2",
            "official": "\u30eb\u30fc\u30de\u30cb\u30a2"
        },
        "nld": {
            "common": "Roemeni\u00eb",
            "official": "Roemeni\u00eb"
        },
        "por": {
            "common": "Rom\u00e9nia",
            "official": "Rom\u00eania"
        },
        "rus": {
            "common": "\u0420\u0443\u043c\u044b\u043d\u0438\u044f",
            "official": "\u0420\u0443\u043c\u044b\u043d\u0438\u044f"
        },
        "spa": {
            "common": "Rumania",
            "official": "Rumania"
        }
    },
    "coordinate": {
        "latitude": 46,
        "longitude": 25
    }
}