{
    "_id": "RUS",
    "altSpellings": [
        "RU",
        "Rossiya",
        "Russian Federation",
        "\u0420\u043e\u0441\u0441\u0438\u0439\u0441\u043a\u0430\u044f \u0424\u0435\u0434\u0435\u0440\u0430\u0446\u0438\u044f",
        "Rossiyskaya Federatsiya"
    ],
    "area": 17098242.0,
    "borders": [
        "AZE",
        "BLR",
        "CHN",
        "EST",
        "FIN",
        "GEO",
        "KAZ",
        "PRK",
        "LVA",
        "LTU",
        "MNG",
        "NOR",
        "POL",
        "UKR"
    ],
    "callingCode": [
        "7"
    ],
    "capital": "Moscow",
    "cca2": "RU",
    "cca3": "RUS",
    "ccn3": "643",
    "cioc": "RUS",
    "currency": [
        "RUB"
    ],
    "demonym": "Russian",
    "landlocked": false,
    "languages": {
        "rus": "Russian"
    },
    "latlng": [
        60,
        100
    ],
    "name": {
        "common": "Russia",
        "native": {
            "rus": {
                "common": "\u0420\u043e\u0441\u0441\u0438\u044f",
                "official": "\u0420\u0443\u0441\u0441\u043a\u0430\u044f \u0424\u0435\u0434\u0435\u0440\u0430\u0446\u0438\u044f"
            }
        },
        "official": "Russian Federation"
    },
    "region": "Europe",
    "subregion": "Eastern Europe",
    "tld": [
        ".ru",
        ".su",
        ".\u0440\u0444"
    ],
    "translations": {
        "deu": {
            "common": "Russland",
            "official": "russische F\u00f6deration"
        },
        "fin": {
            "common": "Ven\u00e4j\u00e4",
            "official": "Ven\u00e4j\u00e4n federaatio"
        },
        "fra": {
            "common": "Russie",
            "official": "F\u00e9d\u00e9ration de Russie"
        },
        "hrv": {
            "common": "Rusija",
            "official": "Ruska Federacija"
        },
        "ita": {
            "common": "Russia",
            "official": "Federazione russa"
        },
        "jpn": {
            "common": "\u30ed\u30b7\u30a2\u9023\u90a6",
            "official": "\u30ed\u30b7\u30a2\u9023\u90a6"
        },
        "nld": {
            "common": "Rusland",
            "official": "Russische Federatie"
        },
        "por": {
            "common": "R\u00fassia",
            "official": "Federa\u00e7\u00e3o Russa"
        },
        "rus": {
            "common": "\u0420\u043e\u0441\u0441\u0438\u044f",
            "official": "\u0420\u043e\u0441\u0441\u0438\u044f \u0424\u0435\u0434\u0435\u0440\u0430\u0446\u0438\u044f"
        },
        "spa": {
            "common": "Rusia",
            "official": "Federaci\u00f3n de Rusia"
        }
    },
    "coordinate": {
        "latitude": 60,
        "longitude": 100
    }
}