{
    "_id": "RWA",
    "altSpellings": [
        "RW",
        "Republic of Rwanda",
        "Repubulika y'u Rwanda",
        "R\u00e9publique du Rwanda"
    ],
    "area": 26338,
    "borders": [
        "BDI",
        "COD",
        "TZA",
        "UGA"
    ],
    "callingCode": [
        "250"
    ],
    "capital": "Kigali",
    "cca2": "RW",
    "cca3": "RWA",
    "ccn3": "646",
    "cioc": "RWA",
    "currency": [
        "RWF"
    ],
    "demonym": "Rwandan",
    "landlocked": true,
    "languages": {
        "eng": "English",
        "fra": "French",
        "kin": "Kinyarwanda"
    },
    "latlng": [
        -2,
        30
    ],
    "name": {
        "common": "Rwanda",
        "native": {
            "eng": {
                "common": "Rwanda",
                "official": "Republic of Rwanda"
            },
            "fra": {
                "common": "Rwanda",
                "official": "R\u00e9publique du Rwanda"
            },
            "kin": {
                "common": "Rwanda",
                "official": "Repubulika y'u Rwanda"
            }
        },
        "official": "Republic of Rwanda"
    },
    "region": "Africa",
    "subregion": "Eastern Africa",
    "tld": [
        ".rw"
    ],
    "translations": {
        "deu": {
            "common": "Ruanda",
            "official": "Republik Ruanda"
        },
        "fin": {
            "common": "Ruanda",
            "official": "Ruandan tasavalta"
        },
        "fra": {
            "common": "Rwanda",
            "official": "R\u00e9publique du Rwanda"
        },
        "hrv": {
            "common": "Ruanda",
            "official": "Republika Ruandi"
        },
        "ita": {
            "common": "Ruanda",
            "official": "Repubblica del Ruanda"
        },
        "jpn": {
            "common": "\u30eb\u30ef\u30f3\u30c0",
            "official": "\u30eb\u30ef\u30f3\u30c0\u5171\u548c\u56fd"
        },
        "nld": {
            "common": "Rwanda",
            "official": "Republiek Rwanda"
        },
        "por": {
            "common": "Ruanda",
            "official": "Rep\u00fablica do Ruanda"
        },
        "rus": {
            "common": "\u0420\u0443\u0430\u043d\u0434\u0430",
            "official": "\u0420\u0435\u0441\u043f\u0443\u0431\u043b\u0438\u043a\u0430 \u0420\u0443\u0430\u043d\u0434\u0430"
        },
        "spa": {
            "common": "Ruanda",
            "official": "Rep\u00fablica de Rwanda"
        }
    },
    "coordinate": {
        "latitude": -2,
        "longitude": 30
    }
}