{
    "_id": "SAU",
    "altSpellings": [
        "Saudi",
        "SA",
        "Kingdom of Saudi Arabia",
        "Al-Mamlakah al-\u2018Arabiyyah as-Su\u2018\u016bdiyyah"
    ],
    "area": 2149690.0,
    "borders": [
        "IRQ",
        "JOR",
        "KWT",
        "OMN",
        "QAT",
        "ARE",
        "YEM"
    ],
    "callingCode": [
        "966"
    ],
    "capital": "Riyadh",
    "cca2": "SA",
    "cca3": "SAU",
    "ccn3": "682",
    "cioc": "KSA",
    "currency": [
        "SAR"
    ],
    "demonym": "Saudi Arabian",
    "landlocked": false,
    "languages": {
        "ara": "Arabic"
    },
    "latlng": [
        25,
        45
    ],
    "name": {
        "common": "Saudi Arabia",
        "native": {
            "ara": {
                "common": "\u0627\u0644\u0639\u0631\u0628\u064a\u0629 \u0627\u0644\u0633\u0639\u0648\u062f\u064a\u0629",
                "official": "\u0627\u0644\u0645\u0645\u0644\u0643\u0629 \u0627\u0644\u0639\u0631\u0628\u064a\u0629 \u0627\u0644\u0633\u0639\u0648\u062f\u064a\u0629"
            }
        },
        "official": "Kingdom of Saudi Arabia"
    },
    "region": "Asia",
    "subregion": "Western Asia",
    "tld": [
        ".sa",
        ".\u0627\u0644\u0633\u0639\u0648\u062f\u064a\u0629"
    ],
    "translations": {
        "deu": {
            "common": "Saudi-Arabien",
            "official": "K\u00f6nigreich Saudi-Arabien"
        },
        "fin": {
            "common": "Saudi-Arabia",
            "official": "Saudi-Arabian kuningaskunta"
        },
        "fra": {
            "common": "Arabie Saoudite",
            "official": "Royaume d'Arabie Saoudite"
        },
        "hrv": {
            "common": "Saudijska Arabija",
            "official": "Kraljevina Saudijska Arabija"
        },
        "ita": {
            "common": "Arabia Saudita",
            "official": "Arabia Saudita"
        },
        "jpn": {
            "common": "\u30b5\u30a6\u30b8\u30a2\u30e9\u30d3\u30a2",
            "official": "\u30b5\u30a6\u30b8\u30a2\u30e9\u30d3\u30a2\u738b\u56fd"
        },
        "nld": {
            "common": "Saoedi-Arabi\u00eb",
            "official": "Koninkrijk van Saoedi-Arabi\u00eb"
        },
        "por": {
            "common": "Ar\u00e1bia Saudita",
            "official": "Reino da Ar\u00e1bia Saudita"
        },
        "rus": {
            "common": "\u0421\u0430\u0443\u0434\u043e\u0432\u0441\u043a\u0430\u044f \u0410\u0440\u0430\u0432\u0438\u044f",
            "official": "\u041a\u043e\u0440\u043e\u043b\u0435\u0432\u0441\u0442\u0432\u043e \u0421\u0430\u0443\u0434\u043e\u0432\u0441\u043a\u0430\u044f \u0410\u0440\u0430\u0432\u0438\u044f"
        },
        "spa": {
            "common": "Arabia Saud\u00ed",
            "official": "Reino de Arabia Saudita"
        }
    },
    "coordinate": {
        "latitude": 25,
        "longitude": 45
    }
}