{
    "_id": "SDN",
    "altSpellings": [
        "SD",
        "Republic of the Sudan",
        "Jumh\u016br\u012byat as-S\u016bd\u0101n"
    ],
    "area": 1886068.0,
    "borders": [
        "CAF",
        "TCD",
        "EGY",
        "ERI",
        "ETH",
        "LBY",
        "SSD"
    ],
    "callingCode": [
        "249"
    ],
    "capital": "Khartoum",
    "cca2": "SD",
    "cca3": "SDN",
    "ccn3": "729",
    "cioc": "SUD",
    "currency": [
        "SDG"
    ],
    "demonym": "Sudanese",
    "landlocked": false,
    "languages": {
        "ara": "Arabic",
        "eng": "English"
    },
    "latlng": [
        15,
        30
    ],
    "name": {
        "common": "Sudan",
        "native": {
            "ara": {
                "common": "\u0627\u0644\u0633\u0648\u062f\u0627\u0646",
                "official": "\u062c\u0645\u0647\u0648\u0631\u064a\u0629 \u0627\u0644\u0633\u0648\u062f\u0627\u0646"
            },
            "eng": {
                "common": "Sudan",
                "official": "Republic of the Sudan"
            }
        },
        "official": "Republic of the Sudan"
    },
    "region": "Africa",
    "subregion": "Northern Africa",
    "tld": [
        ".sd"
    ],
    "translations": {
        "deu": {
            "common": "Sudan",
            "official": "Republik Sudan"
        },
        "fin": {
            "common": "Sudan",
            "official": "Sudanin tasavalta"
        },
        "fra": {
            "common": "Soudan",
            "official": "R\u00e9publique du Soudan"
        },
        "hrv": {
            "common": "Sudan",
            "official": "Republika Sudan"
        },
        "ita": {
            "common": "Sudan",
            "official": "Repubblica del Sudan"
        },
        "jpn": {
            "common": "\u30b9\u30fc\u30c0\u30f3",
            "official": "\u30b9\u30fc\u30c0\u30f3\u5171\u548c\u56fd"
        },
        "nld": {
            "common": "Soedan",
            "official": "Republiek Soedan"
        },
        "por": {
            "common": "Sud\u00e3o",
            "official": "Rep\u00fablica do Sud\u00e3o"
        },
        "rus": {
            "common": "\u0421\u0443\u0434\u0430\u043d",
            "official": "\u0420\u0435\u0441\u043f\u0443\u0431\u043b\u0438\u043a\u0430 \u0421\u0443\u0434\u0430\u043d"
        },
        "spa": {
            "common": "Sud\u00e1n",
            "official": "Rep\u00fablica de Sud\u00e1n"
        }
    },
    "coordinate": {
        "latitude": 15,
        "longitude": 30
    }
}