{
    "_id": "SEN",
    "altSpellings": [
        "SN",
        "Republic of Senegal",
        "R\u00e9publique du S\u00e9n\u00e9gal"
    ],
    "area": 196722,
    "borders": [
        "GMB",
        "GIN",
        "GNB",
        "MLI",
        "MRT"
    ],
    "callingCode": [
        "221"
    ],
    "capital": "Dakar",
    "cca2": "SN",
    "cca3": "SEN",
    "ccn3": "686",
    "cioc": "SEN",
    "currency": [
        "XOF"
    ],
    "demonym": "Senegalese",
    "landlocked": false,
    "languages": {
        "fra": "French"
    },
    "latlng": [
        14,
        -14
    ],
    "name": {
        "common": "Senegal",
        "native": {
            "fra": {
                "common": "S\u00e9n\u00e9gal",
                "official": "R\u00e9publique du S\u00e9n\u00e9gal"
            }
        },
        "official": "Republic of Senegal"
    },
    "region": "Africa",
    "subregion": "Western Africa",
    "tld": [
        ".sn"
    ],
    "translations": {
        "deu": {
            "common": "Senegal",
            "official": "Republik Senegal"
        },
        "fin": {
            "common": "Senegal",
            "official": "Senegalin tasavalta"
        },
        "fra": {
            "common": "S\u00e9n\u00e9gal",
            "official": "R\u00e9publique du S\u00e9n\u00e9gal"
        },
        "hrv": {
            "common": "Senegal",
            "official": "Republika Senegal"
        },
        "ita": {
            "common": "Senegal",
            "official": "Repubblica del Senegal"
        },
        "jpn": {
            "common": "\u30bb\u30cd\u30ac\u30eb",
            "official": "\u30bb\u30cd\u30ac\u30eb\u5171\u548c\u56fd"
        },
        "nld": {
            "common": "Senegal",
            "official": "Republiek Senegal"
        },
        "por": {
            "common": "Senegal",
            "official": "Rep\u00fablica do Senegal"
        },
        "rus": {
            "common": "\u0421\u0435\u043d\u0435\u0433\u0430\u043b",
            "official": "\u0420\u0435\u0441\u043f\u0443\u0431\u043b\u0438\u043a\u0430 \u0421\u0435\u043d\u0435\u0433\u0430\u043b"
        },
        "spa": {
            "common": "Senegal",
            "official": "Rep\u00fablica de Senegal"
        }
    },
    "coordinate": {
        "latitude": 14,
        "longitude": -14
    }
}