{
    "_id": "SGP",
    "altSpellings": [
        "SG",
        "Singapura",
        "Republik Singapura",
        "\u65b0\u52a0\u5761\u5171\u548c\u56fd"
    ],
    "area": 710,
    "borders": [],
    "callingCode": [
        "65"
    ],
    "capital": "Singapore",
    "cca2": "SG",
    "cca3": "SGP",
    "ccn3": "702",
    "cioc": "SIN",
    "currency": [
        "SGD"
    ],
    "demonym": "Singaporean",
    "landlocked": false,
    "languages": {
        "cmn": "Mandarin",
        "eng": "English",
        "msa": "Malay",
        "tam": "Tamil"
    },
    "latlng": [
        1.36666666,
        103.8
    ],
    "name": {
        "common": "Singapore",
        "native": {
            "cmn": {
                "common": "\u65b0\u52a0\u5761",
                "official": "\u65b0\u52a0\u5761\u5171\u548c\u56fd"
            },
            "eng": {
                "common": "Singapore",
                "official": "Republic of Singapore"
            },
            "msa": {
                "common": "Singapura",
                "official": "Republik Singapura"
            },
            "tam": {
                "common": "\u0b9a\u0bbf\u0b99\u0bcd\u0b95\u0baa\u0bcd\u0baa\u0bc2\u0bb0\u0bcd",
                "official": "\u0b9a\u0bbf\u0b99\u0bcd\u0b95\u0baa\u0bcd\u0baa\u0bc2\u0bb0\u0bcd \u0b95\u0bc1\u0b9f\u0bbf\u0baf\u0bb0\u0b9a\u0bc1"
            }
        },
        "official": "Republic of Singapore"
    },
    "region": "Asia",
    "subregion": "South-Eastern Asia",
    "tld": [
        ".sg",
        ".\u65b0\u52a0\u5761",
        ".\u0b9a\u0bbf\u0b99\u0bcd\u0b95\u0baa\u0bcd\u0baa\u0bc2\u0bb0\u0bcd"
    ],
    "translations": {
        "deu": {
            "common": "Singapur",
            "official": "Republik Singapur"
        },
        "fin": {
            "common": "Singapore",
            "official": "Singaporen tasavalta"
        },
        "fra": {
            "common": "Singapour",
            "official": "R\u00e9publique de Singapour"
        },
        "hrv": {
            "common": "Singapur",
            "official": "Republika Singapur"
        },
        "ita": {
            "common": "Singapore",
            "official": "Repubblica di Singapore"
        },
        "jpn": {
            "common": "\u30b7\u30f3\u30ac\u30dd\u30fc\u30eb",
            "official": "\u30b7\u30f3\u30ac\u30dd\u30fc\u30eb\u5171\u548c\u56fd"
        },
        "nld": {
            "common": "Singapore",
            "official": "Republiek Singapore"
        },
        "por": {
            "common": "Singapura",
            "official": "Rep\u00fablica de Singapura"
        },
        "rus": {
            "common": "\u0421\u0438\u043d\u0433\u0430\u043f\u0443\u0440",
            "official": "\u0420\u0435\u0441\u043f\u0443\u0431\u043b\u0438\u043a\u0430 \u0421\u0438\u043d\u0433\u0430\u043f\u0443\u0440"
        },
        "spa": {
            "common": "Singapur",
            "official": "Rep\u00fablica de Singapur"
        }
    },
    "coordinate": {
        "latitude": 1.36666666,
        "longitude": 103.8
    }
}