{
    "_id": "SGS",
    "altSpellings": [
        "GS",
        "South Georgia and the South Sandwich Islands"
    ],
    "area": 3903,
    "borders": [],
    "callingCode": [
        "500"
    ],
    "capital": "King Edward Point",
    "cca2": "GS",
    "cca3": "SGS",
    "ccn3": "239",
    "cioc": "",
    "currency": [
        "GBP"
    ],
    "demonym": "South Georgian South Sandwich Islander",
    "landlocked": false,
    "languages": {
        "eng": "English"
    },
    "latlng": [
        -54.5,
        -37
    ],
    "name": {
        "common": "South Georgia",
        "native": {
            "eng": {
                "common": "South Georgia",
                "official": "South Georgia and the South Sandwich Islands"
            }
        },
        "official": "South Georgia and the South Sandwich Islands"
    },
    "region": "Americas",
    "subregion": "South America",
    "tld": [
        ".gs"
    ],
    "translations": {
        "deu": {
            "common": "S\u00fcdgeorgien und die S\u00fcdlichen Sandwichinseln",
            "official": "S\u00fcdgeorgien und die S\u00fcdlichen Sandwichinseln"
        },
        "fin": {
            "common": "Etel\u00e4-Georgia ja Etel\u00e4iset Sandwichsaaret",
            "official": "Etel\u00e4-Georgia ja Etel\u00e4iset Sandwichsaaret"
        },
        "fra": {
            "common": "G\u00e9orgie du Sud-et-les \u00celes Sandwich du Sud",
            "official": "G\u00e9orgie du Sud et les \u00eeles Sandwich du Sud"
        },
        "hrv": {
            "common": "Ju\u017ena Georgija i oto\u010dje Ju\u017eni Sandwich",
            "official": "Ju\u017ena D\u017eord\u017eija i Otoci Ju\u017eni Sendvi\u010d"
        },
        "ita": {
            "common": "Georgia del Sud e Isole Sandwich Meridionali",
            "official": "Georgia del Sud e isole Sandwich del Sud"
        },
        "jpn": {
            "common": "\u30b5\u30a6\u30b9\u30b8\u30e7\u30fc\u30b8\u30a2\u30fb\u30b5\u30a6\u30b9\u30b5\u30f3\u30c9\u30a6\u30a3\u30c3\u30c1\u8af8\u5cf6",
            "official": "\u30b5\u30a6\u30b9\u30b8\u30e7\u30fc\u30b8\u30a2\u00b7\u30b5\u30a6\u30b9\u30b5\u30f3\u30c9\u30a6\u30a3\u30c3\u30c1\u8af8\u5cf6"
        },
        "nld": {
            "common": "Zuid-Georgia en Zuidelijke Sandwicheilanden",
            "official": "Zuid-Georgi\u00eb en de Zuidelijke Sandwich-eilanden"
        },
        "por": {
            "common": "Ilhas Ge\u00f3rgia do Sul e Sandwich do Sul",
            "official": "Ge\u00f3rgia do Sul e Sandwich do Sul"
        },
        "rus": {
            "common": "\u042e\u0436\u043d\u0430\u044f \u0413\u0435\u043e\u0440\u0433\u0438\u044f \u0438 \u042e\u0436\u043d\u044b\u0435 \u0421\u0430\u043d\u0434\u0432\u0438\u0447\u0435\u0432\u044b \u043e\u0441\u0442\u0440\u043e\u0432\u0430",
            "official": "\u042e\u0436\u043d\u0430\u044f \u0413\u0435\u043e\u0440\u0433\u0438\u044f \u0438 \u042e\u0436\u043d\u044b\u0435 \u0421\u0430\u043d\u0434\u0432\u0438\u0447\u0435\u0432\u044b \u043e\u0441\u0442\u0440\u043e\u0432\u0430"
        },
        "spa": {
            "common": "Islas Georgias del Sur y Sandwich del Sur",
            "official": "Georgia del Sur y las Islas Sandwich del Sur"
        }
    },
    "coordinate": {
        "latitude": -54.5,
        "longitude": -37
    }
}