{
    "_id": "SJM",
    "altSpellings": [
        "SJ",
        "Svalbard and Jan Mayen Islands"
    ],
    "area": -1,
    "borders": [],
    "callingCode": [
        "4779"
    ],
    "capital": "Longyearbyen",
    "cca2": "SJ",
    "cca3": "SJM",
    "ccn3": "744",
    "cioc": "",
    "currency": [
        "NOK"
    ],
    "demonym": "Norwegian",
    "landlocked": false,
    "languages": {
        "nor": "Norwegian"
    },
    "latlng": [
        78,
        20
    ],
    "name": {
        "common": "Svalbard and Jan Mayen",
        "native": {
            "nor": {
                "common": "Svalbard og Jan Mayen",
                "official": "Svalbard og Jan Mayen"
            }
        },
        "official": "Svalbard og Jan Mayen"
    },
    "region": "Europe",
    "subregion": "Northern Europe",
    "tld": [
        ".sj"
    ],
    "translations": {
        "deu": {
            "common": "Svalbard und Jan Mayen",
            "official": "Svalbard og Jan Mayen"
        },
        "fin": {
            "common": "Huippuvuoret",
            "official": "Huippuvuoret"
        },
        "fra": {
            "common": "Svalbard et Jan Mayen",
            "official": "Jan Mayen Svalbard"
        },
        "hrv": {
            "common": "Svalbard i Jan Mayen",
            "official": "Svalbard og Jan Mayen"
        },
        "ita": {
            "common": "Svalbard e Jan Mayen",
            "official": "Svalbard og Jan Mayen"
        },
        "jpn": {
            "common": "\u30b9\u30f4\u30a1\u30fc\u30eb\u30d0\u30eb\u8af8\u5cf6\u304a\u3088\u3073\u30e4\u30f3\u30de\u30a4\u30a8\u30f3\u5cf6",
            "official": "\u30b9\u30d0\u30fc\u30eb\u30d0\u30eb\u8af8\u5cf6OG\u30e4\u30f3\u30de\u30a4\u30a8\u30f3"
        },
        "nld": {
            "common": "Svalbard en Jan Mayen",
            "official": "Svalbard og Jan Mayen"
        },
        "por": {
            "common": "Ilhas Svalbard e Jan Mayen",
            "official": "Svalbard og Jan Mayen"
        },
        "rus": {
            "common": "\u0428\u043f\u0438\u0446\u0431\u0435\u0440\u0433\u0435\u043d \u0438 \u042f\u043d-\u041c\u0430\u0439\u0435\u043d",
            "official": "\u0421\u0432\u0430\u043b\u044c\u0431\u0430\u0440\u0434\u0430 \u043e\u0433 \u042f\u043d-\u041c\u0430\u0439\u0435\u043d"
        },
        "spa": {
            "common": "Islas Svalbard y Jan Mayen",
            "official": "Svalbard og Jan Mayen"
        }
    },
    "coordinate": {
        "latitude": 78,
        "longitude": 20
    }
}