{
    "_id": "SLB",
    "altSpellings": [
        "SB"
    ],
    "area": 28896,
    "borders": [],
    "callingCode": [
        "677"
    ],
    "capital": "Honiara",
    "cca2": "SB",
    "cca3": "SLB",
    "ccn3": "090",
    "cioc": "SOL",
    "currency": [
        "SBD"
    ],
    "demonym": "Solomon Islander",
    "landlocked": false,
    "languages": {
        "eng": "English"
    },
    "latlng": [
        -8,
        159
    ],
    "name": {
        "common": "Solomon Islands",
        "native": {
            "eng": {
                "common": "Solomon Islands",
                "official": "Solomon Islands"
            }
        },
        "official": "Solomon Islands"
    },
    "region": "Oceania",
    "subregion": "Melanesia",
    "tld": [
        ".sb"
    ],
    "translations": {
        "deu": {
            "common": "Salomonen",
            "official": "Salomon-Inseln"
        },
        "fin": {
            "common": "Salomonsaaret",
            "official": "Salomonsaaret"
        },
        "fra": {
            "common": "\u00celes Salomon",
            "official": "Iles Salomon"
        },
        "hrv": {
            "common": "Solomonski Otoci",
            "official": "Solomonski Otoci"
        },
        "ita": {
            "common": "Isole Salomone",
            "official": "Isole Salomone"
        },
        "jpn": {
            "common": "\u30bd\u30ed\u30e2\u30f3\u8af8\u5cf6",
            "official": "\u30bd\u30ed\u30e2\u30f3\u8af8\u5cf6"
        },
        "nld": {
            "common": "Salomonseilanden",
            "official": "Solomon eilanden"
        },
        "por": {
            "common": "Ilhas Salom\u00e3o",
            "official": "Ilhas Salom\u00e3o"
        },
        "rus": {
            "common": "\u0421\u043e\u043b\u043e\u043c\u043e\u043d\u043e\u0432\u044b \u041e\u0441\u0442\u0440\u043e\u0432\u0430",
            "official": "\u0421\u043e\u043b\u043e\u043c\u043e\u043d\u043e\u0432\u044b \u043e\u0441\u0442\u0440\u043e\u0432\u0430"
        },
        "spa": {
            "common": "Islas Salom\u00f3n",
            "official": "islas Salom\u00f3n"
        }
    },
    "coordinate": {
        "latitude": -8,
        "longitude": 159
    }
}