{
    "_id": "SLE",
    "altSpellings": [
        "SL",
        "Republic of Sierra Leone"
    ],
    "area": 71740,
    "borders": [
        "GIN",
        "LBR"
    ],
    "callingCode": [
        "232"
    ],
    "capital": "Freetown",
    "cca2": "SL",
    "cca3": "SLE",
    "ccn3": "694",
    "cioc": "SLE",
    "currency": [
        "SLL"
    ],
    "demonym": "Sierra Leonean",
    "landlocked": false,
    "languages": {
        "eng": "English"
    },
    "latlng": [
        8.5,
        -11.5
    ],
    "name": {
        "common": "Sierra Leone",
        "native": {
            "eng": {
                "common": "Sierra Leone",
                "official": "Republic of Sierra Leone"
            }
        },
        "official": "Republic of Sierra Leone"
    },
    "region": "Africa",
    "subregion": "Western Africa",
    "tld": [
        ".sl"
    ],
    "translations": {
        "deu": {
            "common": "Sierra Leone",
            "official": "Republik Sierra Leone"
        },
        "fin": {
            "common": "Sierra Leone",
            "official": "Sierra Leonen tasavalta"
        },
        "fra": {
            "common": "Sierra Leone",
            "official": "R\u00e9publique de Sierra Leone"
        },
        "hrv": {
            "common": "Sijera Leone",
            "official": "Republika Sijera Leone"
        },
        "ita": {
            "common": "Sierra Leone",
            "official": "Repubblica della Sierra Leone"
        },
        "jpn": {
            "common": "\u30b7\u30a8\u30e9\u30ec\u30aa\u30cd",
            "official": "\u30b7\u30a8\u30e9\u30ec\u30aa\u30cd\u5171\u548c\u56fd"
        },
        "nld": {
            "common": "Sierra Leone",
            "official": "Republiek Sierra Leone"
        },
        "por": {
            "common": "Serra Leoa",
            "official": "Rep\u00fablica da Serra Leoa"
        },
        "rus": {
            "common": "\u0421\u044c\u0435\u0440\u0440\u0430-\u041b\u0435\u043e\u043d\u0435",
            "official": "\u0420\u0435\u0441\u043f\u0443\u0431\u043b\u0438\u043a\u0430 \u0421\u044c\u0435\u0440\u0440\u0430- \u041b\u0435\u043e\u043d\u0435"
        },
        "spa": {
            "common": "Sierra Leone",
            "official": "Rep\u00fablica de Sierra Leona"
        }
    },
    "coordinate": {
        "latitude": 8.5,
        "longitude": -11.5
    }
}