{
    "_id": "SLV",
    "altSpellings": [
        "SV",
        "Republic of El Salvador",
        "Rep\u00fablica de El Salvador"
    ],
    "area": 21041,
    "borders": [
        "GTM",
        "HND"
    ],
    "callingCode": [
        "503"
    ],
    "capital": "San Salvador",
    "cca2": "SV",
    "cca3": "SLV",
    "ccn3": "222",
    "cioc": "ESA",
    "currency": [
        "SVC",
        "USD"
    ],
    "demonym": "Salvadoran",
    "landlocked": false,
    "languages": {
        "spa": "Spanish"
    },
    "latlng": [
        13.83333333,
        -88.91666666
    ],
    "name": {
        "common": "El Salvador",
        "native": {
            "spa": {
                "common": "El Salvador",
                "official": "Rep\u00fablica de El Salvador"
            }
        },
        "official": "Republic of El Salvador"
    },
    "region": "Americas",
    "subregion": "Central America",
    "tld": [
        ".sv"
    ],
    "translations": {
        "cym": {
            "common": "El Salvador",
            "official": "Republic of El Salvador"
        },
        "deu": {
            "common": "El Salvador",
            "official": "Republik El Salvador"
        },
        "fin": {
            "common": "El Salvador",
            "official": "El Salvadorin tasavalta"
        },
        "fra": {
            "common": "Salvador",
            "official": "R\u00e9publique d'El Salvador"
        },
        "hrv": {
            "common": "Salvador",
            "official": "Republika El Salvador"
        },
        "ita": {
            "common": "El Salvador",
            "official": "Repubblica di El Salvador"
        },
        "jpn": {
            "common": "\u30a8\u30eb\u30b5\u30eb\u30d0\u30c9\u30eb",
            "official": "\u30a8\u30eb\u30b5\u30eb\u30d0\u30c9\u30eb\u5171\u548c\u56fd"
        },
        "nld": {
            "common": "El Salvador",
            "official": "Republiek El Salvador"
        },
        "por": {
            "common": "El Salvador",
            "official": "Rep\u00fablica de El Salvador"
        },
        "rus": {
            "common": "\u0421\u0430\u043b\u044c\u0432\u0430\u0434\u043e\u0440",
            "official": "\u0420\u0435\u0441\u043f\u0443\u0431\u043b\u0438\u043a\u0430 \u042d\u043b\u044c- \u0421\u0430\u043b\u044c\u0432\u0430\u0434\u043e\u0440"
        },
        "spa": {
            "common": "El Salvador",
            "official": "Rep\u00fablica de El Salvador"
        }
    },
    "coordinate": {
        "latitude": 13.83333333,
        "longitude": -88.91666666
    }
}