{
    "_id": "SMR",
    "altSpellings": [
        "SM",
        "Republic of San Marino",
        "Repubblica di San Marino"
    ],
    "area": 61,
    "borders": [
        "ITA"
    ],
    "callingCode": [
        "378"
    ],
    "capital": "City of San Marino",
    "cca2": "SM",
    "cca3": "SMR",
    "ccn3": "674",
    "cioc": "SMR",
    "currency": [
        "EUR"
    ],
    "demonym": "Sammarinese",
    "landlocked": true,
    "languages": {
        "ita": "Italian"
    },
    "latlng": [
        43.76666666,
        12.41666666
    ],
    "name": {
        "common": "San Marino",
        "native": {
            "ita": {
                "common": "San Marino",
                "official": "Serenissima Repubblica di San Marino"
            }
        },
        "official": "Most Serene Republic of San Marino"
    },
    "region": "Europe",
    "subregion": "Southern Europe",
    "tld": [
        ".sm"
    ],
    "translations": {
        "deu": {
            "common": "San Marino",
            "official": "Die meiste ruhige Republik San Marino"
        },
        "fin": {
            "common": "San Marino",
            "official": "San Marinon seesteinen tasavalta"
        },
        "fra": {
            "common": "Saint-Marin",
            "official": "S\u00e9r\u00e9nissime R\u00e9publique de Saint-Marin"
        },
        "hrv": {
            "common": "San Marino",
            "official": "Ve\u0107ina Serene Republika San Marino"
        },
        "ita": {
            "common": "San Marino",
            "official": "Serenissima Repubblica di San Marino"
        },
        "jpn": {
            "common": "\u30b5\u30f3\u30de\u30ea\u30ce",
            "official": "\u30b5\u30f3\u30de\u30ea\u30ce\u306e\u307b\u3068\u3093\u3069\u30bb\u30ea\u30fc\u30cc\u5171\u548c\u56fd"
        },
        "nld": {
            "common": "San Marino",
            "official": "Meest Serene Republiek San Marino"
        },
        "por": {
            "common": "San Marino",
            "official": "Seren\u00edssima Rep\u00fablica de San Marino"
        },
        "rus": {
            "common": "\u0421\u0430\u043d-\u041c\u0430\u0440\u0438\u043d\u043e",
            "official": "\u0411\u043e\u043b\u044c\u0448\u0438\u043d\u0441\u0442\u0432\u043e Serene \u0420\u0435\u0441\u043f\u0443\u0431\u043b\u0438\u043a\u0430 \u0421\u0430\u043d- \u041c\u0430\u0440\u0438\u043d\u043e"
        },
        "spa": {
            "common": "San Marino",
            "official": "Seren\u00edsima Rep\u00fablica de San Marino"
        }
    },
    "coordinate": {
        "latitude": 43.76666666,
        "longitude": 12.41666666
    }
}