{
    "_id": "SOM",
    "altSpellings": [
        "SO",
        "a\u1e63-\u1e62\u016bm\u0101l",
        "Federal Republic of Somalia",
        "Jamhuuriyadda Federaalka Soomaaliya",
        "Jumh\u016briyyat a\u1e63-\u1e62\u016bm\u0101l al-Fider\u0101liyya"
    ],
    "area": 637657,
    "borders": [
        "DJI",
        "ETH",
        "KEN"
    ],
    "callingCode": [
        "252"
    ],
    "capital": "Mogadishu",
    "cca2": "SO",
    "cca3": "SOM",
    "ccn3": "706",
    "cioc": "SOM",
    "currency": [
        "SOS"
    ],
    "demonym": "Somali",
    "landlocked": false,
    "languages": {
        "ara": "Arabic",
        "som": "Somali"
    },
    "latlng": [
        10,
        49
    ],
    "name": {
        "common": "Somalia",
        "native": {
            "ara": {
                "common": "\u0627\u0644\u0635\u0648\u0645\u0627\u0644\u200e\u200e",
                "official": "\u062c\u0645\u0647\u0648\u0631\u064a\u0629 \u0627\u0644\u0635\u0648\u0645\u0627\u0644\u200e\u200e"
            },
            "som": {
                "common": "Soomaaliya",
                "official": "Jamhuuriyadda Federaalka Soomaaliya"
            }
        },
        "official": "Federal Republic of Somalia"
    },
    "region": "Africa",
    "subregion": "Eastern Africa",
    "tld": [
        ".so"
    ],
    "translations": {
        "deu": {
            "common": "Somalia",
            "official": "Bundesrepublik Somalia"
        },
        "fin": {
            "common": "Somalia",
            "official": "Somalian liittotasavalta"
        },
        "fra": {
            "common": "Somalie",
            "official": "R\u00e9publique f\u00e9d\u00e9rale de la Somalie"
        },
        "hrv": {
            "common": "Somalija",
            "official": "Savezna Republika Somaliji"
        },
        "ita": {
            "common": "Somalia",
            "official": "Repubblica federale di Somalia"
        },
        "jpn": {
            "common": "\u30bd\u30de\u30ea\u30a2",
            "official": "\u30bd\u30de\u30ea\u30a2\u9023\u90a6\u5171\u548c\u56fd"
        },
        "nld": {
            "common": "Somali\u00eb",
            "official": "Federale Republiek Somali\u00eb"
        },
        "por": {
            "common": "Som\u00e1lia",
            "official": "Rep\u00fablica Federal da Som\u00e1lia"
        },
        "rus": {
            "common": "\u0421\u043e\u043c\u0430\u043b\u0438",
            "official": "\u0424\u0435\u0434\u0435\u0440\u0430\u0442\u0438\u0432\u043d\u0430\u044f \u0420\u0435\u0441\u043f\u0443\u0431\u043b\u0438\u043a\u0430 \u0421\u043e\u043c\u0430\u043b\u0438"
        },
        "spa": {
            "common": "Somalia",
            "official": "Rep\u00fablica Federal de Somalia"
        }
    },
    "coordinate": {
        "latitude": 10,
        "longitude": 49
    }
}