{
    "_id": "SPM",
    "altSpellings": [
        "PM",
        "Collectivit\u00e9 territoriale de Saint-Pierre-et-Miquelon"
    ],
    "area": 242,
    "borders": [],
    "callingCode": [
        "508"
    ],
    "capital": "Saint-Pierre",
    "cca2": "PM",
    "cca3": "SPM",
    "ccn3": "666",
    "cioc": "",
    "currency": [
        "EUR"
    ],
    "demonym": "French",
    "landlocked": false,
    "languages": {
        "fra": "French"
    },
    "latlng": [
        46.83333333,
        -56.33333333
    ],
    "name": {
        "common": "Saint Pierre and Miquelon",
        "native": {
            "fra": {
                "common": "Saint-Pierre-et-Miquelon",
                "official": "Collectivit\u00e9 territoriale de Saint-Pierre-et-Miquelon"
            }
        },
        "official": "Saint Pierre and Miquelon"
    },
    "region": "Americas",
    "subregion": "Northern America",
    "tld": [
        ".pm"
    ],
    "translations": {
        "deu": {
            "common": "Saint-Pierre und Miquelon",
            "official": "St. Pierre und Miquelon"
        },
        "fin": {
            "common": "Saint-Pierre ja Miquelon",
            "official": "Saint-Pierre ja Miquelon"
        },
        "fra": {
            "common": "Saint-Pierre-et-Miquelon",
            "official": "Saint-Pierre-et-Miquelon"
        },
        "hrv": {
            "common": "Sveti Petar i Mikelon",
            "official": "Saint Pierre i Miquelon"
        },
        "ita": {
            "common": "Saint-Pierre e Miquelon",
            "official": "Saint Pierre e Miquelon"
        },
        "jpn": {
            "common": "\u30b5\u30f3\u30d4\u30a8\u30fc\u30eb\u5cf6\u30fb\u30df\u30af\u30ed\u30f3\u5cf6",
            "official": "\u30b5\u30f3\u30d4\u30a8\u30fc\u30eb\u5cf6\u00b7\u30df\u30af\u30ed\u30f3\u5cf6"
        },
        "nld": {
            "common": "Saint Pierre en Miquelon",
            "official": "Saint-Pierre en Miquelon"
        },
        "por": {
            "common": "Saint-Pierre e Miquelon",
            "official": "Saint Pierre e Miquelon"
        },
        "rus": {
            "common": "\u0421\u0435\u043d-\u041f\u044c\u0435\u0440 \u0438 \u041c\u0438\u043a\u0435\u043b\u043e\u043d",
            "official": "\u0421\u0435\u043d-\u041f\u044c\u0435\u0440 \u0438 \u041c\u0438\u043a\u0435\u043b\u043e\u043d"
        },
        "spa": {
            "common": "San Pedro y Miquel\u00f3n",
            "official": "San Pedro y Miquel\u00f3n"
        }
    },
    "coordinate": {
        "latitude": 46.83333333,
        "longitude": -56.33333333
    }
}