{
    "_id": "SRB",
    "altSpellings": [
        "RS",
        "Srbija",
        "Republic of Serbia",
        "\u0420\u0435\u043f\u0443\u0431\u043b\u0438\u043a\u0430 \u0421\u0440\u0431\u0438\u0458\u0430",
        "Republika Srbija"
    ],
    "area": 88361,
    "borders": [
        "BIH",
        "BGR",
        "HRV",
        "HUN",
        "KOS",
        "MKD",
        "MNE",
        "ROU"
    ],
    "callingCode": [
        "381"
    ],
    "capital": "Belgrade",
    "cca2": "RS",
    "cca3": "SRB",
    "ccn3": "688",
    "cioc": "SRB",
    "currency": [
        "RSD"
    ],
    "demonym": "Serbian",
    "landlocked": true,
    "languages": {
        "srp": "Serbian"
    },
    "latlng": [
        44,
        21
    ],
    "name": {
        "common": "Serbia",
        "native": {
            "srp": {
                "common": "\u0421\u0440\u0431\u0438\u0458\u0430",
                "official": "\u0420\u0435\u043f\u0443\u0431\u043b\u0438\u043a\u0430 \u0421\u0440\u0431\u0438\u0458\u0430"
            }
        },
        "official": "Republic of Serbia"
    },
    "region": "Europe",
    "subregion": "Southern Europe",
    "tld": [
        ".rs",
        ".\u0441\u0440\u0431"
    ],
    "translations": {
        "deu": {
            "common": "Serbien",
            "official": "Republik Serbien"
        },
        "fin": {
            "common": "Serbia",
            "official": "Serbian tasavalta"
        },
        "fra": {
            "common": "Serbie",
            "official": "R\u00e9publique de Serbie"
        },
        "hrv": {
            "common": "Srbija",
            "official": "Republika Srbija"
        },
        "ita": {
            "common": "Serbia",
            "official": "Repubblica di Serbia"
        },
        "jpn": {
            "common": "\u30bb\u30eb\u30d3\u30a2",
            "official": "\u30bb\u30eb\u30d3\u30a2\u5171\u548c\u56fd"
        },
        "nld": {
            "common": "Servi\u00eb",
            "official": "Republiek Servi\u00eb"
        },
        "por": {
            "common": "S\u00e9rvia",
            "official": "Rep\u00fablica da S\u00e9rvia"
        },
        "rus": {
            "common": "\u0421\u0435\u0440\u0431\u0438\u044f",
            "official": "\u0420\u0435\u0441\u043f\u0443\u0431\u043b\u0438\u043a\u0430 \u0421\u0435\u0440\u0431\u0438\u044f"
        },
        "spa": {
            "common": "Serbia",
            "official": "Rep\u00fablica de Serbia"
        }
    },
    "coordinate": {
        "latitude": 44,
        "longitude": 21
    }
}