{
    "_id": "SSD",
    "altSpellings": [
        "SS"
    ],
    "area": 619745,
    "borders": [
        "CAF",
        "COD",
        "ETH",
        "KEN",
        "SDN",
        "UGA"
    ],
    "callingCode": [
        "211"
    ],
    "capital": "Juba",
    "cca2": "SS",
    "cca3": "SSD",
    "ccn3": "728",
    "cioc": "",
    "currency": [
        "SSP"
    ],
    "demonym": "South Sudanese",
    "landlocked": true,
    "languages": {
        "eng": "English"
    },
    "latlng": [
        7,
        30
    ],
    "name": {
        "common": "South Sudan",
        "native": {
            "eng": {
                "common": "South Sudan",
                "official": "Republic of South Sudan"
            }
        },
        "official": "Republic of South Sudan"
    },
    "region": "Africa",
    "subregion": "Middle Africa",
    "tld": [
        ".ss"
    ],
    "translations": {
        "deu": {
            "common": "S\u00fcdsudan",
            "official": "Republik S\u00fcdsudan"
        },
        "fin": {
            "common": "Etel\u00e4-Sudan",
            "official": "Etel\u00e4-Sudanin tasavalta"
        },
        "fra": {
            "common": "Soudan du Sud",
            "official": "R\u00e9publique du Soudan du Sud"
        },
        "hrv": {
            "common": "Ju\u017eni Sudan",
            "official": "Republika Ju\u017eni Sudan"
        },
        "ita": {
            "common": "Sudan del sud",
            "official": "Repubblica del Sudan del Sud"
        },
        "jpn": {
            "common": "\u5357\u30b9\u30fc\u30c0\u30f3",
            "official": "\u5357\u30b9\u30fc\u30c0\u30f3\u5171\u548c\u56fd"
        },
        "nld": {
            "common": "Zuid-Soedan",
            "official": "Republiek Zuid-Soedan"
        },
        "por": {
            "common": "Sud\u00e3o do Sul",
            "official": "Rep\u00fablica do Sud\u00e3o do Sul"
        },
        "rus": {
            "common": "\u042e\u0436\u043d\u044b\u0439 \u0421\u0443\u0434\u0430\u043d",
            "official": "\u0420\u0435\u0441\u043f\u0443\u0431\u043b\u0438\u043a\u0430 \u042e\u0436\u043d\u044b\u0439 \u0421\u0443\u0434\u0430\u043d"
        },
        "spa": {
            "common": "Sud\u00e1n del Sur",
            "official": "Rep\u00fablica de Sud\u00e1n del Sur"
        }
    },
    "coordinate": {
        "latitude": 7,
        "longitude": 30
    }
}