{
    "_id": "STP",
    "altSpellings": [
        "ST",
        "Democratic Republic of S\u00e3o Tom\u00e9 and Pr\u00edncipe",
        "Sao Tome and Principe",
        "Rep\u00fablica Democr\u00e1tica de S\u00e3o Tom\u00e9 e Pr\u00edncipe"
    ],
    "area": 964,
    "borders": [],
    "callingCode": [
        "239"
    ],
    "capital": "S\u00e3o Tom\u00e9",
    "cca2": "ST",
    "cca3": "STP",
    "ccn3": "678",
    "cioc": "STP",
    "currency": [
        "STD"
    ],
    "demonym": "Sao Tomean",
    "landlocked": false,
    "languages": {
        "por": "Portuguese"
    },
    "latlng": [
        1,
        7
    ],
    "name": {
        "common": "S\u00e3o Tom\u00e9 and Pr\u00edncipe",
        "native": {
            "por": {
                "common": "S\u00e3o Tom\u00e9 e Pr\u00edncipe",
                "official": "Rep\u00fablica Democr\u00e1tica do S\u00e3o Tom\u00e9 e Pr\u00edncipe"
            }
        },
        "official": "Democratic Republic of S\u00e3o Tom\u00e9 and Pr\u00edncipe"
    },
    "region": "Africa",
    "subregion": "Middle Africa",
    "tld": [
        ".st"
    ],
    "translations": {
        "deu": {
            "common": "S\u00e3o Tom\u00e9 und Pr\u00edncipe",
            "official": "Demokratischen Republik S\u00e3o Tom\u00e9 und Pr\u00edncipe"
        },
        "fin": {
            "common": "S\u00e3o T\u00e9me ja Pr\u00edncipe",
            "official": "S\u00e3o Tom\u00e9 ja Pr\u00edncipen demokraattinen tasavalta"
        },
        "fra": {
            "common": "Sao Tom\u00e9-et-Principe",
            "official": "R\u00e9publique d\u00e9mocratique de S\u00e3o Tom\u00e9 et Pr\u00edncipe"
        },
        "hrv": {
            "common": "Sveti Toma i Princip",
            "official": "Demokratska Republika S\u00e3o Tome i Principe"
        },
        "ita": {
            "common": "S\u00e3o Tom\u00e9 e Pr\u00edncipe",
            "official": "Repubblica democratica di S\u00e3o Tom\u00e9 e Pr\u00edncipe"
        },
        "jpn": {
            "common": "\u30b5\u30f3\u30c8\u30e1\u30fb\u30d7\u30ea\u30f3\u30b7\u30da",
            "official": "\u30b5\u30f3\u30c8\u30e1\u00b7\u30d7\u30ea\u30f3\u30b7\u30da\u6c11\u4e3b\u5171\u548c\u56fd"
        },
        "nld": {
            "common": "Sao Tom\u00e9 en Principe",
            "official": "Democratische Republiek Sao Tom\u00e9 en Principe"
        },
        "por": {
            "common": "S\u00e3o Tom\u00e9 e Pr\u00edncipe",
            "official": "Rep\u00fablica Democr\u00e1tica de S\u00e3o Tom\u00e9 e Pr\u00edncipe"
        },
        "rus": {
            "common": "\u0421\u0430\u043d-\u0422\u043e\u043c\u0435 \u0438 \u041f\u0440\u0438\u043d\u0441\u0438\u043f\u0438",
            "official": "\u0414\u0435\u043c\u043e\u043a\u0440\u0430\u0442\u0438\u0447\u0435\u0441\u043a\u0430\u044f \u0420\u0435\u0441\u043f\u0443\u0431\u043b\u0438\u043a\u0430 \u0421\u0430\u043d-\u0422\u043e\u043c\u0435 \u0438 \u041f\u0440\u0438\u043d\u0441\u0438\u043f\u0438"
        },
        "spa": {
            "common": "Santo Tom\u00e9 y Pr\u00edncipe",
            "official": "Rep\u00fablica Democr\u00e1tica de Santo Tom\u00e9 y Pr\u00edncipe"
        }
    },
    "coordinate": {
        "latitude": 1,
        "longitude": 7
    }
}