{
    "_id": "SUR",
    "altSpellings": [
        "SR",
        "Sarnam",
        "Sranangron",
        "Republic of Suriname",
        "Republiek Suriname"
    ],
    "area": 163820,
    "borders": [
        "BRA",
        "GUF",
        "GUY"
    ],
    "callingCode": [
        "597"
    ],
    "capital": "Paramaribo",
    "cca2": "SR",
    "cca3": "SUR",
    "ccn3": "740",
    "cioc": "SUR",
    "currency": [
        "SRD"
    ],
    "demonym": "Surinamer",
    "landlocked": false,
    "languages": {
        "nld": "Dutch"
    },
    "latlng": [
        4,
        -56
    ],
    "name": {
        "common": "Suriname",
        "native": {
            "nld": {
                "common": "Suriname",
                "official": "Republiek Suriname"
            }
        },
        "official": "Republic of Suriname"
    },
    "region": "Americas",
    "subregion": "South America",
    "tld": [
        ".sr"
    ],
    "translations": {
        "deu": {
            "common": "Suriname",
            "official": "Republik Suriname"
        },
        "fin": {
            "common": "Suriname",
            "official": "Surinamen tasavalta"
        },
        "fra": {
            "common": "Surinam",
            "official": "R\u00e9publique du Suriname"
        },
        "hrv": {
            "common": "Surinam",
            "official": "Republika Surinam"
        },
        "ita": {
            "common": "Suriname",
            "official": "Repubblica del Suriname"
        },
        "jpn": {
            "common": "\u30b9\u30ea\u30ca\u30e0",
            "official": "\u30b9\u30ea\u30ca\u30e0\u5171\u548c\u56fd"
        },
        "nld": {
            "common": "Suriname",
            "official": "Republiek Suriname"
        },
        "por": {
            "common": "Suriname",
            "official": "Rep\u00fablica do Suriname"
        },
        "rus": {
            "common": "\u0421\u0443\u0440\u0438\u043d\u0430\u043c",
            "official": "\u0420\u0435\u0441\u043f\u0443\u0431\u043b\u0438\u043a\u0430 \u0421\u0443\u0440\u0438\u043d\u0430\u043c"
        },
        "spa": {
            "common": "Surinam",
            "official": "Rep\u00fablica de Suriname"
        }
    },
    "coordinate": {
        "latitude": 4,
        "longitude": -56
    }
}