{
    "_id": "SVK",
    "altSpellings": [
        "SK",
        "Slovak Republic",
        "Slovensk\u00e1 republika"
    ],
    "area": 49037,
    "borders": [
        "AUT",
        "CZE",
        "HUN",
        "POL",
        "UKR"
    ],
    "callingCode": [
        "421"
    ],
    "capital": "Bratislava",
    "cca2": "SK",
    "cca3": "SVK",
    "ccn3": "703",
    "cioc": "SVK",
    "currency": [
        "EUR"
    ],
    "demonym": "Slovak",
    "landlocked": true,
    "languages": {
        "slk": "Slovak"
    },
    "latlng": [
        48.66666666,
        19.5
    ],
    "name": {
        "common": "Slovakia",
        "native": {
            "slk": {
                "common": "Slovensko",
                "official": "Slovensk\u00e1 republika"
            }
        },
        "official": "Slovak Republic"
    },
    "region": "Europe",
    "subregion": "Eastern Europe",
    "tld": [
        ".sk"
    ],
    "translations": {
        "deu": {
            "common": "Slowakei",
            "official": "slowakische Republik"
        },
        "fin": {
            "common": "Slovakia",
            "official": "Slovakian tasavalta"
        },
        "fra": {
            "common": "Slovaquie",
            "official": "R\u00e9publique slovaque"
        },
        "hrv": {
            "common": "Slova\u010dka",
            "official": "slova\u010dka"
        },
        "ita": {
            "common": "Slovacchia",
            "official": "Repubblica slovacca"
        },
        "jpn": {
            "common": "\u30b9\u30ed\u30d0\u30ad\u30a2",
            "official": "\u30b9\u30ed\u30d0\u30ad\u30a2\u5171\u548c\u56fd"
        },
        "nld": {
            "common": "Slowakije",
            "official": "Slowaakse Republiek"
        },
        "por": {
            "common": "Eslov\u00e1quia",
            "official": "Rep\u00fablica Eslovaca"
        },
        "rus": {
            "common": "\u0421\u043b\u043e\u0432\u0430\u043a\u0438\u044f",
            "official": "\u0421\u043b\u043e\u0432\u0430\u0446\u043a\u0430\u044f \u0420\u0435\u0441\u043f\u0443\u0431\u043b\u0438\u043a\u0430"
        },
        "spa": {
            "common": "Rep\u00fablica Eslovaca",
            "official": "Rep\u00fablica Eslovaca"
        }
    },
    "coordinate": {
        "latitude": 48.66666666,
        "longitude": 19.5
    }
}