{
    "_id": "SVN",
    "altSpellings": [
        "SI",
        "Republic of Slovenia",
        "Republika Slovenija"
    ],
    "area": 20273,
    "borders": [
        "AUT",
        "HRV",
        "ITA",
        "HUN"
    ],
    "callingCode": [
        "386"
    ],
    "capital": "Ljubljana",
    "cca2": "SI",
    "cca3": "SVN",
    "ccn3": "705",
    "cioc": "SLO",
    "currency": [
        "EUR"
    ],
    "demonym": "Slovene",
    "landlocked": false,
    "languages": {
        "slv": "Slovene"
    },
    "latlng": [
        46.11666666,
        14.81666666
    ],
    "name": {
        "common": "Slovenia",
        "native": {
            "slv": {
                "common": "Slovenija",
                "official": "Republika Slovenija"
            }
        },
        "official": "Republic of Slovenia"
    },
    "region": "Europe",
    "subregion": "Southern Europe",
    "tld": [
        ".si"
    ],
    "translations": {
        "deu": {
            "common": "Slowenien",
            "official": "Republik Slowenien"
        },
        "fin": {
            "common": "Slovenia",
            "official": "Slovenian tasavalta"
        },
        "fra": {
            "common": "Slov\u00e9nie",
            "official": "R\u00e9publique de Slov\u00e9nie"
        },
        "hrv": {
            "common": "Slovenija",
            "official": "Republika Slovenija"
        },
        "ita": {
            "common": "Slovenia",
            "official": "Repubblica di Slovenia"
        },
        "jpn": {
            "common": "\u30b9\u30ed\u30d9\u30cb\u30a2",
            "official": "\u30b9\u30ed\u30d9\u30cb\u30a2\u5171\u548c\u56fd"
        },
        "nld": {
            "common": "Sloveni\u00eb",
            "official": "Republiek Sloveni\u00eb"
        },
        "por": {
            "common": "Eslov\u00e9nia",
            "official": "Rep\u00fablica da Eslov\u00e9nia"
        },
        "rus": {
            "common": "\u0421\u043b\u043e\u0432\u0435\u043d\u0438\u044f",
            "official": "\u0420\u0435\u0441\u043f\u0443\u0431\u043b\u0438\u043a\u0430 \u0421\u043b\u043e\u0432\u0435\u043d\u0438\u044f"
        },
        "spa": {
            "common": "Eslovenia",
            "official": "Rep\u00fablica de Eslovenia"
        }
    },
    "coordinate": {
        "latitude": 46.11666666,
        "longitude": 14.81666666
    }
}