{
    "_id": "SWE",
    "altSpellings": [
        "SE",
        "Kingdom of Sweden",
        "Konungariket Sverige"
    ],
    "area": 450295,
    "borders": [
        "FIN",
        "NOR"
    ],
    "callingCode": [
        "46"
    ],
    "capital": "Stockholm",
    "cca2": "SE",
    "cca3": "SWE",
    "ccn3": "752",
    "cioc": "SWE",
    "currency": [
        "SEK"
    ],
    "demonym": "Swedish",
    "landlocked": false,
    "languages": {
        "swe": "Swedish"
    },
    "latlng": [
        62,
        15
    ],
    "name": {
        "common": "Sweden",
        "native": {
            "swe": {
                "common": "Sverige",
                "official": "Konungariket Sverige"
            }
        },
        "official": "Kingdom of Sweden"
    },
    "region": "Europe",
    "subregion": "Northern Europe",
    "tld": [
        ".se"
    ],
    "translations": {
        "deu": {
            "common": "Schweden",
            "official": "K\u00f6nigreich Schweden"
        },
        "fin": {
            "common": "Ruotsi",
            "official": "Ruotsin kuningaskunta"
        },
        "fra": {
            "common": "Su\u00e8de",
            "official": "Royaume de Su\u00e8de"
        },
        "hrv": {
            "common": "\u0160vedska",
            "official": "Kraljevina \u0160vedska"
        },
        "ita": {
            "common": "Svezia",
            "official": "Regno di Svezia"
        },
        "jpn": {
            "common": "\u30b9\u30a6\u30a7\u30fc\u30c7\u30f3",
            "official": "\u30b9\u30a6\u30a7\u30fc\u30c7\u30f3\u738b\u56fd"
        },
        "nld": {
            "common": "Zweden",
            "official": "Koninkrijk Zweden"
        },
        "por": {
            "common": "Su\u00e9cia",
            "official": "Reino da Su\u00e9cia"
        },
        "rus": {
            "common": "\u0428\u0432\u0435\u0446\u0438\u044f",
            "official": "\u041a\u043e\u0440\u043e\u043b\u0435\u0432\u0441\u0442\u0432\u043e \u0428\u0432\u0435\u0446\u0438\u044f"
        },
        "spa": {
            "common": "Suecia",
            "official": "Reino de Suecia"
        }
    },
    "coordinate": {
        "latitude": 62,
        "longitude": 15
    }
}