{
    "_id": "SWZ",
    "altSpellings": [
        "SZ",
        "weSwatini",
        "Swatini",
        "Ngwane",
        "Kingdom of Swaziland",
        "Umbuso waseSwatini"
    ],
    "area": 17364,
    "borders": [
        "MOZ",
        "ZAF"
    ],
    "callingCode": [
        "268"
    ],
    "capital": "Lobamba",
    "cca2": "SZ",
    "cca3": "SWZ",
    "ccn3": "748",
    "cioc": "SWZ",
    "currency": [
        "SZL"
    ],
    "demonym": "Swazi",
    "landlocked": true,
    "languages": {
        "eng": "English",
        "ssw": "Swazi"
    },
    "latlng": [
        -26.5,
        31.5
    ],
    "name": {
        "common": "Swaziland",
        "native": {
            "eng": {
                "common": "Swaziland",
                "official": "Kingdom of Swaziland"
            },
            "ssw": {
                "common": "Swaziland",
                "official": "Kingdom of Swaziland"
            }
        },
        "official": "Kingdom of Swaziland"
    },
    "region": "Africa",
    "subregion": "Southern Africa",
    "tld": [
        ".sz"
    ],
    "translations": {
        "deu": {
            "common": "Swasiland",
            "official": "K\u00f6nigreich Swasiland"
        },
        "fin": {
            "common": "Swazimaa",
            "official": "Swazimaan kuningaskunta"
        },
        "fra": {
            "common": "Swaziland",
            "official": "Royaume du Swaziland"
        },
        "hrv": {
            "common": "Svazi",
            "official": "Kraljevina Svazi"
        },
        "ita": {
            "common": "Swaziland",
            "official": "Regno dello Swaziland"
        },
        "jpn": {
            "common": "\u30b9\u30ef\u30b8\u30e9\u30f3\u30c9",
            "official": "\u30b9\u30ef\u30b8\u30e9\u30f3\u30c9\u738b\u56fd"
        },
        "nld": {
            "common": "Swaziland",
            "official": "Koninkrijk Swaziland"
        },
        "por": {
            "common": "Suazil\u00e2ndia",
            "official": "Reino da Suazil\u00e2ndia"
        },
        "rus": {
            "common": "\u0421\u0432\u0430\u0437\u0438\u043b\u0435\u043d\u0434",
            "official": "\u041a\u043e\u0440\u043e\u043b\u0435\u0432\u0441\u0442\u0432\u043e \u0421\u0432\u0430\u0437\u0438\u043b\u0435\u043d\u0434"
        },
        "spa": {
            "common": "Suazilandia",
            "official": "Reino de Swazilandia"
        }
    },
    "coordinate": {
        "latitude": -26.5,
        "longitude": 31.5
    }
}