{
    "_id": "SXM",
    "altSpellings": [
        "SX",
        "Sint Maarten (Dutch part)"
    ],
    "area": 34,
    "borders": [
        "MAF"
    ],
    "callingCode": [
        "1721"
    ],
    "capital": "Philipsburg",
    "cca2": "SX",
    "cca3": "SXM",
    "ccn3": "534",
    "cioc": "",
    "currency": [
        "ANG"
    ],
    "demonym": "St. Maartener",
    "landlocked": false,
    "languages": {
        "eng": "English",
        "fra": "French",
        "nld": "Dutch"
    },
    "latlng": [
        18.033333,
        -63.05
    ],
    "name": {
        "common": "Sint Maarten",
        "native": {
            "eng": {
                "common": "Sint Maarten",
                "official": "Sint Maarten"
            },
            "fra": {
                "common": "Saint-Martin",
                "official": "Saint-Martin"
            },
            "nld": {
                "common": "Sint Maarten",
                "official": "Sint Maarten"
            }
        },
        "official": "Sint Maarten"
    },
    "region": "Americas",
    "subregion": "Caribbean",
    "tld": [
        ".sx"
    ],
    "translations": {
        "deu": {
            "common": "Sint Maarten",
            "official": "Sint Maarten"
        },
        "fin": {
            "common": "Sint Maarten",
            "official": "Sint Maarten"
        },
        "fra": {
            "common": "Saint-Martin",
            "official": "Sint Maarten"
        },
        "ita": {
            "common": "Sint Maarten",
            "official": "Sint Maarten"
        },
        "jpn": {
            "common": "\u30b7\u30f3\u30c8\u30fb\u30de\u30fc\u30eb\u30c6\u30f3",
            "official": "\u30b7\u30f3\u30c8\u30de\u30fc\u30eb\u30c6\u30f3\u5cf6"
        },
        "nld": {
            "common": "Sint Maarten",
            "official": "Sint Maarten"
        },
        "por": {
            "common": "S\u00e3o Martinho",
            "official": "Sint Maarten"
        },
        "rus": {
            "common": "\u0421\u0438\u043d\u0442-\u041c\u0430\u0440\u0442\u0435\u043d",
            "official": "\u0421\u0438\u043d\u0442-\u041c\u0430\u0430\u0440\u0442\u0435\u043d"
        },
        "spa": {
            "common": "Sint Maarten",
            "official": "Sint Maarten"
        }
    },
    "coordinate": {
        "latitude": 18.033333,
        "longitude": -63.05
    }
}