{
    "_id": "SYC",
    "altSpellings": [
        "SC",
        "Republic of Seychelles",
        "Repiblik Sesel",
        "R\u00e9publique des Seychelles"
    ],
    "area": 452,
    "borders": [],
    "callingCode": [
        "248"
    ],
    "capital": "Victoria",
    "cca2": "SC",
    "cca3": "SYC",
    "ccn3": "690",
    "cioc": "SEY",
    "currency": [
        "SCR"
    ],
    "demonym": "Seychellois",
    "landlocked": false,
    "languages": {
        "crs": "Seychellois Creole",
        "eng": "English",
        "fra": "French"
    },
    "latlng": [
        -4.58333333,
        55.66666666
    ],
    "name": {
        "common": "Seychelles",
        "native": {
            "crs": {
                "common": "Sesel",
                "official": "Repiblik Sesel"
            },
            "eng": {
                "common": "Seychelles",
                "official": "Republic of Seychelles"
            },
            "fra": {
                "common": "Seychelles",
                "official": "R\u00e9publique des Seychelles"
            }
        },
        "official": "Republic of Seychelles"
    },
    "region": "Africa",
    "subregion": "Eastern Africa",
    "tld": [
        ".sc"
    ],
    "translations": {
        "deu": {
            "common": "Seychellen",
            "official": "Republik der Seychellen"
        },
        "fin": {
            "common": "Seychellit",
            "official": "Seychellien tasavalta"
        },
        "fra": {
            "common": "Seychelles",
            "official": "R\u00e9publique des Seychelles"
        },
        "hrv": {
            "common": "Sej\u0161eli",
            "official": "Republika Sej\u0161eli"
        },
        "ita": {
            "common": "Seychelles",
            "official": "Repubblica delle Seychelles"
        },
        "jpn": {
            "common": "\u30bb\u30fc\u30b7\u30a7\u30eb",
            "official": "\u30bb\u30a4\u30b7\u30a7\u30eb\u5171\u548c\u56fd"
        },
        "nld": {
            "common": "Seychellen",
            "official": "Republiek der Seychellen"
        },
        "por": {
            "common": "Seicheles",
            "official": "Rep\u00fablica das Seychelles"
        },
        "rus": {
            "common": "\u0421\u0435\u0439\u0448\u0435\u043b\u044c\u0441\u043a\u0438\u0435 \u041e\u0441\u0442\u0440\u043e\u0432\u0430",
            "official": "\u0420\u0435\u0441\u043f\u0443\u0431\u043b\u0438\u043a\u0430 \u0421\u0435\u0439\u0448\u0435\u043b\u044c\u0441\u043a\u0438\u0435 \u041e\u0441\u0442\u0440\u043e\u0432\u0430"
        },
        "spa": {
            "common": "Seychelles",
            "official": "Rep\u00fablica de las Seychelles"
        }
    },
    "coordinate": {
        "latitude": -4.58333333,
        "longitude": 55.66666666
    }
}