{
    "_id": "SYR",
    "altSpellings": [
        "SY",
        "Syrian Arab Republic",
        "Al-Jumh\u016br\u012byah Al-\u02bbArab\u012byah As-S\u016br\u012byah"
    ],
    "area": 185180,
    "borders": [
        "IRQ",
        "ISR",
        "JOR",
        "LBN",
        "TUR"
    ],
    "callingCode": [
        "963"
    ],
    "capital": "Damascus",
    "cca2": "SY",
    "cca3": "SYR",
    "ccn3": "760",
    "cioc": "SYR",
    "currency": [
        "SYP"
    ],
    "demonym": "Syrian",
    "landlocked": false,
    "languages": {
        "ara": "Arabic"
    },
    "latlng": [
        35,
        38
    ],
    "name": {
        "common": "Syria",
        "native": {
            "ara": {
                "common": "\u0633\u0648\u0631\u064a\u0627",
                "official": "\u0627\u0644\u062c\u0645\u0647\u0648\u0631\u064a\u0629 \u0627\u0644\u0639\u0631\u0628\u064a\u0629 \u0627\u0644\u0633\u0648\u0631\u064a\u0629"
            }
        },
        "official": "Syrian Arab Republic"
    },
    "region": "Asia",
    "subregion": "Western Asia",
    "tld": [
        ".sy",
        "\u0633\u0648\u0631\u064a\u0627."
    ],
    "translations": {
        "deu": {
            "common": "Syrien",
            "official": "Arabische Republik Syrien"
        },
        "fin": {
            "common": "Syyria",
            "official": "Syyrian arabitasavalta"
        },
        "fra": {
            "common": "Syrie",
            "official": "R\u00e9publique arabe syrienne"
        },
        "hrv": {
            "common": "Sirija",
            "official": "Sirijska Arapska Republika"
        },
        "ita": {
            "common": "Siria",
            "official": "Repubblica araba siriana"
        },
        "jpn": {
            "common": "\u30b7\u30ea\u30a2\u30fb\u30a2\u30e9\u30d6\u5171\u548c\u56fd",
            "official": "\u30b7\u30ea\u30a2\u30a2\u30e9\u30d6\u5171\u548c\u56fd"
        },
        "nld": {
            "common": "Syri\u00eb",
            "official": "Syrische Arabische Republiek"
        },
        "por": {
            "common": "S\u00edria",
            "official": "Rep\u00fablica \u00c1rabe S\u00edria"
        },
        "rus": {
            "common": "\u0421\u0438\u0440\u0438\u044f",
            "official": "\u0421\u0438\u0440\u0438\u0439\u0441\u043a\u0430\u044f \u0410\u0440\u0430\u0431\u0441\u043a\u0430\u044f \u0420\u0435\u0441\u043f\u0443\u0431\u043b\u0438\u043a\u0430"
        },
        "spa": {
            "common": "Siria",
            "official": "Rep\u00fablica \u00c1rabe Siria"
        }
    },
    "coordinate": {
        "latitude": 35,
        "longitude": 38
    }
}