{
    "_id": "TCA",
    "altSpellings": [
        "TC"
    ],
    "area": 948,
    "borders": [],
    "callingCode": [
        "1649"
    ],
    "capital": "Cockburn Town",
    "cca2": "TC",
    "cca3": "TCA",
    "ccn3": "796",
    "cioc": "",
    "currency": [
        "USD"
    ],
    "demonym": "Turks and Caicos Islander",
    "landlocked": false,
    "languages": {
        "eng": "English"
    },
    "latlng": [
        21.75,
        -71.58333333
    ],
    "name": {
        "common": "Turks and Caicos Islands",
        "native": {
            "eng": {
                "common": "Turks and Caicos Islands",
                "official": "Turks and Caicos Islands"
            }
        },
        "official": "Turks and Caicos Islands"
    },
    "region": "Americas",
    "subregion": "Caribbean",
    "tld": [
        ".tc"
    ],
    "translations": {
        "deu": {
            "common": "Turks- und Caicosinseln",
            "official": "Turks und Caicos Inseln"
        },
        "fin": {
            "common": "Turks- ja Caicossaaret",
            "official": "Turks- ja Caicossaaret"
        },
        "fra": {
            "common": "\u00celes Turques-et-Ca\u00efques",
            "official": "\u00celes Turques et Ca\u00efques"
        },
        "hrv": {
            "common": "Otoci Turks i Caicos",
            "official": "Otoci Turks i Caicos"
        },
        "ita": {
            "common": "Isole Turks e Caicos",
            "official": "Turks e Caicos"
        },
        "jpn": {
            "common": "\u30bf\u30fc\u30af\u30b9\u30fb\u30ab\u30a4\u30b3\u30b9\u8af8\u5cf6",
            "official": "\u30bf\u30fc\u30af\u30b9\u00b7\u30ab\u30a4\u30b3\u30b9\u8af8\u5cf6"
        },
        "nld": {
            "common": "Turks- en Caicoseilanden",
            "official": "Turks- en Caicoseilanden"
        },
        "por": {
            "common": "Ilhas Turks e Caicos",
            "official": "Ilhas Turks e Caicos"
        },
        "rus": {
            "common": "\u0422\u0435\u0440\u043a\u0441 \u0438 \u041a\u0430\u0439\u043a\u043e\u0441",
            "official": "\u0422\u0435\u0440\u043a\u0441 \u0438 \u041a\u0430\u0439\u043a\u043e\u0441 \u043e\u0441\u0442\u0440\u043e\u0432\u0430"
        },
        "spa": {
            "common": "Islas Turks y Caicos",
            "official": "Islas Turcas y Caicos"
        }
    },
    "coordinate": {
        "latitude": 21.75,
        "longitude": -71.58333333
    }
}