{
    "_id": "TCD",
    "altSpellings": [
        "TD",
        "Tchad",
        "Republic of Chad",
        "R\u00e9publique du Tchad"
    ],
    "area": 1284000.0,
    "borders": [
        "CMR",
        "CAF",
        "LBY",
        "NER",
        "NGA",
        "SSD"
    ],
    "callingCode": [
        "235"
    ],
    "capital": "N'Djamena",
    "cca2": "TD",
    "cca3": "TCD",
    "ccn3": "148",
    "cioc": "CHA",
    "currency": [
        "XAF"
    ],
    "demonym": "Chadian",
    "landlocked": true,
    "languages": {
        "ara": "Arabic",
        "fra": "French"
    },
    "latlng": [
        15,
        19
    ],
    "name": {
        "common": "Chad",
        "native": {
            "ara": {
                "common": "\u062a\u0634\u0627\u062f\u200e",
                "official": "\u062c\u0645\u0647\u0648\u0631\u064a\u0629 \u062a\u0634\u0627\u062f"
            },
            "fra": {
                "common": "Tchad",
                "official": "R\u00e9publique du Tchad"
            }
        },
        "official": "Republic of Chad"
    },
    "region": "Africa",
    "subregion": "Middle Africa",
    "tld": [
        ".td"
    ],
    "translations": {
        "cym": {
            "common": "Tsiad",
            "official": "Republic of Chad"
        },
        "deu": {
            "common": "Tschad",
            "official": "Republik Tschad"
        },
        "fin": {
            "common": "T\u0161ad",
            "official": "T\u0161adin tasavalta"
        },
        "fra": {
            "common": "Tchad",
            "official": "R\u00e9publique du Tchad"
        },
        "hrv": {
            "common": "\u010cad",
            "official": "\u010cadu"
        },
        "ita": {
            "common": "Ciad",
            "official": "Repubblica del Ciad"
        },
        "jpn": {
            "common": "\u30c1\u30e3\u30c9",
            "official": "\u30c1\u30e3\u30c9\u5171\u548c\u56fd"
        },
        "nld": {
            "common": "Tsjaad",
            "official": "Republiek Tsjaad"
        },
        "por": {
            "common": "Chade",
            "official": "Rep\u00fablica do Chade"
        },
        "rus": {
            "common": "\u0427\u0430\u0434",
            "official": "\u0420\u0435\u0441\u043f\u0443\u0431\u043b\u0438\u043a\u0430 \u0427\u0430\u0434"
        },
        "spa": {
            "common": "Chad",
            "official": "Rep\u00fablica de Chad"
        }
    },
    "coordinate": {
        "latitude": 15,
        "longitude": 19
    }
}