{
    "_id": "TGO",
    "altSpellings": [
        "TG",
        "Togolese",
        "Togolese Republic",
        "R\u00e9publique Togolaise"
    ],
    "area": 56785,
    "borders": [
        "BEN",
        "BFA",
        "GHA"
    ],
    "callingCode": [
        "228"
    ],
    "capital": "Lom\u00e9",
    "cca2": "TG",
    "cca3": "TGO",
    "ccn3": "768",
    "cioc": "TOG",
    "currency": [
        "XOF"
    ],
    "demonym": "Togolese",
    "landlocked": false,
    "languages": {
        "fra": "French"
    },
    "latlng": [
        8,
        1.16666666
    ],
    "name": {
        "common": "Togo",
        "native": {
            "fra": {
                "common": "Togo",
                "official": "R\u00e9publique togolaise"
            }
        },
        "official": "Togolese Republic"
    },
    "region": "Africa",
    "subregion": "Western Africa",
    "tld": [
        ".tg"
    ],
    "translations": {
        "deu": {
            "common": "Togo",
            "official": "Republik Togo"
        },
        "fin": {
            "common": "Togo",
            "official": "Togon tasavalta"
        },
        "fra": {
            "common": "Togo",
            "official": "R\u00e9publique togolaise"
        },
        "hrv": {
            "common": "Togo",
            "official": "Togolese Republika"
        },
        "ita": {
            "common": "Togo",
            "official": "Repubblica del Togo"
        },
        "jpn": {
            "common": "\u30c8\u30fc\u30b4",
            "official": "\u30c8\u30fc\u30b4\u5171\u548c\u56fd"
        },
        "nld": {
            "common": "Togo",
            "official": "Republiek Togo"
        },
        "por": {
            "common": "Togo",
            "official": "Rep\u00fablica do Togo"
        },
        "rus": {
            "common": "\u0422\u043e\u0433\u043e",
            "official": "\u0422\u043e\u0433\u043e \u0420\u0435\u0441\u043f\u0443\u0431\u043b\u0438\u043a\u0430"
        },
        "spa": {
            "common": "Togo",
            "official": "Rep\u00fablica de Togo"
        }
    },
    "coordinate": {
        "latitude": 8,
        "longitude": 1.16666666
    }
}