{
    "_id": "THA",
    "altSpellings": [
        "TH",
        "Prathet",
        "Thai",
        "Kingdom of Thailand",
        "\u0e23\u0e32\u0e0a\u0e2d\u0e32\u0e13\u0e32\u0e08\u0e31\u0e01\u0e23\u0e44\u0e17\u0e22",
        "Ratcha Anachak Thai"
    ],
    "area": 513120,
    "borders": [
        "MMR",
        "KHM",
        "LAO",
        "MYS"
    ],
    "callingCode": [
        "66"
    ],
    "capital": "Bangkok",
    "cca2": "TH",
    "cca3": "THA",
    "ccn3": "764",
    "cioc": "THA",
    "currency": [
        "THB"
    ],
    "demonym": "Thai",
    "landlocked": false,
    "languages": {
        "tha": "Thai"
    },
    "latlng": [
        15,
        100
    ],
    "name": {
        "common": "Thailand",
        "native": {
            "tha": {
                "common": "\u0e1b\u0e23\u0e30\u0e40\u0e17\u0e28\u0e44\u0e17\u0e22",
                "official": "\u0e23\u0e32\u0e0a\u0e2d\u0e32\u0e13\u0e32\u0e08\u0e31\u0e01\u0e23\u0e44\u0e17\u0e22"
            }
        },
        "official": "Kingdom of Thailand"
    },
    "region": "Asia",
    "subregion": "South-Eastern Asia",
    "tld": [
        ".th",
        ".\u0e44\u0e17\u0e22"
    ],
    "translations": {
        "deu": {
            "common": "Thailand",
            "official": "K\u00f6nigreich Thailand"
        },
        "fin": {
            "common": "Thaimaa",
            "official": "Thaimaan kuningaskunta"
        },
        "fra": {
            "common": "Tha\u00eflande",
            "official": "Royaume de Tha\u00eflande"
        },
        "hrv": {
            "common": "Tajland",
            "official": "Kraljevina Tajland"
        },
        "ita": {
            "common": "Tailandia",
            "official": "Regno di Thailandia"
        },
        "jpn": {
            "common": "\u30bf\u30a4",
            "official": "\u30bf\u30a4\u738b\u56fd"
        },
        "nld": {
            "common": "Thailand",
            "official": "Koninkrijk Thailand"
        },
        "por": {
            "common": "Tail\u00e2ndia",
            "official": "Reino da Tail\u00e2ndia"
        },
        "rus": {
            "common": "\u0422\u0430\u0438\u043b\u0430\u043d\u0434",
            "official": "\u041a\u043e\u0440\u043e\u043b\u0435\u0432\u0441\u0442\u0432\u043e \u0422\u0430\u0438\u043b\u0430\u043d\u0434"
        },
        "spa": {
            "common": "Tailandia",
            "official": "Reino de Tailandia"
        }
    },
    "coordinate": {
        "latitude": 15,
        "longitude": 100
    }
}