{
    "_id": "TJK",
    "altSpellings": [
        "TJ",
        "To\u00e7ikiston",
        "Republic of Tajikistan",
        "\u04b6\u0443\u043c\u04b3\u0443\u0440\u0438\u0438 \u0422\u043e\u04b7\u0438\u043a\u0438\u0441\u0442\u043e\u043d",
        "\u00c7umhuriyi To\u00e7ikiston"
    ],
    "area": 143100,
    "borders": [
        "AFG",
        "CHN",
        "KGZ",
        "UZB"
    ],
    "callingCode": [
        "992"
    ],
    "capital": "Dushanbe",
    "cca2": "TJ",
    "cca3": "TJK",
    "ccn3": "762",
    "cioc": "TJK",
    "currency": [
        "TJS"
    ],
    "demonym": "Tadzhik",
    "landlocked": true,
    "languages": {
        "rus": "Russian",
        "tgk": "Tajik"
    },
    "latlng": [
        39,
        71
    ],
    "name": {
        "common": "Tajikistan",
        "native": {
            "rus": {
                "common": "\u0422\u0430\u0434\u0436\u0438\u043a\u0438\u0441\u0442\u0430\u043d",
                "official": "\u0420\u0435\u0441\u043f\u0443\u0431\u043b\u0438\u043a\u0430 \u0422\u0430\u0434\u0436\u0438\u043a\u0438\u0441\u0442\u0430\u043d"
            },
            "tgk": {
                "common": "\u0422\u043e\u04b7\u0438\u043a\u0438\u0441\u0442\u043e\u043d",
                "official": "\u04b6\u0443\u043c\u04b3\u0443\u0440\u0438\u0438 \u0422\u043e\u04b7\u0438\u043a\u0438\u0441\u0442\u043e\u043d"
            }
        },
        "official": "Republic of Tajikistan"
    },
    "region": "Asia",
    "subregion": "Central Asia",
    "tld": [
        ".tj"
    ],
    "translations": {
        "deu": {
            "common": "Tadschikistan",
            "official": "Republik Tadschikistan"
        },
        "fin": {
            "common": "Tad\u017eikistan",
            "official": "Tad\u017eikistanin tasavalta"
        },
        "fra": {
            "common": "Tadjikistan",
            "official": "R\u00e9publique du Tadjikistan"
        },
        "hrv": {
            "common": "Ta\u0111ikistan",
            "official": "Republika Tad\u017eikistan"
        },
        "ita": {
            "common": "Tagikistan",
            "official": "Repubblica del Tajikistan"
        },
        "jpn": {
            "common": "\u30bf\u30b8\u30ad\u30b9\u30bf\u30f3",
            "official": "\u30bf\u30b8\u30ad\u30b9\u30bf\u30f3\u5171\u548c\u56fd"
        },
        "nld": {
            "common": "Tadzjikistan",
            "official": "Tadzjikistan"
        },
        "por": {
            "common": "Tajiquist\u00e3o",
            "official": "Rep\u00fablica do Tajiquist\u00e3o"
        },
        "rus": {
            "common": "\u0422\u0430\u0434\u0436\u0438\u043a\u0438\u0441\u0442\u0430\u043d",
            "official": "\u0420\u0435\u0441\u043f\u0443\u0431\u043b\u0438\u043a\u0430 \u0422\u0430\u0434\u0436\u0438\u043a\u0438\u0441\u0442\u0430\u043d"
        },
        "spa": {
            "common": "Tayikist\u00e1n",
            "official": "Rep\u00fablica de Tayikist\u00e1n"
        }
    },
    "coordinate": {
        "latitude": 39,
        "longitude": 71
    }
}