{
    "_id": "TKL",
    "altSpellings": [
        "TK"
    ],
    "area": 12,
    "borders": [],
    "callingCode": [
        "690"
    ],
    "capital": "Fakaofo",
    "cca2": "TK",
    "cca3": "TKL",
    "ccn3": "772",
    "cioc": "",
    "currency": [
        "NZD"
    ],
    "demonym": "Tokelauan",
    "landlocked": false,
    "languages": {
        "eng": "English",
        "smo": "Samoan",
        "tkl": "Tokelauan"
    },
    "latlng": [
        -9,
        -172
    ],
    "name": {
        "common": "Tokelau",
        "native": {
            "eng": {
                "common": "Tokelau",
                "official": "Tokelau"
            },
            "smo": {
                "common": "Tokelau",
                "official": "Tokelau"
            },
            "tkl": {
                "common": "Tokelau",
                "official": "Tokelau"
            }
        },
        "official": "Tokelau"
    },
    "region": "Oceania",
    "subregion": "Polynesia",
    "tld": [
        ".tk"
    ],
    "translations": {
        "deu": {
            "common": "Tokelau",
            "official": "Tokelau"
        },
        "fin": {
            "common": "Tokelau",
            "official": "Tokelau"
        },
        "fra": {
            "common": "Tokelau",
            "official": "Tok\u00e9laou"
        },
        "hrv": {
            "common": "Tokelau",
            "official": "Tokelau"
        },
        "ita": {
            "common": "Isole Tokelau",
            "official": "Tokelau"
        },
        "jpn": {
            "common": "\u30c8\u30b1\u30e9\u30a6",
            "official": "\u30c8\u30b1\u30e9\u30a6\u8af8\u5cf6"
        },
        "nld": {
            "common": "Tokelau",
            "official": "Tokelau"
        },
        "por": {
            "common": "Tokelau",
            "official": "Tokelau"
        },
        "rus": {
            "common": "\u0422\u043e\u043a\u0435\u043b\u0430\u0443",
            "official": "\u0422\u043e\u043a\u0435\u043b\u0430\u0443"
        },
        "spa": {
            "common": "Islas Tokelau",
            "official": "Tokelau"
        }
    },
    "coordinate": {
        "latitude": -9,
        "longitude": -172
    }
}