{
    "_id": "TKM",
    "altSpellings": [
        "TM"
    ],
    "area": 488100,
    "borders": [
        "AFG",
        "IRN",
        "KAZ",
        "UZB"
    ],
    "callingCode": [
        "993"
    ],
    "capital": "Ashgabat",
    "cca2": "TM",
    "cca3": "TKM",
    "ccn3": "795",
    "cioc": "TKM",
    "currency": [
        "TMT"
    ],
    "demonym": "Turkmen",
    "landlocked": true,
    "languages": {
        "rus": "Russian",
        "tuk": "Turkmen"
    },
    "latlng": [
        40,
        60
    ],
    "name": {
        "common": "Turkmenistan",
        "native": {
            "rus": {
                "common": "\u0422\u0443\u0440\u043a\u043c\u0435\u043d\u0438\u044f",
                "official": "\u0422\u0443\u0440\u043a\u043c\u0435\u043d\u0438\u0441\u0442\u0430\u043d"
            },
            "tuk": {
                "common": "T\u00fcrkmenistan",
                "official": "T\u00fcrkmenistan"
            }
        },
        "official": "Turkmenistan"
    },
    "region": "Asia",
    "subregion": "Central Asia",
    "tld": [
        ".tm"
    ],
    "translations": {
        "deu": {
            "common": "Turkmenistan",
            "official": "Turkmenistan"
        },
        "fin": {
            "common": "Turkmenistan",
            "official": "Turkmenistan"
        },
        "fra": {
            "common": "Turkm\u00e9nistan",
            "official": "Turkm\u00e9nistan"
        },
        "hrv": {
            "common": "Turkmenistan",
            "official": "Turkmenistan"
        },
        "ita": {
            "common": "Turkmenistan",
            "official": "Turkmenistan"
        },
        "jpn": {
            "common": "\u30c8\u30eb\u30af\u30e1\u30cb\u30b9\u30bf\u30f3",
            "official": "\u30c8\u30eb\u30af\u30e1\u30cb\u30b9\u30bf\u30f3"
        },
        "nld": {
            "common": "Turkmenistan",
            "official": "Turkmenistan"
        },
        "por": {
            "common": "Turquemenist\u00e3o",
            "official": "Turcomenist\u00e3o"
        },
        "rus": {
            "common": "\u0422\u0443\u0440\u043a\u043c\u0435\u043d\u0438\u044f",
            "official": "\u0422\u0443\u0440\u043a\u043c\u0435\u043d\u0438\u0441\u0442\u0430\u043d"
        },
        "spa": {
            "common": "Turkmenist\u00e1n",
            "official": "Turkmenist\u00e1n"
        }
    },
    "coordinate": {
        "latitude": 40,
        "longitude": 60
    }
}