{
    "_id": "TLS",
    "altSpellings": [
        "TL",
        "East Timor",
        "Democratic Republic of Timor-Leste",
        "Rep\u00fablica Democr\u00e1tica de Timor-Leste",
        "Rep\u00fablika Demokr\u00e1tika Tim\u00f3r-Leste",
        "Tim\u00f3r Lorosa'e",
        "Timor Lorosae"
    ],
    "area": 14874,
    "borders": [
        "IDN"
    ],
    "callingCode": [
        "670"
    ],
    "capital": "Dili",
    "cca2": "TL",
    "cca3": "TLS",
    "ccn3": "626",
    "cioc": "TLS",
    "currency": [
        "USD"
    ],
    "demonym": "East Timorese",
    "landlocked": false,
    "languages": {
        "por": "Portuguese",
        "tet": "Tetum"
    },
    "latlng": [
        -8.83333333,
        125.91666666
    ],
    "name": {
        "common": "Timor-Leste",
        "native": {
            "por": {
                "common": "Timor-Leste",
                "official": "Rep\u00fablica Democr\u00e1tica de Timor-Leste"
            },
            "tet": {
                "common": "Tim\u00f3r-Leste",
                "official": "Rep\u00fablika Demokr\u00e1tika Tim\u00f3r-Leste"
            }
        },
        "official": "Democratic Republic of Timor-Leste"
    },
    "region": "Asia",
    "subregion": "South-Eastern Asia",
    "tld": [
        ".tl"
    ],
    "translations": {
        "deu": {
            "common": "Timor-Leste",
            "official": "Demokratische Republik Timor-Leste"
        },
        "fin": {
            "common": "It\u00e4-Timor",
            "official": "It\u00e4-Timorin demokraattinen tasavalta"
        },
        "fra": {
            "common": "Timor oriental",
            "official": "R\u00e9publique d\u00e9mocratique du Timor -Leste"
        },
        "hrv": {
            "common": "Isto\u010dni Timor",
            "official": "Demokratska Republika Timor - Leste"
        },
        "ita": {
            "common": "Timor Est",
            "official": "Repubblica Democratica di Timor Est"
        },
        "jpn": {
            "common": "\u6771\u30c6\u30a3\u30e2\u30fc\u30eb",
            "official": "\u6771\u30c6\u30a3\u30e2\u30fc\u30eb\u6c11\u4e3b\u5171\u548c\u56fd"
        },
        "nld": {
            "common": "Oost-Timor",
            "official": "Democratische Republiek Oost - Timor"
        },
        "por": {
            "common": "Timor-Leste",
            "official": "Rep\u00fablica Democr\u00e1tica de Timor-Leste"
        },
        "rus": {
            "common": "\u0412\u043e\u0441\u0442\u043e\u0447\u043d\u044b\u0439 \u0422\u0438\u043c\u043e\u0440",
            "official": "\u0414\u0435\u043c\u043e\u043a\u0440\u0430\u0442\u0438\u0447\u0435\u0441\u043a\u0430\u044f \u0420\u0435\u0441\u043f\u0443\u0431\u043b\u0438\u043a\u0430 \u0422\u0438\u043c\u043e\u0440 -\u041b\u0435\u0448\u0442\u0438"
        },
        "spa": {
            "common": "Timor Oriental",
            "official": "Rep\u00fablica Democr\u00e1tica de Timor-Leste"
        }
    },
    "coordinate": {
        "latitude": -8.83333333,
        "longitude": 125.91666666
    }
}