{
    "_id": "TON",
    "altSpellings": [
        "TO"
    ],
    "area": 747,
    "borders": [],
    "callingCode": [
        "676"
    ],
    "capital": "Nuku'alofa",
    "cca2": "TO",
    "cca3": "TON",
    "ccn3": "776",
    "cioc": "TGA",
    "currency": [
        "TOP"
    ],
    "demonym": "Tongan",
    "landlocked": false,
    "languages": {
        "eng": "English",
        "ton": "Tongan"
    },
    "latlng": [
        -20,
        -175
    ],
    "name": {
        "common": "Tonga",
        "native": {
            "eng": {
                "common": "Tonga",
                "official": "Kingdom of Tonga"
            },
            "ton": {
                "common": "Tonga",
                "official": "Kingdom of Tonga"
            }
        },
        "official": "Kingdom of Tonga"
    },
    "region": "Oceania",
    "subregion": "Polynesia",
    "tld": [
        ".to"
    ],
    "translations": {
        "deu": {
            "common": "Tonga",
            "official": "K\u00f6nigreich Tonga"
        },
        "fin": {
            "common": "Tonga",
            "official": "Tongan kuningaskunta"
        },
        "fra": {
            "common": "Tonga",
            "official": "Royaume des Tonga"
        },
        "hrv": {
            "common": "Tonga",
            "official": "Kraljevina Tonga"
        },
        "ita": {
            "common": "Tonga",
            "official": "Regno di Tonga"
        },
        "jpn": {
            "common": "\u30c8\u30f3\u30ac",
            "official": "\u30c8\u30f3\u30ac\u738b\u56fd"
        },
        "nld": {
            "common": "Tonga",
            "official": "Koninkrijk Tonga"
        },
        "por": {
            "common": "Tonga",
            "official": "Reino de Tonga"
        },
        "rus": {
            "common": "\u0422\u043e\u043d\u0433\u0430",
            "official": "\u041a\u043e\u0440\u043e\u043b\u0435\u0432\u0441\u0442\u0432\u043e \u0422\u043e\u043d\u0433\u0430"
        },
        "spa": {
            "common": "Tonga",
            "official": "Reino de Tonga"
        }
    },
    "coordinate": {
        "latitude": -20,
        "longitude": -175
    }
}