{
    "_id": "TTO",
    "altSpellings": [
        "TT",
        "Republic of Trinidad and Tobago"
    ],
    "area": 5130,
    "borders": [],
    "callingCode": [
        "1868"
    ],
    "capital": "Port of Spain",
    "cca2": "TT",
    "cca3": "TTO",
    "ccn3": "780",
    "cioc": "TTO",
    "currency": [
        "TTD"
    ],
    "demonym": "Trinidadian",
    "landlocked": false,
    "languages": {
        "eng": "English"
    },
    "latlng": [
        11,
        -61
    ],
    "name": {
        "common": "Trinidad and Tobago",
        "native": {
            "eng": {
                "common": "Trinidad and Tobago",
                "official": "Republic of Trinidad and Tobago"
            }
        },
        "official": "Republic of Trinidad and Tobago"
    },
    "region": "Americas",
    "subregion": "Caribbean",
    "tld": [
        ".tt"
    ],
    "translations": {
        "deu": {
            "common": "Trinidad und Tobago",
            "official": "Republik Trinidad und Tobago"
        },
        "fin": {
            "common": "Trinidad ja Tobago",
            "official": "Trinidadin ja Tobagon tasavalta"
        },
        "fra": {
            "common": "Trinit\u00e9 et Tobago",
            "official": "R\u00e9publique de Trinit\u00e9 -et-Tobago"
        },
        "hrv": {
            "common": "Trinidad i Tobago",
            "official": "Republika Trinidad i Tobago"
        },
        "ita": {
            "common": "Trinidad e Tobago",
            "official": "Repubblica di Trinidad e Tobago"
        },
        "jpn": {
            "common": "\u30c8\u30ea\u30cb\u30c0\u30fc\u30c9\u30fb\u30c8\u30d0\u30b4",
            "official": "\u30c8\u30ea\u30cb\u30c0\u30fc\u30c9\u00b7\u30c8\u30d0\u30b4\u5171\u548c\u56fd"
        },
        "nld": {
            "common": "Trinidad en Tobago",
            "official": "Republiek Trinidad en Tobago"
        },
        "por": {
            "common": "Trinidade e Tobago",
            "official": "Rep\u00fablica de Trinidad e Tobago"
        },
        "rus": {
            "common": "\u0422\u0440\u0438\u043d\u0438\u0434\u0430\u0434 \u0438 \u0422\u043e\u0431\u0430\u0433\u043e",
            "official": "\u0420\u0435\u0441\u043f\u0443\u0431\u043b\u0438\u043a\u0430 \u0422\u0440\u0438\u043d\u0438\u0434\u0430\u0434 \u0438 \u0422\u043e\u0431\u0430\u0433\u043e"
        },
        "spa": {
            "common": "Trinidad y Tobago",
            "official": "Rep\u00fablica de Trinidad y Tobago"
        }
    },
    "coordinate": {
        "latitude": 11,
        "longitude": -61
    }
}