{
    "_id": "TUN",
    "altSpellings": [
        "TN",
        "Republic of Tunisia",
        "al-Jumh\u016briyyah at-T\u016bnisiyyah"
    ],
    "area": 163610,
    "borders": [
        "DZA",
        "LBY"
    ],
    "callingCode": [
        "216"
    ],
    "capital": "Tunis",
    "cca2": "TN",
    "cca3": "TUN",
    "ccn3": "788",
    "cioc": "TUN",
    "currency": [
        "TND"
    ],
    "demonym": "Tunisian",
    "landlocked": false,
    "languages": {
        "ara": "Arabic"
    },
    "latlng": [
        34,
        9
    ],
    "name": {
        "common": "Tunisia",
        "native": {
            "ara": {
                "common": "\u062a\u0648\u0646\u0633",
                "official": "\u0627\u0644\u062c\u0645\u0647\u0648\u0631\u064a\u0629 \u0627\u0644\u062a\u0648\u0646\u0633\u064a\u0629"
            }
        },
        "official": "Tunisian Republic"
    },
    "region": "Africa",
    "subregion": "Northern Africa",
    "tld": [
        ".tn"
    ],
    "translations": {
        "deu": {
            "common": "Tunesien",
            "official": "tunesischen Republik"
        },
        "fin": {
            "common": "Tunisia",
            "official": "Tunisian tasavalta"
        },
        "fra": {
            "common": "Tunisie",
            "official": "R\u00e9publique tunisienne"
        },
        "hrv": {
            "common": "Tunis",
            "official": "Tuniski Republika"
        },
        "ita": {
            "common": "Tunisia",
            "official": "Repubblica tunisina"
        },
        "jpn": {
            "common": "\u30c1\u30e5\u30cb\u30b8\u30a2",
            "official": "\u30c1\u30e5\u30cb\u30b8\u30a2\u5171\u548c\u56fd"
        },
        "nld": {
            "common": "Tunesi\u00eb",
            "official": "Republiek Tunesi\u00eb"
        },
        "por": {
            "common": "Tun\u00edsia",
            "official": "Rep\u00fablica da Tun\u00edsia"
        },
        "rus": {
            "common": "\u0422\u0443\u043d\u0438\u0441",
            "official": "\u0422\u0443\u043d\u0438\u0441\u0441\u043a\u043e\u0439 \u0420\u0435\u0441\u043f\u0443\u0431\u043b\u0438\u043a\u0438"
        },
        "spa": {
            "common": "T\u00fanez",
            "official": "Rep\u00fablica de T\u00fanez"
        }
    },
    "coordinate": {
        "latitude": 34,
        "longitude": 9
    }
}