{
    "_id": "TUR",
    "altSpellings": [
        "TR",
        "Turkiye",
        "Republic of Turkey",
        "T\u00fcrkiye Cumhuriyeti"
    ],
    "area": 783562,
    "borders": [
        "ARM",
        "AZE",
        "BGR",
        "GEO",
        "GRC",
        "IRN",
        "IRQ",
        "SYR"
    ],
    "callingCode": [
        "90"
    ],
    "capital": "Ankara",
    "cca2": "TR",
    "cca3": "TUR",
    "ccn3": "792",
    "cioc": "TUR",
    "currency": [
        "TRY"
    ],
    "demonym": "Turkish",
    "landlocked": false,
    "languages": {
        "tur": "Turkish"
    },
    "latlng": [
        39,
        35
    ],
    "name": {
        "common": "Turkey",
        "native": {
            "tur": {
                "common": "T\u00fcrkiye",
                "official": "T\u00fcrkiye Cumhuriyeti"
            }
        },
        "official": "Republic of Turkey"
    },
    "region": "Asia",
    "subregion": "Western Asia",
    "tld": [
        ".tr"
    ],
    "translations": {
        "deu": {
            "common": "T\u00fcrkei",
            "official": "Republik T\u00fcrkei"
        },
        "fin": {
            "common": "Turkki",
            "official": "Turkin tasavalta"
        },
        "fra": {
            "common": "Turquie",
            "official": "R\u00e9publique de Turquie"
        },
        "hrv": {
            "common": "Turska",
            "official": "Republika Turska"
        },
        "ita": {
            "common": "Turchia",
            "official": "Repubblica di Turchia"
        },
        "jpn": {
            "common": "\u30c8\u30eb\u30b3",
            "official": "\u30c8\u30eb\u30b3\u5171\u548c\u56fd"
        },
        "nld": {
            "common": "Turkije",
            "official": "Republiek Turkije"
        },
        "por": {
            "common": "Turquia",
            "official": "Rep\u00fablica da Turquia"
        },
        "rus": {
            "common": "\u0422\u0443\u0440\u0446\u0438\u044f",
            "official": "\u0420\u0435\u0441\u043f\u0443\u0431\u043b\u0438\u043a\u0430 \u0422\u0443\u0440\u0446\u0438\u0438"
        },
        "spa": {
            "common": "Turqu\u00eda",
            "official": "Rep\u00fablica de Turqu\u00eda"
        }
    },
    "coordinate": {
        "latitude": 39,
        "longitude": 35
    }
}