{
    "_id": "TUV",
    "altSpellings": [
        "TV"
    ],
    "area": 26,
    "borders": [],
    "callingCode": [
        "688"
    ],
    "capital": "Funafuti",
    "cca2": "TV",
    "cca3": "TUV",
    "ccn3": "798",
    "cioc": "TUV",
    "currency": [
        "AUD"
    ],
    "demonym": "Tuvaluan",
    "landlocked": false,
    "languages": {
        "eng": "English",
        "tvl": "Tuvaluan"
    },
    "latlng": [
        -8,
        178
    ],
    "name": {
        "common": "Tuvalu",
        "native": {
            "eng": {
                "common": "Tuvalu",
                "official": "Tuvalu"
            },
            "tvl": {
                "common": "Tuvalu",
                "official": "Tuvalu"
            }
        },
        "official": "Tuvalu"
    },
    "region": "Oceania",
    "subregion": "Polynesia",
    "tld": [
        ".tv"
    ],
    "translations": {
        "deu": {
            "common": "Tuvalu",
            "official": "Tuvalu"
        },
        "fin": {
            "common": "Tuvalu",
            "official": "Tuvalu"
        },
        "fra": {
            "common": "Tuvalu",
            "official": "Tuvalu"
        },
        "hrv": {
            "common": "Tuvalu",
            "official": "Tuvalu"
        },
        "ita": {
            "common": "Tuvalu",
            "official": "Tuvalu"
        },
        "jpn": {
            "common": "\u30c4\u30d0\u30eb",
            "official": "\u30c4\u30d0\u30eb"
        },
        "nld": {
            "common": "Tuvalu",
            "official": "Tuvalu"
        },
        "por": {
            "common": "Tuvalu",
            "official": "Tuvalu"
        },
        "rus": {
            "common": "\u0422\u0443\u0432\u0430\u043b\u0443",
            "official": "\u0422\u0443\u0432\u0430\u043b\u0443"
        },
        "spa": {
            "common": "Tuvalu",
            "official": "Tuvalu"
        }
    },
    "coordinate": {
        "latitude": -8,
        "longitude": 178
    }
}