{
    "_id": "TWN",
    "altSpellings": [
        "TW",
        "T\u00e1iw\u0101n",
        "Republic of China",
        "\u4e2d\u83ef\u6c11\u570b",
        "Zh\u014dnghu\u00e1 M\u00edngu\u00f3",
        "Chinese Taipei for IOC",
        "Taiwan, Province of China"
    ],
    "area": 36193,
    "borders": [],
    "callingCode": [
        "886"
    ],
    "capital": "Taipei",
    "cca2": "TW",
    "cca3": "TWN",
    "ccn3": "158",
    "cioc": "TPE",
    "currency": [
        "TWD"
    ],
    "demonym": "Taiwanese",
    "landlocked": false,
    "languages": {
        "cmn": "Mandarin"
    },
    "latlng": [
        23.5,
        121
    ],
    "name": {
        "common": "Taiwan",
        "native": {
            "cmn": {
                "common": "\u81fa\u7063",
                "official": "\u4e2d\u534e\u6c11\u56fd"
            }
        },
        "official": "Republic of China"
    },
    "region": "Asia",
    "subregion": "Eastern Asia",
    "tld": [
        ".tw",
        ".\u53f0\u6e7e",
        ".\u53f0\u7063"
    ],
    "translations": {
        "deu": {
            "common": "Taiwan",
            "official": "Republik China"
        },
        "fin": {
            "common": "Taiwan",
            "official": "Kiinan tasavalta"
        },
        "fra": {
            "common": "Ta\u00efwan",
            "official": "R\u00e9publique de Chine"
        },
        "hrv": {
            "common": "Tajvan",
            "official": "Republika Kina"
        },
        "ita": {
            "common": "Taiwan",
            "official": "Repubblica popolare cinese"
        },
        "jpn": {
            "common": "\u53f0\u6e7e\uff08\u53f0\u6e7e\u7701/\u4e2d\u83ef\u6c11\u56fd\uff09",
            "official": "\u4e2d\u83ef\u6c11\u56fd"
        },
        "nld": {
            "common": "Taiwan",
            "official": "Republic of China"
        },
        "por": {
            "common": "Ilha Formosa",
            "official": "Rep\u00fablica da China"
        },
        "rus": {
            "common": "\u0422\u0430\u0439\u0432\u0430\u043d\u044c",
            "official": "\u041a\u0438\u0442\u0430\u0439\u0441\u043a\u0430\u044f \u0420\u0435\u0441\u043f\u0443\u0431\u043b\u0438\u043a\u0430"
        },
        "spa": {
            "common": "Taiw\u00e1n",
            "official": "Rep\u00fablica Popular de China"
        }
    },
    "coordinate": {
        "latitude": 23.5,
        "longitude": 121
    }
}