{
    "_id": "TZA",
    "altSpellings": [
        "TZ",
        "Tanzania, United Republic of",
        "United Republic of Tanzania",
        "Jamhuri ya Muungano wa Tanzania"
    ],
    "area": 945087,
    "borders": [
        "BDI",
        "COD",
        "KEN",
        "MWI",
        "MOZ",
        "RWA",
        "UGA",
        "ZMB"
    ],
    "callingCode": [
        "255"
    ],
    "capital": "Dodoma",
    "cca2": "TZ",
    "cca3": "TZA",
    "ccn3": "834",
    "cioc": "TAN",
    "currency": [
        "TZS"
    ],
    "demonym": "Tanzanian",
    "landlocked": false,
    "languages": {
        "eng": "English",
        "swa": "Swahili"
    },
    "latlng": [
        -6,
        35
    ],
    "name": {
        "common": "Tanzania",
        "native": {
            "eng": {
                "common": "Tanzania",
                "official": "United Republic of Tanzania"
            },
            "swa": {
                "common": "Tanzania",
                "official": "Jamhuri ya Muungano wa Tanzania"
            }
        },
        "official": "United Republic of Tanzania"
    },
    "region": "Africa",
    "subregion": "Eastern Africa",
    "tld": [
        ".tz"
    ],
    "translations": {
        "deu": {
            "common": "Tansania",
            "official": "Vereinigte Republik Tansania"
        },
        "fin": {
            "common": "Tansania",
            "official": "Tansanian yhdistynyt tasavalta"
        },
        "fra": {
            "common": "Tanzanie",
            "official": "R\u00e9publique -Unie de Tanzanie"
        },
        "hrv": {
            "common": "Tanzanija",
            "official": "Ujedinjena Republika Tanzanija"
        },
        "ita": {
            "common": "Tanzania",
            "official": "Repubblica Unita di Tanzania"
        },
        "jpn": {
            "common": "\u30bf\u30f3\u30b6\u30cb\u30a2",
            "official": "\u30bf\u30f3\u30b6\u30cb\u30a2\u9023\u5408\u5171\u548c\u56fd"
        },
        "nld": {
            "common": "Tanzania",
            "official": "Verenigde Republiek Tanzania"
        },
        "por": {
            "common": "Tanz\u00e2nia",
            "official": "Rep\u00fablica Unida da Tanz\u00e2nia"
        },
        "rus": {
            "common": "\u0422\u0430\u043d\u0437\u0430\u043d\u0438\u044f",
            "official": "\u041e\u0431\u044a\u0435\u0434\u0438\u043d\u0435\u043d\u043d\u0430\u044f \u0420\u0435\u0441\u043f\u0443\u0431\u043b\u0438\u043a\u0430 \u0422\u0430\u043d\u0437\u0430\u043d\u0438\u044f"
        },
        "spa": {
            "common": "Tanzania",
            "official": "Rep\u00fablica Unida de Tanzania"
        }
    },
    "coordinate": {
        "latitude": -6,
        "longitude": 35
    }
}