{
    "_id": "UGA",
    "altSpellings": [
        "UG",
        "Republic of Uganda",
        "Jamhuri ya Uganda"
    ],
    "area": 241550,
    "borders": [
        "COD",
        "KEN",
        "RWA",
        "SSD",
        "TZA"
    ],
    "callingCode": [
        "256"
    ],
    "capital": "Kampala",
    "cca2": "UG",
    "cca3": "UGA",
    "ccn3": "800",
    "cioc": "UGA",
    "currency": [
        "UGX"
    ],
    "demonym": "Ugandan",
    "landlocked": true,
    "languages": {
        "eng": "English",
        "swa": "Swahili"
    },
    "latlng": [
        1,
        32
    ],
    "name": {
        "common": "Uganda",
        "native": {
            "eng": {
                "common": "Uganda",
                "official": "Republic of Uganda"
            },
            "swa": {
                "common": "Uganda",
                "official": "Republic of Uganda"
            }
        },
        "official": "Republic of Uganda"
    },
    "region": "Africa",
    "subregion": "Eastern Africa",
    "tld": [
        ".ug"
    ],
    "translations": {
        "deu": {
            "common": "Uganda",
            "official": "Republik Uganda"
        },
        "fin": {
            "common": "Uganda",
            "official": "Ugandan tasavalta"
        },
        "fra": {
            "common": "Uganda",
            "official": "R\u00e9publique de l'Ouganda"
        },
        "hrv": {
            "common": "Uganda",
            "official": "Republika Uganda"
        },
        "ita": {
            "common": "Uganda",
            "official": "Repubblica di Uganda"
        },
        "jpn": {
            "common": "\u30a6\u30ac\u30f3\u30c0",
            "official": "\u30a6\u30ac\u30f3\u30c0\u5171\u548c\u56fd"
        },
        "nld": {
            "common": "Oeganda",
            "official": "Republiek Uganda"
        },
        "por": {
            "common": "Uganda",
            "official": "Rep\u00fablica do Uganda"
        },
        "rus": {
            "common": "\u0423\u0433\u0430\u043d\u0434\u0430",
            "official": "\u0420\u0435\u0441\u043f\u0443\u0431\u043b\u0438\u043a\u0430 \u0423\u0433\u0430\u043d\u0434\u0430"
        },
        "spa": {
            "common": "Uganda",
            "official": "Rep\u00fablica de Uganda"
        }
    },
    "coordinate": {
        "latitude": 1,
        "longitude": 32
    }
}