{
    "_id": "UKR",
    "altSpellings": [
        "UA",
        "Ukrayina"
    ],
    "area": 603500,
    "borders": [
        "BLR",
        "HUN",
        "MDA",
        "POL",
        "ROU",
        "RUS",
        "SVK"
    ],
    "callingCode": [
        "380"
    ],
    "capital": "Kiev",
    "cca2": "UA",
    "cca3": "UKR",
    "ccn3": "804",
    "cioc": "UKR",
    "currency": [
        "UAH"
    ],
    "demonym": "Ukrainian",
    "landlocked": false,
    "languages": {
        "rus": "Russian",
        "ukr": "Ukrainian"
    },
    "latlng": [
        49,
        32
    ],
    "name": {
        "common": "Ukraine",
        "native": {
            "rus": {
                "common": "\u0423\u043a\u0440\u0430\u0438\u043d\u0430",
                "official": "\u0423\u043a\u0440\u0430\u0438\u043d\u0430"
            },
            "ukr": {
                "common": "\u0423\u043a\u0440\u0430\u0457\u043d\u0430",
                "official": "\u0423\u043a\u0440\u0430\u0457\u043d\u0430"
            }
        },
        "official": "Ukraine"
    },
    "region": "Europe",
    "subregion": "Eastern Europe",
    "tld": [
        ".ua",
        ".\u0443\u043a\u0440"
    ],
    "translations": {
        "deu": {
            "common": "Ukraine",
            "official": "Ukraine"
        },
        "fin": {
            "common": "Ukraina",
            "official": "Ukraina"
        },
        "fra": {
            "common": "Ukraine",
            "official": "Ukraine"
        },
        "hrv": {
            "common": "Ukrajina",
            "official": "Ukrajina"
        },
        "ita": {
            "common": "Ucraina",
            "official": "Ucraina"
        },
        "jpn": {
            "common": "\u30a6\u30af\u30e9\u30a4\u30ca",
            "official": "\u30a6\u30af\u30e9\u30a4\u30ca"
        },
        "nld": {
            "common": "Oekra\u00efne",
            "official": "Oekra\u00efne"
        },
        "por": {
            "common": "Ucr\u00e2nia",
            "official": "Ucr\u00e2nia"
        },
        "rus": {
            "common": "\u0423\u043a\u0440\u0430\u0438\u043d\u0430",
            "official": "\u0423\u043a\u0440\u0430\u0438\u043d\u0430"
        },
        "spa": {
            "common": "Ucrania",
            "official": "Ucrania"
        }
    },
    "coordinate": {
        "latitude": 49,
        "longitude": 32
    }
}