{
    "_id": "UMI",
    "altSpellings": [
        "UM"
    ],
    "area": 34.2,
    "borders": [],
    "callingCode": [],
    "capital": "",
    "cca2": "UM",
    "cca3": "UMI",
    "ccn3": "581",
    "cioc": "",
    "currency": [
        "USD"
    ],
    "demonym": "American",
    "landlocked": false,
    "languages": {
        "eng": "English"
    },
    "latlng": [],
    "name": {
        "common": "United States Minor Outlying Islands",
        "native": {
            "eng": {
                "common": "United States Minor Outlying Islands",
                "official": "United States Minor Outlying Islands"
            }
        },
        "official": "United States Minor Outlying Islands"
    },
    "region": "Americas",
    "subregion": "Northern America",
    "tld": [
        ".us"
    ],
    "translations": {
        "deu": {
            "common": "Kleinere Inselbesitzungen der Vereinigten Staaten",
            "official": "USA, kleinere ausgelagerte Inseln"
        },
        "fin": {
            "common": "Yhdysvaltain asumattomat saaret",
            "official": "Yhdysvaltain asumattomat saaret"
        },
        "fra": {
            "common": "\u00celes mineures \u00e9loign\u00e9es des \u00c9tats-Unis",
            "official": "\u00celes mineures \u00e9loign\u00e9es des \u00c9tats-Unis"
        },
        "hrv": {
            "common": "Mali udaljeni otoci SAD-a",
            "official": "Mali udaljeni otoci SAD-a"
        },
        "ita": {
            "common": "Isole minori esterne degli Stati Uniti d'America",
            "official": "Stati Uniti Isole Minori"
        },
        "jpn": {
            "common": "\u5408\u8846\u56fd\u9818\u6709\u5c0f\u96e2\u5cf6",
            "official": "\u30a2\u30e1\u30ea\u30ab\u5408\u8846\u56fd\u5916\u8af8\u5cf6"
        },
        "nld": {
            "common": "Kleine afgelegen eilanden van de Verenigde Staten",
            "official": "Kleine afgelegen eilanden van de Verenigde Staten"
        },
        "por": {
            "common": "Ilhas Menores Distantes dos Estados Unidos",
            "official": "Estados Unidos Ilhas Menores Distantes"
        },
        "rus": {
            "common": "\u0412\u043d\u0435\u0448\u043d\u0438\u0435 \u043c\u0430\u043b\u044b\u0435 \u043e\u0441\u0442\u0440\u043e\u0432\u0430 \u0421\u0428\u0410",
            "official": "\u0412\u043d\u0435\u0448\u043d\u0438\u0435 \u043c\u0430\u043b\u044b\u0435 \u043e\u0441\u0442\u0440\u043e\u0432\u0430 \u0421\u0428\u0410"
        },
        "spa": {
            "common": "Islas Ultramarinas Menores de Estados Unidos",
            "official": "Estados Unidos Islas menores alejadas de"
        }
    }
}