{
    "_id": "URY",
    "altSpellings": [
        "UY",
        "Oriental Republic of Uruguay",
        "Rep\u00fablica Oriental del Uruguay"
    ],
    "area": 181034,
    "borders": [
        "ARG",
        "BRA"
    ],
    "callingCode": [
        "598"
    ],
    "capital": "Montevideo",
    "cca2": "UY",
    "cca3": "URY",
    "ccn3": "858",
    "cioc": "URU",
    "currency": [
        "UYI",
        "UYU"
    ],
    "demonym": "Uruguayan",
    "landlocked": false,
    "languages": {
        "spa": "Spanish"
    },
    "latlng": [
        -33,
        -56
    ],
    "name": {
        "common": "Uruguay",
        "native": {
            "spa": {
                "common": "Uruguay",
                "official": "Rep\u00fablica Oriental del Uruguay"
            }
        },
        "official": "Oriental Republic of Uruguay"
    },
    "region": "Americas",
    "subregion": "South America",
    "tld": [
        ".uy"
    ],
    "translations": {
        "deu": {
            "common": "Uruguay",
            "official": "Republik \u00d6stlich des Uruguay"
        },
        "fin": {
            "common": "Uruguay",
            "official": "Uruguayn it\u00e4inen tasavalta"
        },
        "fra": {
            "common": "Uruguay",
            "official": "R\u00e9publique orientale de l'Uruguay"
        },
        "hrv": {
            "common": "Urugvaj",
            "official": "Orijentalna Republika Urugvaj"
        },
        "ita": {
            "common": "Uruguay",
            "official": "Repubblica Orientale dell'Uruguay"
        },
        "jpn": {
            "common": "\u30a6\u30eb\u30b0\u30a2\u30a4",
            "official": "\u30a6\u30eb\u30b0\u30a2\u30a4\u6771\u65b9\u5171\u548c\u56fd"
        },
        "nld": {
            "common": "Uruguay",
            "official": "Oosterse Republiek Uruguay"
        },
        "por": {
            "common": "Uruguai",
            "official": "Rep\u00fablica Oriental do Uruguai"
        },
        "rus": {
            "common": "\u0423\u0440\u0443\u0433\u0432\u0430\u0439",
            "official": "\u0412\u043e\u0441\u0442\u043e\u0447\u043d\u043e\u0439 \u0420\u0435\u0441\u043f\u0443\u0431\u043b\u0438\u043a\u0438 \u0423\u0440\u0443\u0433\u0432\u0430\u0439"
        },
        "spa": {
            "common": "Uruguay",
            "official": "Rep\u00fablica Oriental del Uruguay"
        }
    },
    "coordinate": {
        "latitude": -33,
        "longitude": -56
    }
}