{
    "_id": "USA",
    "altSpellings": [
        "US",
        "USA",
        "United States of America"
    ],
    "area": 9372610.0,
    "borders": [
        "CAN",
        "MEX"
    ],
    "callingCode": [
        "1"
    ],
    "capital": "Washington D.C.",
    "cca2": "US",
    "cca3": "USA",
    "ccn3": "840",
    "cioc": "USA",
    "currency": [
        "USD",
        "USN",
        "USS"
    ],
    "demonym": "American",
    "landlocked": false,
    "languages": {
        "eng": "English"
    },
    "latlng": [
        38,
        -97
    ],
    "name": {
        "common": "United States",
        "native": {
            "eng": {
                "common": "United States",
                "official": "United States of America"
            }
        },
        "official": "United States of America"
    },
    "region": "Americas",
    "subregion": "Northern America",
    "tld": [
        ".us"
    ],
    "translations": {
        "deu": {
            "common": "Vereinigte Staaten von Amerika",
            "official": "Vereinigte Staaten von Amerika"
        },
        "fin": {
            "common": "Yhdysvallat",
            "official": "Amerikan yhdysvallat"
        },
        "fra": {
            "common": "\u00c9tats-Unis",
            "official": "Les \u00e9tats-unis d'Am\u00e9rique"
        },
        "hrv": {
            "common": "Sjedinjene Ameri\u010dke Dr\u017eave",
            "official": "Sjedinjene Dr\u017eave Amerike"
        },
        "ita": {
            "common": "Stati Uniti D'America",
            "official": "Stati Uniti d'America"
        },
        "jpn": {
            "common": "\u30a2\u30e1\u30ea\u30ab\u5408\u8846\u56fd",
            "official": "\u30a2\u30e1\u30ea\u30ab\u5408\u8846\u56fd"
        },
        "nld": {
            "common": "Verenigde Staten",
            "official": "Verenigde Staten van Amerika"
        },
        "por": {
            "common": "Estados Unidos",
            "official": "Estados Unidos da Am\u00e9rica"
        },
        "rus": {
            "common": "\u0421\u043e\u0435\u0434\u0438\u043d\u0451\u043d\u043d\u044b\u0435 \u0428\u0442\u0430\u0442\u044b \u0410\u043c\u0435\u0440\u0438\u043a\u0438",
            "official": "\u0421\u043e\u0435\u0434\u0438\u043d\u0435\u043d\u043d\u044b\u0435 \u0428\u0442\u0430\u0442\u044b \u0410\u043c\u0435\u0440\u0438\u043a\u0438"
        },
        "spa": {
            "common": "Estados Unidos",
            "official": "Estados Unidos de Am\u00e9rica"
        }
    },
    "coordinate": {
        "latitude": 38,
        "longitude": -97
    }
}