{
    "_id": "UZB",
    "altSpellings": [
        "UZ",
        "Republic of Uzbekistan",
        "O\u2018zbekiston Respublikasi",
        "\u040e\u0437\u0431\u0435\u043a\u0438\u0441\u0442\u043e\u043d \u0420\u0435\u0441\u043f\u0443\u0431\u043b\u0438\u043a\u0430\u0441\u0438"
    ],
    "area": 447400,
    "borders": [
        "AFG",
        "KAZ",
        "KGZ",
        "TJK",
        "TKM"
    ],
    "callingCode": [
        "998"
    ],
    "capital": "Tashkent",
    "cca2": "UZ",
    "cca3": "UZB",
    "ccn3": "860",
    "cioc": "UZB",
    "currency": [
        "UZS"
    ],
    "demonym": "Uzbekistani",
    "landlocked": true,
    "languages": {
        "rus": "Russian",
        "uzb": "Uzbek"
    },
    "latlng": [
        41,
        64
    ],
    "name": {
        "common": "Uzbekistan",
        "native": {
            "rus": {
                "common": "\u0423\u0437\u0431\u0435\u043a\u0438\u0441\u0442\u0430\u043d",
                "official": "\u0420\u0435\u0441\u043f\u0443\u0431\u043b\u0438\u043a\u0430 \u0423\u0437\u0431\u0435\u043a\u0438\u0441\u0442\u0430\u043d"
            },
            "uzb": {
                "common": "O\u2018zbekiston",
                "official": "O'zbekiston Respublikasi"
            }
        },
        "official": "Republic of Uzbekistan"
    },
    "region": "Asia",
    "subregion": "Central Asia",
    "tld": [
        ".uz"
    ],
    "translations": {
        "deu": {
            "common": "Usbekistan",
            "official": "Republik Usbekistan"
        },
        "fin": {
            "common": "Uzbekistan",
            "official": "Uzbekistanin tasavalta"
        },
        "fra": {
            "common": "Ouzb\u00e9kistan",
            "official": "R\u00e9publique d'Ouzb\u00e9kistan"
        },
        "hrv": {
            "common": "Uzbekistan",
            "official": "Republika Uzbekistan"
        },
        "ita": {
            "common": "Uzbekistan",
            "official": "Repubblica di Uzbekistan"
        },
        "jpn": {
            "common": "\u30a6\u30ba\u30d9\u30ad\u30b9\u30bf\u30f3",
            "official": "\u30a6\u30ba\u30d9\u30ad\u30b9\u30bf\u30f3\u5171\u548c\u56fd"
        },
        "nld": {
            "common": "Oezbekistan",
            "official": "Republiek Oezbekistan"
        },
        "por": {
            "common": "Uzbequist\u00e3o",
            "official": "Rep\u00fablica do Usbequist\u00e3o"
        },
        "rus": {
            "common": "\u0423\u0437\u0431\u0435\u043a\u0438\u0441\u0442\u0430\u043d",
            "official": "\u0420\u0435\u0441\u043f\u0443\u0431\u043b\u0438\u043a\u0430 \u0423\u0437\u0431\u0435\u043a\u0438\u0441\u0442\u0430\u043d"
        },
        "spa": {
            "common": "Uzbekist\u00e1n",
            "official": "Rep\u00fablica de Uzbekist\u00e1n"
        }
    },
    "coordinate": {
        "latitude": 41,
        "longitude": 64
    }
}