{
    "_id": "VAT",
    "altSpellings": [
        "VA",
        "Holy See (Vatican City State)",
        "Vatican City State",
        "Stato della Citt\u00e0 del Vaticano"
    ],
    "area": 0.44,
    "borders": [
        "ITA"
    ],
    "callingCode": [
        "3906698",
        "379"
    ],
    "capital": "Vatican City",
    "cca2": "VA",
    "cca3": "VAT",
    "ccn3": "336",
    "cioc": "",
    "currency": [
        "EUR"
    ],
    "demonym": "Italian",
    "landlocked": true,
    "languages": {
        "ita": "Italian",
        "lat": "Latin"
    },
    "latlng": [
        41.9,
        12.45
    ],
    "name": {
        "common": "Vatican City",
        "native": {
            "ita": {
                "common": "Vaticano",
                "official": "Stato della Citt\u00e0 del Vaticano"
            },
            "lat": {
                "common": "Vatican\u00e6",
                "official": "Status Civitatis Vatican\u00e6"
            }
        },
        "official": "Vatican City State"
    },
    "region": "Europe",
    "subregion": "Southern Europe",
    "tld": [
        ".va"
    ],
    "translations": {
        "deu": {
            "common": "Vatikanstadt",
            "official": "Staat Vatikanstadt"
        },
        "fin": {
            "common": "Vatikaani",
            "official": "Vatikaanin kaupunkivaltio"
        },
        "fra": {
            "common": "Cit\u00e9 du Vatican",
            "official": "Cit\u00e9 du Vatican"
        },
        "hrv": {
            "common": "Vatikan",
            "official": "Vatikan"
        },
        "ita": {
            "common": "Citt\u00e0 del Vaticano",
            "official": "Citt\u00e0 del Vaticano"
        },
        "jpn": {
            "common": "\u30d0\u30c1\u30ab\u30f3\u5e02\u56fd",
            "official": "\u30d0\u30c1\u30ab\u30f3\u5e02\u56fd\u306e\u72b6\u614b"
        },
        "nld": {
            "common": "Vaticaanstad",
            "official": "Vaticaanstad"
        },
        "por": {
            "common": "Cidade do Vaticano",
            "official": "Cidade do Vaticano"
        },
        "rus": {
            "common": "\u0412\u0430\u0442\u0438\u043a\u0430\u043d",
            "official": "\u0413\u043e\u0440\u043e\u0434-\u0433\u043e\u0441\u0443\u0434\u0430\u0440\u0441\u0442\u0432\u043e \u0412\u0430\u0442\u0438\u043a\u0430\u043d"
        },
        "spa": {
            "common": "Ciudad del Vaticano",
            "official": "Ciudad del Vaticano"
        }
    },
    "coordinate": {
        "latitude": 41.9,
        "longitude": 12.45
    }
}