{
    "_id": "VCT",
    "altSpellings": [
        "VC"
    ],
    "area": 389,
    "borders": [],
    "callingCode": [
        "1784"
    ],
    "capital": "Kingstown",
    "cca2": "VC",
    "cca3": "VCT",
    "ccn3": "670",
    "cioc": "VIN",
    "currency": [
        "XCD"
    ],
    "demonym": "Saint Vincentian",
    "landlocked": false,
    "languages": {
        "eng": "English"
    },
    "latlng": [
        13.25,
        -61.2
    ],
    "name": {
        "common": "Saint Vincent and the Grenadines",
        "native": {
            "eng": {
                "common": "Saint Vincent and the Grenadines",
                "official": "Saint Vincent and the Grenadines"
            }
        },
        "official": "Saint Vincent and the Grenadines"
    },
    "region": "Americas",
    "subregion": "Caribbean",
    "tld": [
        ".vc"
    ],
    "translations": {
        "deu": {
            "common": "Saint Vincent und die Grenadinen",
            "official": "St. Vincent und die Grenadinen"
        },
        "fin": {
            "common": "Saint Vincent ja Grenadiinit",
            "official": "Saint Vincent ja Grenadiinit"
        },
        "fra": {
            "common": "Saint-Vincent-et-les-Grenadines",
            "official": "Saint-Vincent- et-les Grenadines"
        },
        "hrv": {
            "common": "Sveti Vincent i Grenadini",
            "official": "Sveti Vincent i Grenadini"
        },
        "ita": {
            "common": "Saint Vincent e Grenadine",
            "official": "Saint Vincent e Grenadine"
        },
        "jpn": {
            "common": "\u30bb\u30f3\u30c8\u30d3\u30f3\u30bb\u30f3\u30c8\u304a\u3088\u3073\u30b0\u30ec\u30ca\u30c7\u30a3\u30fc\u30f3\u8af8\u5cf6",
            "official": "\u30bb\u30f3\u30c8\u30d3\u30f3\u30bb\u30f3\u30c8\u304a\u3088\u3073\u30b0\u30ec\u30ca\u30c7\u30a3\u30fc\u30f3\u8af8\u5cf6"
        },
        "nld": {
            "common": "Saint Vincent en de Grenadines",
            "official": "Saint Vincent en de Grenadines"
        },
        "por": {
            "common": "S\u00e3o Vincente e Granadinas",
            "official": "S\u00e3o Vicente e Granadinas"
        },
        "rus": {
            "common": "\u0421\u0435\u043d\u0442-\u0412\u0438\u043d\u0441\u0435\u043d\u0442 \u0438 \u0413\u0440\u0435\u043d\u0430\u0434\u0438\u043d\u044b",
            "official": "\u0421\u0435\u043d\u0442-\u0412\u0438\u043d\u0441\u0435\u043d\u0442 \u0438 \u0413\u0440\u0435\u043d\u0430\u0434\u0438\u043d\u044b"
        },
        "spa": {
            "common": "San Vicente y Granadinas",
            "official": "San Vicente y las Granadinas"
        }
    },
    "coordinate": {
        "latitude": 13.25,
        "longitude": -61.2
    }
}