{
    "_id": "VEN",
    "altSpellings": [
        "VE",
        "Bolivarian Republic of Venezuela",
        "Venezuela, Bolivarian Republic of",
        "Rep\u00fablica Bolivariana de Venezuela"
    ],
    "area": 916445,
    "borders": [
        "BRA",
        "COL",
        "GUY"
    ],
    "callingCode": [
        "58"
    ],
    "capital": "Caracas",
    "cca2": "VE",
    "cca3": "VEN",
    "ccn3": "862",
    "cioc": "VEN",
    "currency": [
        "VEF"
    ],
    "demonym": "Venezuelan",
    "landlocked": false,
    "languages": {
        "spa": "Spanish"
    },
    "latlng": [
        8,
        -66
    ],
    "name": {
        "common": "Venezuela",
        "native": {
            "spa": {
                "common": "Venezuela",
                "official": "Rep\u00fablica Bolivariana de Venezuela"
            }
        },
        "official": "Bolivarian Republic of Venezuela"
    },
    "region": "Americas",
    "subregion": "South America",
    "tld": [
        ".ve"
    ],
    "translations": {
        "deu": {
            "common": "Venezuela",
            "official": "Bolivarische Republik Venezuela"
        },
        "fin": {
            "common": "Venezuela",
            "official": "Venezuelan bolivariaainen tasavalta"
        },
        "fra": {
            "common": "Venezuela",
            "official": "R\u00e9publique bolivarienne du Venezuela"
        },
        "hrv": {
            "common": "Venezuela",
            "official": "BOLIVARIJANSKA Republika Venezuela"
        },
        "ita": {
            "common": "Venezuela",
            "official": "Repubblica Bolivariana del Venezuela"
        },
        "jpn": {
            "common": "\u30d9\u30cd\u30ba\u30a8\u30e9\u30fb\u30dc\u30ea\u30d0\u30eb\u5171\u548c\u56fd",
            "official": "\u30d9\u30cd\u30ba\u30a8\u30e9\u00b7\u30dc\u30ea\u30d0\u30eb\u5171\u548c\u56fd"
        },
        "nld": {
            "common": "Venezuela",
            "official": "Bolivariaanse Republiek Venezuela"
        },
        "por": {
            "common": "Venezuela",
            "official": "Rep\u00fablica Bolivariana da Venezuela"
        },
        "rus": {
            "common": "\u0412\u0435\u043d\u0435\u0441\u0443\u044d\u043b\u0430",
            "official": "\u0411\u043e\u043b\u0438\u0432\u0430\u0440\u0438\u0430\u043d\u0441\u043a\u0430\u044f \u0420\u0435\u0441\u043f\u0443\u0431\u043b\u0438\u043a\u0430 \u0412\u0435\u043d\u0435\u0441\u0443\u044d\u043b\u0430"
        },
        "spa": {
            "common": "Venezuela",
            "official": "Rep\u00fablica Bolivariana de Venezuela"
        }
    },
    "coordinate": {
        "latitude": 8,
        "longitude": -66
    }
}