{
    "_id": "VGB",
    "altSpellings": [
        "VG",
        "Virgin Islands, British"
    ],
    "area": 151,
    "borders": [],
    "callingCode": [
        "1284"
    ],
    "capital": "Road Town",
    "cca2": "VG",
    "cca3": "VGB",
    "ccn3": "092",
    "cioc": "IVB",
    "currency": [
        "USD"
    ],
    "demonym": "Virgin Islander",
    "landlocked": false,
    "languages": {
        "eng": "English"
    },
    "latlng": [
        18.431383,
        -64.62305
    ],
    "name": {
        "common": "British Virgin Islands",
        "native": {
            "eng": {
                "common": "British Virgin Islands",
                "official": "Virgin Islands"
            }
        },
        "official": "Virgin Islands"
    },
    "region": "Americas",
    "subregion": "Caribbean",
    "tld": [
        ".vg"
    ],
    "translations": {
        "deu": {
            "common": "Britische Jungferninseln",
            "official": "Jungferninseln"
        },
        "fin": {
            "common": "Neitsytsaaret",
            "official": "Brittil\u00e4iset Neitsytsaaret"
        },
        "fra": {
            "common": "\u00celes Vierges britanniques",
            "official": "\u00eeles Vierges"
        },
        "hrv": {
            "common": "Britanski Djevi\u010danski Otoci",
            "official": "Djevi\u010danski Otoci"
        },
        "ita": {
            "common": "Isole Vergini Britanniche",
            "official": "Isole Vergini"
        },
        "jpn": {
            "common": "\u30a4\u30ae\u30ea\u30b9\u9818\u30f4\u30a1\u30fc\u30b8\u30f3\u8af8\u5cf6",
            "official": "\u30d0\u30fc\u30b8\u30f3\u8af8\u5cf6"
        },
        "nld": {
            "common": "Britse Maagdeneilanden",
            "official": "Maagdeneilanden"
        },
        "por": {
            "common": "Ilhas Virgens",
            "official": "Ilhas Virgens"
        },
        "rus": {
            "common": "\u0411\u0440\u0438\u0442\u0430\u043d\u0441\u043a\u0438\u0435 \u0412\u0438\u0440\u0433\u0438\u043d\u0441\u043a\u0438\u0435 \u043e\u0441\u0442\u0440\u043e\u0432\u0430",
            "official": "\u0412\u0438\u0440\u0433\u0438\u043d\u0441\u043a\u0438\u0435 \u043e\u0441\u0442\u0440\u043e\u0432\u0430"
        },
        "spa": {
            "common": "Islas V\u00edrgenes del Reino Unido",
            "official": "Islas V\u00edrgenes"
        }
    },
    "coordinate": {
        "latitude": 18.431383,
        "longitude": -64.62305
    }
}