{
    "_id": "VIR",
    "altSpellings": [
        "VI",
        "Virgin Islands, U.S."
    ],
    "area": 347,
    "borders": [],
    "callingCode": [
        "1340"
    ],
    "capital": "Charlotte Amalie",
    "cca2": "VI",
    "cca3": "VIR",
    "ccn3": "850",
    "cioc": "ISV",
    "currency": [
        "USD"
    ],
    "demonym": "Virgin Islander",
    "landlocked": false,
    "languages": {
        "eng": "English"
    },
    "latlng": [
        18.35,
        -64.933333
    ],
    "name": {
        "common": "United States Virgin Islands",
        "native": {
            "eng": {
                "common": "United States Virgin Islands",
                "official": "Virgin Islands of the United States"
            }
        },
        "official": "Virgin Islands of the United States"
    },
    "region": "Americas",
    "subregion": "Caribbean",
    "tld": [
        ".vi"
    ],
    "translations": {
        "deu": {
            "common": "Amerikanische Jungferninseln",
            "official": "Jungferninseln der Vereinigten Staaten"
        },
        "fin": {
            "common": "Neitsytsaaret",
            "official": "Yhdysvaltain Neitsytsaaret"
        },
        "fra": {
            "common": "\u00celes Vierges des \u00c9tats-Unis",
            "official": "\u00celes Vierges des \u00c9tats-Unis"
        },
        "hrv": {
            "common": "Ameri\u010dki Djevi\u010danski Otoci",
            "official": "Djevi\u010danski Otoci SAD"
        },
        "ita": {
            "common": "Isole Vergini americane",
            "official": "Isole Vergini degli Stati Uniti"
        },
        "jpn": {
            "common": "\u30a2\u30e1\u30ea\u30ab\u9818\u30f4\u30a1\u30fc\u30b8\u30f3\u8af8\u5cf6",
            "official": "\u7c73\u56fd\u306e\u30d0\u30fc\u30b8\u30f3\u8af8\u5cf6"
        },
        "nld": {
            "common": "Amerikaanse Maagdeneilanden",
            "official": "Maagdeneilanden van de Verenigde Staten"
        },
        "por": {
            "common": "Ilhas Virgens dos Estados Unidos",
            "official": "Ilhas Virgens dos Estados Unidos"
        },
        "rus": {
            "common": "\u0412\u0438\u0440\u0433\u0438\u043d\u0441\u043a\u0438\u0435 \u041e\u0441\u0442\u0440\u043e\u0432\u0430",
            "official": "\u0412\u0438\u0440\u0433\u0438\u043d\u0441\u043a\u0438\u0435 \u043e\u0441\u0442\u0440\u043e\u0432\u0430 \u0421\u043e\u0435\u0434\u0438\u043d\u0435\u043d\u043d\u044b\u0445 \u0428\u0442\u0430\u0442\u043e\u0432"
        },
        "spa": {
            "common": "Islas V\u00edrgenes de los Estados Unidos",
            "official": "Islas V\u00edrgenes de los Estados Unidos"
        }
    },
    "coordinate": {
        "latitude": 18.35,
        "longitude": -64.933333
    }
}