{
    "_id": "VNM",
    "altSpellings": [
        "VN",
        "Socialist Republic of Vietnam",
        "C\u1ed9ng h\u00f2a X\u00e3 h\u1ed9i ch\u1ee7 ngh\u0129a Vi\u1ec7t Nam",
        "Viet Nam"
    ],
    "area": 331212,
    "borders": [
        "KHM",
        "CHN",
        "LAO"
    ],
    "callingCode": [
        "84"
    ],
    "capital": "Hanoi",
    "cca2": "VN",
    "cca3": "VNM",
    "ccn3": "704",
    "cioc": "VIE",
    "currency": [
        "VND"
    ],
    "demonym": "Vietnamese",
    "landlocked": false,
    "languages": {
        "vie": "Vietnamese"
    },
    "latlng": [
        16.16666666,
        107.83333333
    ],
    "name": {
        "common": "Vietnam",
        "native": {
            "vie": {
                "common": "Vi\u1ec7t Nam",
                "official": "C\u1ed9ng h\u00f2a x\u00e3 h\u1ed9i ch\u1ee7 ngh\u0129a Vi\u1ec7t Nam"
            }
        },
        "official": "Socialist Republic of Vietnam"
    },
    "region": "Asia",
    "subregion": "South-Eastern Asia",
    "tld": [
        ".vn"
    ],
    "translations": {
        "deu": {
            "common": "Vietnam",
            "official": "Sozialistische Republik Vietnam"
        },
        "fin": {
            "common": "Vietnam",
            "official": "Vietnamin sosialistinen tasavalta"
        },
        "fra": {
            "common": "Vi\u00eat Nam",
            "official": "R\u00e9publique socialiste du Vietnam"
        },
        "hrv": {
            "common": "Vijetnam",
            "official": "Socijalisti\u010dka Republika Vijetnam"
        },
        "ita": {
            "common": "Vietnam",
            "official": "Repubblica socialista del Vietnam"
        },
        "jpn": {
            "common": "\u30d9\u30c8\u30ca\u30e0",
            "official": "\u30d9\u30c8\u30ca\u30e0\u793e\u4f1a\u4e3b\u7fa9\u5171\u548c\u56fd"
        },
        "nld": {
            "common": "Vietnam",
            "official": "Socialistische Republiek Vietnam"
        },
        "por": {
            "common": "Vietname",
            "official": "Rep\u00fablica Socialista do Vietname"
        },
        "rus": {
            "common": "\u0412\u044c\u0435\u0442\u043d\u0430\u043c",
            "official": "\u0421\u043e\u0446\u0438\u0430\u043b\u0438\u0441\u0442\u0438\u0447\u0435\u0441\u043a\u0430\u044f \u0420\u0435\u0441\u043f\u0443\u0431\u043b\u0438\u043a\u0430 \u0412\u044c\u0435\u0442\u043d\u0430\u043c"
        },
        "spa": {
            "common": "Vietnam",
            "official": "Rep\u00fablica Socialista de Vietnam"
        }
    },
    "coordinate": {
        "latitude": 16.16666666,
        "longitude": 107.83333333
    }
}