{
    "_id": "VUT",
    "altSpellings": [
        "VU",
        "Republic of Vanuatu",
        "Ripablik blong Vanuatu",
        "R\u00e9publique de Vanuatu"
    ],
    "area": 12189,
    "borders": [],
    "callingCode": [
        "678"
    ],
    "capital": "Port Vila",
    "cca2": "VU",
    "cca3": "VUT",
    "ccn3": "548",
    "cioc": "VAN",
    "currency": [
        "VUV"
    ],
    "demonym": "Ni-Vanuatu",
    "landlocked": false,
    "languages": {
        "bis": "Bislama",
        "eng": "English",
        "fra": "French"
    },
    "latlng": [
        -16,
        167
    ],
    "name": {
        "common": "Vanuatu",
        "native": {
            "bis": {
                "common": "Vanuatu",
                "official": "Ripablik blong Vanuatu"
            },
            "eng": {
                "common": "Vanuatu",
                "official": "Republic of Vanuatu"
            },
            "fra": {
                "common": "Vanuatu",
                "official": "R\u00e9publique de Vanuatu"
            }
        },
        "official": "Republic of Vanuatu"
    },
    "region": "Oceania",
    "subregion": "Melanesia",
    "tld": [
        ".vu"
    ],
    "translations": {
        "deu": {
            "common": "Vanuatu",
            "official": "Vanuatu"
        },
        "fin": {
            "common": "Vanuatu",
            "official": "Vanuatun tasavalta"
        },
        "fra": {
            "common": "Vanuatu",
            "official": "R\u00e9publique de Vanuatu"
        },
        "hrv": {
            "common": "Vanuatu",
            "official": "Republika Vanuatu"
        },
        "ita": {
            "common": "Vanuatu",
            "official": "Repubblica di Vanuatu"
        },
        "jpn": {
            "common": "\u30d0\u30cc\u30a2\u30c4",
            "official": "\u30d0\u30cc\u30a2\u30c4\u5171\u548c\u56fd"
        },
        "nld": {
            "common": "Vanuatu",
            "official": "Republiek Vanuatu"
        },
        "por": {
            "common": "Vanuatu",
            "official": "Rep\u00fablica de Vanuatu"
        },
        "rus": {
            "common": "\u0412\u0430\u043d\u0443\u0430\u0442\u0443",
            "official": "\u0420\u0435\u0441\u043f\u0443\u0431\u043b\u0438\u043a\u0430 \u0412\u0430\u043d\u0443\u0430\u0442\u0443"
        },
        "spa": {
            "common": "Vanuatu",
            "official": "Rep\u00fablica de Vanuatu"
        }
    },
    "coordinate": {
        "latitude": -16,
        "longitude": 167
    }
}