{
    "_id": "WLF",
    "altSpellings": [
        "WF",
        "Territory of the Wallis and Futuna Islands",
        "Territoire des \u00eeles Wallis et Futuna"
    ],
    "area": 142,
    "borders": [],
    "callingCode": [
        "681"
    ],
    "capital": "Mata-Utu",
    "cca2": "WF",
    "cca3": "WLF",
    "ccn3": "876",
    "cioc": "",
    "currency": [
        "XPF"
    ],
    "demonym": "Wallis and Futuna Islander",
    "landlocked": false,
    "languages": {
        "fra": "French"
    },
    "latlng": [
        -13.3,
        -176.2
    ],
    "name": {
        "common": "Wallis and Futuna",
        "native": {
            "fra": {
                "common": "Wallis et Futuna",
                "official": "Territoire des \u00eeles Wallis et Futuna"
            }
        },
        "official": "Territory of the Wallis and Futuna Islands"
    },
    "region": "Oceania",
    "subregion": "Polynesia",
    "tld": [
        ".wf"
    ],
    "translations": {
        "deu": {
            "common": "Wallis und Futuna",
            "official": "Gebiet der Wallis und Futuna"
        },
        "fin": {
            "common": "Wallis ja Futuna",
            "official": "Wallisin ja Futunan yhteis\u00f6"
        },
        "fra": {
            "common": "Wallis-et-Futuna",
            "official": "Territoire des \u00eeles Wallis et Futuna"
        },
        "hrv": {
            "common": "Wallis i Fortuna",
            "official": "Teritoriju Wallis i Futuna"
        },
        "ita": {
            "common": "Wallis e Futuna",
            "official": "Territorio delle Isole Wallis e Futuna"
        },
        "jpn": {
            "common": "\u30a6\u30a9\u30ea\u30b9\u30fb\u30d5\u30c4\u30ca",
            "official": "\u30a6\u30a9\u30ea\u30b9\u00b7\u30d5\u30c4\u30ca\u8af8\u5cf6\u306e\u9818\u571f"
        },
        "nld": {
            "common": "Wallis en Futuna",
            "official": "Grondgebied van de Wallis en Futuna"
        },
        "por": {
            "common": "Wallis e Futuna",
            "official": "Territ\u00f3rio das Ilhas Wallis e Futuna"
        },
        "rus": {
            "common": "\u0423\u043e\u043b\u043b\u0438\u0441 \u0438 \u0424\u0443\u0442\u0443\u043d\u0430",
            "official": "\u0422\u0435\u0440\u0440\u0438\u0442\u043e\u0440\u0438\u044f \u0423\u043e\u043b\u043b\u0438\u0441 \u0438 \u0424\u0443\u0442\u0443\u043d\u0430 \u043e\u0441\u0442\u0440\u043e\u0432\u0430"
        },
        "spa": {
            "common": "Wallis y Futuna",
            "official": "Territorio de las Islas Wallis y Futuna"
        }
    },
    "coordinate": {
        "latitude": -13.3,
        "longitude": -176.2
    }
}