{
    "_id": "WSM",
    "altSpellings": [
        "WS",
        "Independent State of Samoa",
        "Malo Sa\u02bboloto Tuto\u02bbatasi o S\u0101moa"
    ],
    "area": 2842,
    "borders": [],
    "callingCode": [
        "685"
    ],
    "capital": "Apia",
    "cca2": "WS",
    "cca3": "WSM",
    "ccn3": "882",
    "cioc": "SAM",
    "currency": [
        "WST"
    ],
    "demonym": "Samoan",
    "landlocked": false,
    "languages": {
        "eng": "English",
        "smo": "Samoan"
    },
    "latlng": [
        -13.58333333,
        -172.33333333
    ],
    "name": {
        "common": "Samoa",
        "native": {
            "eng": {
                "common": "Samoa",
                "official": "Independent State of Samoa"
            },
            "smo": {
                "common": "S\u0101moa",
                "official": "Malo Sa\u02bboloto Tuto\u02bbatasi o S\u0101moa"
            }
        },
        "official": "Independent State of Samoa"
    },
    "region": "Oceania",
    "subregion": "Polynesia",
    "tld": [
        ".ws"
    ],
    "translations": {
        "deu": {
            "common": "Samoa",
            "official": "Unabh\u00e4ngige Staat Samoa"
        },
        "fin": {
            "common": "Samoa",
            "official": "Samoan itsen\u00e4inen valtio"
        },
        "fra": {
            "common": "Samoa",
            "official": "\u00c9tat ind\u00e9pendant du Samoa"
        },
        "hrv": {
            "common": "Samoa",
            "official": "Nezavisna Dr\u017eava Samoa"
        },
        "ita": {
            "common": "Samoa",
            "official": "Stato indipendente di Samoa"
        },
        "jpn": {
            "common": "\u30b5\u30e2\u30a2",
            "official": "\u30b5\u30e2\u30a2\u72ec\u7acb\u56fd"
        },
        "nld": {
            "common": "Samoa",
            "official": "Onafhankelijke Staat Samoa"
        },
        "por": {
            "common": "Samoa",
            "official": "Estado Independente de Samoa"
        },
        "rus": {
            "common": "\u0421\u0430\u043c\u043e\u0430",
            "official": "\u041d\u0435\u0437\u0430\u0432\u0438\u0441\u0438\u043c\u043e\u0435 \u0413\u043e\u0441\u0443\u0434\u0430\u0440\u0441\u0442\u0432\u043e \u0421\u0430\u043c\u043e\u0430"
        },
        "spa": {
            "common": "Samoa",
            "official": "Estado Independiente de Samoa"
        }
    },
    "coordinate": {
        "latitude": -13.58333333,
        "longitude": -172.33333333
    }
}