{
    "_id": "YEM",
    "altSpellings": [
        "YE",
        "Yemeni Republic",
        "al-Jumh\u016briyyah al-Yamaniyyah"
    ],
    "area": 527968,
    "borders": [
        "OMN",
        "SAU"
    ],
    "callingCode": [
        "967"
    ],
    "capital": "Sana'a",
    "cca2": "YE",
    "cca3": "YEM",
    "ccn3": "887",
    "cioc": "YEM",
    "currency": [
        "YER"
    ],
    "demonym": "Yemeni",
    "landlocked": false,
    "languages": {
        "ara": "Arabic"
    },
    "latlng": [
        15,
        48
    ],
    "name": {
        "common": "Yemen",
        "native": {
            "ara": {
                "common": "\u0627\u0644\u064a\u064e\u0645\u064e\u0646",
                "official": "\u0627\u0644\u062c\u0645\u0647\u0648\u0631\u064a\u0629 \u0627\u0644\u064a\u0645\u0646\u064a\u0629"
            }
        },
        "official": "Republic of Yemen"
    },
    "region": "Asia",
    "subregion": "Western Asia",
    "tld": [
        ".ye"
    ],
    "translations": {
        "deu": {
            "common": "Jemen",
            "official": "Republik Jemen"
        },
        "fin": {
            "common": "Jemen",
            "official": "Jemenin tasavalta"
        },
        "fra": {
            "common": "Y\u00e9men",
            "official": "R\u00e9publique du Y\u00e9men"
        },
        "hrv": {
            "common": "Jemen",
            "official": "Republika Jemen"
        },
        "ita": {
            "common": "Yemen",
            "official": "Repubblica dello Yemen"
        },
        "jpn": {
            "common": "\u30a4\u30a8\u30e1\u30f3",
            "official": "\u30a4\u30a8\u30e1\u30f3\u5171\u548c\u56fd"
        },
        "nld": {
            "common": "Jemen",
            "official": "Republiek Jemen"
        },
        "por": {
            "common": "I\u00e9men",
            "official": "Rep\u00fablica do I\u00eamen"
        },
        "rus": {
            "common": "\u0419\u0435\u043c\u0435\u043d",
            "official": "\u0419\u0435\u043c\u0435\u043d\u0441\u043a\u0430\u044f \u0420\u0435\u0441\u043f\u0443\u0431\u043b\u0438\u043a\u0430"
        },
        "spa": {
            "common": "Yemen",
            "official": "Rep\u00fablica de Yemen"
        }
    },
    "coordinate": {
        "latitude": 15,
        "longitude": 48
    }
}