{
    "_id": "ZAF",
    "altSpellings": [
        "ZA",
        "RSA",
        "Suid-Afrika",
        "Republic of South Africa"
    ],
    "area": 1221037.0,
    "borders": [
        "BWA",
        "LSO",
        "MOZ",
        "NAM",
        "SWZ",
        "ZWE"
    ],
    "callingCode": [
        "27"
    ],
    "capital": "Pretoria",
    "cca2": "ZA",
    "cca3": "ZAF",
    "ccn3": "710",
    "cioc": "RSA",
    "currency": [
        "ZAR"
    ],
    "demonym": "South African",
    "landlocked": false,
    "languages": {
        "afr": "Afrikaans",
        "eng": "English",
        "nbl": "Southern Ndebele",
        "nso": "Northern Sotho",
        "sot": "Southern Sotho",
        "ssw": "Swazi",
        "tsn": "Tswana",
        "tso": "Tsonga",
        "ven": "Venda",
        "xho": "Xhosa",
        "zul": "Zulu"
    },
    "latlng": [
        -29,
        24
    ],
    "name": {
        "common": "South Africa",
        "native": {
            "afr": {
                "common": "South Africa",
                "official": "Republiek van Suid-Afrika"
            },
            "eng": {
                "common": "South Africa",
                "official": "Republic of South Africa"
            },
            "nbl": {
                "common": "Sewula Afrika",
                "official": "IRiphabliki yeSewula Afrika"
            },
            "nso": {
                "common": "Afrika-Borwa",
                "official": "Rephaboliki ya Afrika-Borwa "
            },
            "sot": {
                "common": "Afrika Borwa",
                "official": "Rephaboliki ya Afrika Borwa"
            },
            "ssw": {
                "common": "Ningizimu Afrika",
                "official": "IRiphabhulikhi yeNingizimu Afrika"
            },
            "tsn": {
                "common": "Aforika Borwa",
                "official": "Rephaboliki ya Aforika Borwa"
            },
            "tso": {
                "common": "Afrika Dzonga",
                "official": "Riphabliki ra Afrika Dzonga"
            },
            "ven": {
                "common": "Afurika Tshipembe",
                "official": "Riphabu\u1e3diki ya Afurika Tshipembe"
            },
            "xho": {
                "common": "Mzantsi Afrika",
                "official": "IRiphabliki yaseMzantsi Afrika"
            },
            "zul": {
                "common": "Ningizimu Afrika",
                "official": "IRiphabliki yaseNingizimu Afrika"
            }
        },
        "official": "Republic of South Africa"
    },
    "region": "Africa",
    "subregion": "Southern Africa",
    "tld": [
        ".za"
    ],
    "translations": {
        "deu": {
            "common": "Republik S\u00fcdafrika",
            "official": "Republik S\u00fcdafrika"
        },
        "fin": {
            "common": "Etel\u00e4-Afrikka",
            "official": "Etel\u00e4-Afrikan tasavalta"
        },
        "fra": {
            "common": "Afrique du Sud",
            "official": "R\u00e9publique d'Afrique du Sud"
        },
        "hrv": {
            "common": "Ju\u017enoafri\u010dka Republika",
            "official": "Ju\u017enoafri\u010dka Republika"
        },
        "ita": {
            "common": "Sud Africa",
            "official": "Repubblica del Sud Africa"
        },
        "jpn": {
            "common": "\u5357\u30a2\u30d5\u30ea\u30ab",
            "official": "\u5357\u30a2\u30d5\u30ea\u30ab\u5171\u548c\u56fd"
        },
        "nld": {
            "common": "Zuid-Afrika",
            "official": "Zuid -Afrika"
        },
        "por": {
            "common": "\u00c1frica do Sul",
            "official": "Rep\u00fablica da \u00c1frica do Sul"
        },
        "rus": {
            "common": "\u042e\u0436\u043d\u043e-\u0410\u0444\u0440\u0438\u043a\u0430\u043d\u0441\u043a\u0430\u044f \u0420\u0435\u0441\u043f\u0443\u0431\u043b\u0438\u043a\u0430",
            "official": "\u042e\u0436\u043d\u043e-\u0410\u0444\u0440\u0438\u043a\u0430\u043d\u0441\u043a\u0430\u044f \u0420\u0435\u0441\u043f\u0443\u0431\u043b\u0438\u043a\u0430"
        },
        "spa": {
            "common": "Rep\u00fablica de Sud\u00e1frica",
            "official": "Rep\u00fablica de Sud\u00e1frica"
        }
    },
    "coordinate": {
        "latitude": -29,
        "longitude": 24
    }
}