{
    "_id": "ZMB",
    "altSpellings": [
        "ZM",
        "Republic of Zambia"
    ],
    "area": 752612,
    "borders": [
        "AGO",
        "BWA",
        "COD",
        "MWI",
        "MOZ",
        "NAM",
        "TZA",
        "ZWE"
    ],
    "callingCode": [
        "260"
    ],
    "capital": "Lusaka",
    "cca2": "ZM",
    "cca3": "ZMB",
    "ccn3": "894",
    "cioc": "ZAM",
    "currency": [
        "ZMW"
    ],
    "demonym": "Zambian",
    "landlocked": true,
    "languages": {
        "eng": "English"
    },
    "latlng": [
        -15,
        30
    ],
    "name": {
        "common": "Zambia",
        "native": {
            "eng": {
                "common": "Zambia",
                "official": "Republic of Zambia"
            }
        },
        "official": "Republic of Zambia"
    },
    "region": "Africa",
    "subregion": "Eastern Africa",
    "tld": [
        ".zm"
    ],
    "translations": {
        "deu": {
            "common": "Sambia",
            "official": "Republik Sambia"
        },
        "fin": {
            "common": "Sambia",
            "official": "Sambian tasavalta"
        },
        "fra": {
            "common": "Zambie",
            "official": "R\u00e9publique de Zambie"
        },
        "hrv": {
            "common": "Zambija",
            "official": "Republika Zambija"
        },
        "ita": {
            "common": "Zambia",
            "official": "Repubblica di Zambia"
        },
        "jpn": {
            "common": "\u30b6\u30f3\u30d3\u30a2",
            "official": "\u30b6\u30f3\u30d3\u30a2\u5171\u548c\u56fd"
        },
        "nld": {
            "common": "Zambia",
            "official": "Republiek Zambia"
        },
        "por": {
            "common": "Z\u00e2mbia",
            "official": "Rep\u00fablica da Z\u00e2mbia"
        },
        "rus": {
            "common": "\u0417\u0430\u043c\u0431\u0438\u044f",
            "official": "\u0420\u0435\u0441\u043f\u0443\u0431\u043b\u0438\u043a\u0430 \u0417\u0430\u043c\u0431\u0438\u044f"
        },
        "spa": {
            "common": "Zambia",
            "official": "Rep\u00fablica de Zambia"
        }
    },
    "coordinate": {
        "latitude": -15,
        "longitude": 30
    }
}