{
    "_id": "ZWE",
    "altSpellings": [
        "ZW",
        "Republic of Zimbabwe"
    ],
    "area": 390757,
    "borders": [
        "BWA",
        "MOZ",
        "ZAF",
        "ZMB"
    ],
    "callingCode": [
        "263"
    ],
    "capital": "Harare",
    "cca2": "ZW",
    "cca3": "ZWE",
    "ccn3": "716",
    "cioc": "ZIM",
    "currency": [
        "ZWL"
    ],
    "demonym": "Zimbabwean",
    "landlocked": true,
    "languages": {
        "bwg": "Chibarwe",
        "eng": "English",
        "kck": "Kalanga",
        "khi": "Khoisan",
        "ndc": "Ndau",
        "nde": "Northern Ndebele",
        "nya": "Chewa",
        "sna": "Shona",
        "sot": "Sotho",
        "toi": "Tonga",
        "tsn": "Tswana",
        "tso": "Tsonga",
        "ven": "Venda",
        "xho": "Xhosa",
        "zib": "Zimbabwean Sign Language"
    },
    "latlng": [
        -20,
        30
    ],
    "name": {
        "common": "Zimbabwe",
        "native": {
            "bwg": {
                "common": "Zimbabwe",
                "official": "Republic of Zimbabwe"
            },
            "eng": {
                "common": "Zimbabwe",
                "official": "Republic of Zimbabwe"
            },
            "kck": {
                "common": "Zimbabwe",
                "official": "Republic of Zimbabwe"
            },
            "khi": {
                "common": "Zimbabwe",
                "official": "Republic of Zimbabwe"
            },
            "ndc": {
                "common": "Zimbabwe",
                "official": "Republic of Zimbabwe"
            },
            "nde": {
                "common": "Zimbabwe",
                "official": "Republic of Zimbabwe"
            },
            "nya": {
                "common": "Zimbabwe",
                "official": "Republic of Zimbabwe"
            },
            "sna": {
                "common": "Zimbabwe",
                "official": "Republic of Zimbabwe"
            },
            "sot": {
                "common": "Zimbabwe",
                "official": "Republic of Zimbabwe"
            },
            "toi": {
                "common": "Zimbabwe",
                "official": "Republic of Zimbabwe"
            },
            "tsn": {
                "common": "Zimbabwe",
                "official": "Republic of Zimbabwe"
            },
            "tso": {
                "common": "Zimbabwe",
                "official": "Republic of Zimbabwe"
            },
            "ven": {
                "common": "Zimbabwe",
                "official": "Republic of Zimbabwe"
            },
            "xho": {
                "common": "Zimbabwe",
                "official": "Republic of Zimbabwe"
            },
            "zib": {
                "common": "Zimbabwe",
                "official": "Republic of Zimbabwe"
            }
        },
        "official": "Republic of Zimbabwe"
    },
    "region": "Africa",
    "subregion": "Eastern Africa",
    "tld": [
        ".zw"
    ],
    "translations": {
        "deu": {
            "common": "Simbabwe",
            "official": "Republik Simbabwe"
        },
        "fin": {
            "common": "Zimbabwe",
            "official": "Zimbabwen tasavalta"
        },
        "fra": {
            "common": "Zimbabwe",
            "official": "R\u00e9publique du Zimbabwe"
        },
        "hrv": {
            "common": "Zimbabve",
            "official": "Republika Zimbabve"
        },
        "ita": {
            "common": "Zimbabwe",
            "official": "Repubblica dello Zimbabwe"
        },
        "jpn": {
            "common": "\u30b8\u30f3\u30d0\u30d6\u30a8",
            "official": "\u30b8\u30f3\u30d0\u30d6\u30a8\u5171\u548c\u56fd"
        },
        "nld": {
            "common": "Zimbabwe",
            "official": "Republiek Zimbabwe"
        },
        "por": {
            "common": "Zimbabwe",
            "official": "Rep\u00fablica do Zimbabwe"
        },
        "rus": {
            "common": "\u0417\u0438\u043c\u0431\u0430\u0431\u0432\u0435",
            "official": "\u0420\u0435\u0441\u043f\u0443\u0431\u043b\u0438\u043a\u0430 \u0417\u0438\u043c\u0431\u0430\u0431\u0432\u0435"
        },
        "spa": {
            "common": "Zimbabue",
            "official": "Rep\u00fablica de Zimbabwe"
        }
    },
    "coordinate": {
        "latitude": -20,
        "longitude": 30
    }
}